0,1,2,3,4,5,6
51.515755,51.520079,51.522109,51.520635,51.519710,51.519710,51.515755
51.520497,51.521020,51.517385,51.519232,51.519463,51.519463,51.520497
51.517746,51.516685,51.519617,51.519714,51.520336,51.520336,51.517746
46.368135,47.912991,47.915398,51.520427,51.519209,51.519209,46.368135
51.518743,51.518704,51.520999,51.519227,51.519679,51.519679,51.518743
51.518835,51.519960,51.519230,51.521583,51.519336,51.519336,51.518835
40.186133,48.428184,48.426665,51.520240,51.519596,51.519596,40.186133
51.518787,51.518973,51.520649,51.521745,51.519091,51.519091,51.518787
51.518703,51.518551,51.520825,51.520804,51.520671,51.520671,51.518703
51.519917,51.521115,51.519053,51.518865,51.519123,51.519123,51.519917
51.518807,51.516028,51.520645,51.519298,51.521331,51.521331,51.518807
51.518561,51.520443,51.519888,51.519419,51.520110,51.520110,51.518561
51.519703,51.519310,51.518199,51.519404,51.519116,51.519116,51.519703
51.518224,51.520935,51.516838,51.520215,51.520707,51.520707,51.518224
51.519100,51.515243,51.517840,51.519684,51.519481,51.519481,51.519100
51.518632,51.519101,51.520096,51.522119,51.520114,51.520114,51.518632
51.518716,51.519832,51.520216,51.520386,51.519899,51.519899,51.518716
51.518421,51.518955,51.520072,51.522307,51.518940,51.518940,51.518421
51.520114,51.520465,51.516913,51.517839,51.522240,51.522240,51.520114
51.518847,51.519880,51.520513,51.521697,51.517917,51.517917,51.518847
51.519133,51.518379,51.517773,51.522364,51.519478,51.519478,51.519133
51.518284,51.518320,51.522173,51.519228,51.522134,51.522134,51.518284
51.518168,51.518933,51.519353,51.522335,51.520308,51.520308,51.518168
51.518101,51.518439,51.519658,51.522018,51.519344,51.519344,51.518101
51.518454,51.520634,51.518460,51.520939,51.519258,51.519258,51.518454
51.518637,51.519311,51.521952,51.521367,51.520947,51.520947,51.518637
51.520365,51.518003,51.517579,51.520981,51.517397,51.517397,51.520365
51.516159,51.519082,51.519326,51.517731,51.518387,51.518387,51.516159
51.519033,51.521308,51.519393,51.519443,51.519087,51.519087,51.519033
51.518768,51.516426,51.519056,51.519759,51.521154,51.521154,51.518768
51.518849,51.515211,51.522715,51.519585,51.519771,51.519771,51.518849
51.519588,51.520928,51.518336,51.519613,51.517947,51.517947,51.519588
51.518585,51.521179,51.517532,51.520599,51.519519,51.519519,51.518585
51.518961,51.519471,51.520264,51.520819,51.519697,51.519697,51.518961
51.519155,51.513476,51.518903,51.520676,51.517994,51.517994,51.519155
51.516535,51.519733,51.518788,51.519747,51.522119,51.522119,51.516535
51.516513,51.519288,51.520648,51.519693,51.519085,51.519085,51.516513
51.520494,51.520077,51.521536,51.522126,51.519674,51.519674,51.520494
51.520564,51.519826,51.517700,51.520602,51.518186,51.518186,51.520564
51.517749,51.520806,51.521843,51.521914,51.520349,51.520349,51.517749
51.519690,51.516235,51.521075,51.521733,51.518885,51.518885,51.519690
51.515881,51.519427,51.518201,51.521547,51.519580,51.519580,51.515881
51.516042,51.519733,51.517709,51.519342,51.518872,51.518872,51.516042
51.520637,51.518077,51.520920,51.521741,51.520153,51.520153,51.520637
51.519528,51.516187,51.521703,51.521154,51.519329,51.519329,51.519528
51.518995,51.518223,51.518761,51.521581,51.519722,51.519722,51.518995
51.518539,51.515860,51.517824,51.520778,51.518383,51.518383,51.518539
51.518465,51.519323,51.518205,51.520398,51.517520,51.517520,51.518465
51.518720,51.515772,51.518519,51.520828,51.520815,51.520815,51.518720
51.518623,51.519662,51.519437,51.520424,51.519465,51.519465,51.518623
46.882857,47.912991,47.916178,51.521219,51.518193,51.518193,46.882857
51.518782,51.520175,51.517821,51.521187,51.519269,51.519269,51.518782
51.519982,51.517537,51.519584,51.522043,51.519131,51.519131,51.519982
51.517287,51.515706,51.520127,51.518413,51.520150,51.520150,51.517287
51.519892,51.520896,51.517861,51.520348,51.519340,51.519340,51.519892
51.519088,51.521138,51.519631,51.517527,51.519617,51.519617,51.519088
51.515858,51.521193,51.520136,51.521136,51.517489,51.517489,51.515858
51.520360,51.513866,51.517502,51.521966,51.520426,51.520426,51.520360
51.518649,51.519772,51.521144,51.518566,51.518422,51.518422,51.518649
51.518861,51.519566,51.522693,51.520242,51.521713,51.521713,51.518861
51.516944,51.520057,51.519767,51.521042,51.518146,51.518146,51.516944
51.519079,51.518266,51.519619,51.519705,51.520097,51.520097,51.519079
51.519496,51.521298,51.521784,51.521065,51.516624,51.516624,51.519496
51.519981,51.521280,51.518094,51.517340,51.518208,51.518208,51.519981
51.516967,51.519307,51.521533,51.519622,51.518311,51.518311,51.516967
51.519942,51.520935,51.517968,51.517491,51.516214,51.516214,51.519942
51.519967,51.516009,51.518522,51.519618,51.518142,51.518142,51.519967
51.518542,51.513166,51.521129,51.519042,51.519269,51.519269,51.518542
51.518634,51.518396,51.518833,51.522172,51.520068,51.520068,51.518634
51.520596,51.520776,51.519026,51.519463,51.520823,51.520823,51.520596
51.517126,51.521297,51.518909,51.521029,51.520714,51.520714,51.517126
51.518521,51.519323,51.521317,51.522402,51.519490,51.519490,51.518521
51.519310,51.518746,51.519192,51.522232,51.518635,51.518635,51.519310
51.519213,51.517888,51.520861,51.520158,51.519326,51.519326,51.519213
51.520383,51.519247,51.517759,51.519840,51.521567,51.521567,51.520383
51.518908,51.518654,51.520589,51.519588,51.519615,51.519615,51.518908
51.518100,51.520067,51.519156,51.519353,51.517820,51.517820,51.518100
51.518729,51.518167,51.517275,51.517284,51.518730,51.518730,51.518729
51.519753,51.515197,51.519867,51.521766,51.520384,51.520384,51.519753
51.520014,51.519227,51.519008,51.521902,51.518392,51.518392,51.520014
51.518978,51.519570,51.519790,51.522373,51.519273,51.519273,51.518978
51.516530,51.519152,51.518656,51.521803,51.518948,51.518948,51.516530
51.518379,51.521854,51.517462,51.517829,51.518908,51.518908,51.518379
51.518327,51.521157,51.520127,51.520188,51.519790,51.519790,51.518327
51.519103,51.519871,51.519210,51.522218,51.519193,51.519193,51.519103
51.518839,51.514298,51.521666,51.520045,51.520783,51.520783,51.518839
51.516632,51.519334,51.519866,51.519689,51.520242,51.520242,51.516632
51.519577,51.521160,51.519698,51.519493,51.517498,51.517498,51.519577
51.519044,51.517150,51.517653,51.521516,51.518215,51.518215,51.519044
51.520105,51.518886,51.521853,51.519030,51.519455,51.519455,51.520105
51.518846,51.514086,51.521999,51.522373,51.519181,51.519181,51.518846
51.516494,51.515467,51.516565,51.521886,51.519949,51.519949,51.516494
51.520069,51.516062,51.519291,51.517808,51.520472,51.520472,51.520069
51.516043,51.520826,51.519460,51.519235,51.518820,51.518820,51.516043
51.518064,51.521273,51.519997,51.517646,51.519737,51.519737,51.518064
51.518793,51.519977,51.518272,51.522355,51.519624,51.519624,51.518793
51.520470,51.514215,51.519251,51.517856,51.519442,51.519442,51.520470
51.520063,51.519330,51.519868,51.520178,51.518766,51.518766,51.520063
51.518415,51.516239,51.520021,51.519150,51.519738,51.519738,51.518415
51.520514,51.520049,51.519430,51.519062,51.522051,51.522051,51.520514
51.518148,51.519288,51.517854,51.521708,51.519472,51.519472,51.518148
51.518873,51.513729,51.516885,51.519796,51.519543,51.519543,51.518873
51.517525,51.518897,51.519991,51.519692,51.519146,51.519146,51.517525
51.519622,51.520524,51.519641,51.519616,51.519553,51.519553,51.519622
51.520306,51.519312,51.519485,51.521918,51.519049,51.519049,51.520306
51.519052,51.519914,51.522930,51.519651,51.521003,51.521003,51.519052
51.519631,51.519736,51.518339,51.519591,51.520069,51.520069,51.519631
51.519842,51.517830,51.522285,51.521849,51.521065,51.521065,51.519842
51.517922,51.520811,51.520950,51.518699,51.521074,51.521074,51.517922
51.518373,51.519433,51.518219,51.518380,51.520163,51.520163,51.518373
51.518026,51.520778,51.518615,51.519671,51.519668,51.519668,51.518026
51.520368,51.515852,51.518788,51.520832,51.519203,51.519203,51.520368
51.518721,51.513117,51.520468,51.519810,51.519970,51.519970,51.518721
51.518609,51.520170,51.521827,51.520639,51.519767,51.519767,51.518609
51.516470,51.514008,51.519711,51.520344,51.518231,51.518231,51.516470
51.516386,51.519389,51.519986,51.519700,51.521587,51.521587,51.516386
51.518162,51.519411,51.518109,51.519135,51.518014,51.518014,51.518162
51.518117,51.516780,51.518384,51.519113,51.517360,51.517360,51.518117
51.519783,51.517993,51.521766,51.520742,51.518965,51.518965,51.519783
51.516900,51.519401,51.519986,51.519753,51.518084,51.518084,51.516900
51.518734,51.516430,51.517967,51.520232,51.516527,51.516527,51.518734
51.518483,51.519279,51.521671,51.521781,51.516977,51.516977,51.518483
51.517144,51.518408,51.520176,51.521832,51.518914,51.518914,51.517144
51.518159,51.513951,51.521612,51.518890,51.519404,51.519404,51.518159
51.518396,51.516602,51.519475,51.521519,51.519525,51.519525,51.518396
51.519570,51.516802,51.519344,51.520058,51.519532,51.519532,51.519570
51.520480,51.515806,51.519464,51.520452,51.521790,51.521790,51.520480
51.520129,51.519080,51.521814,51.518687,51.517817,51.517817,51.520129
51.519959,51.521543,51.519496,51.519625,51.519579,51.519579,51.519959
51.519003,51.516032,51.519815,51.521942,51.519556,51.519556,51.519003
51.518752,51.519273,51.520728,51.521719,51.519190,51.519190,51.518752
51.517379,51.517864,51.519149,51.521875,51.519378,51.519378,51.517379
51.518983,51.519037,51.519407,51.518598,51.518768,51.518768,51.518983
51.519923,51.519022,51.521839,51.519487,51.520369,51.520369,51.519923
51.520136,51.513223,51.518026,51.519730,51.520414,51.520414,51.520136
51.518796,51.514109,51.519782,51.518517,51.519365,51.519365,51.518796
51.520580,51.520064,51.519277,51.520108,51.518900,51.518900,51.520580
51.518094,51.519618,51.517770,51.519846,51.520080,51.520080,51.518094
51.518563,51.519822,51.521509,51.518212,51.522019,51.522019,51.518563
51.519967,51.512868,51.519477,51.520898,51.519040,51.519040,51.519967
51.520018,51.515125,51.518132,51.521752,51.517628,51.517628,51.520018
51.518148,51.519631,51.517764,51.517526,51.522157,51.522157,51.518148
51.518724,51.515274,51.519386,51.520757,51.519201,51.519201,51.518724
51.519117,51.519721,51.516374,51.520782,51.520978,51.520978,51.519117
51.517391,51.518900,51.520903,51.522004,51.522616,51.522616,51.517391
51.520361,51.520373,51.517403,51.519102,51.519005,51.519005,51.520361
51.518874,51.520133,51.521807,51.518705,51.519193,51.519193,51.518874
51.519187,51.515574,51.517444,51.520219,51.517876,51.517876,51.519187
51.520070,51.520490,51.522891,51.518969,51.516391,51.516391,51.520070
51.519922,51.514506,51.516672,51.520812,51.517663,51.517663,51.519922
51.518169,51.519360,51.519468,51.520859,51.519660,51.519660,51.518169
51.519553,51.513107,51.520131,51.519654,51.519876,51.519876,51.519553
51.520602,51.519567,51.519711,51.520290,51.517709,51.517709,51.520602
51.517049,51.515714,51.520897,51.521245,51.519981,51.519981,51.517049
51.519800,51.519878,51.521786,51.521785,51.518330,51.518330,51.519800
51.519594,51.515653,51.520944,51.519617,51.518639,51.518639,51.519594
51.519252,51.516580,51.522166,51.519823,51.519557,51.519557,51.519252
51.519977,51.518059,51.521142,51.522250,51.519247,51.519247,51.519977
51.519703,51.517800,51.522627,51.519988,51.520191,51.520191,51.519703
51.519290,51.515639,51.519259,51.520826,51.519134,51.519134,51.519290
51.518718,51.519412,51.522095,51.519627,51.519565,51.519565,51.518718
51.518825,51.515912,51.521143,51.521225,51.519428,51.519428,51.518825
51.520183,51.520744,51.521370,51.520536,51.519663,51.519663,51.520183
51.518836,51.519165,51.518230,51.521872,51.518346,51.518346,51.518836
51.518193,51.520524,51.518860,51.519740,51.518143,51.518143,51.518193
51.519909,51.520026,51.517779,51.517874,51.519561,51.519561,51.519909
51.520732,51.519678,51.518218,51.518967,51.521150,51.521150,51.520732
51.519094,51.520158,51.519668,51.519573,51.519976,51.519976,51.519094
51.518692,51.519470,51.519475,51.519582,51.518781,51.518781,51.518692
51.518776,51.520227,51.519785,51.521151,51.520334,51.520334,51.518776
51.519906,51.518700,51.522482,51.522147,51.520872,51.520872,51.519906
51.519196,51.517926,51.518023,51.522403,51.519919,51.519919,51.519196
51.517625,51.521051,51.520070,51.520875,51.516488,51.516488,51.517625
51.518904,51.513087,51.519987,51.519151,51.516825,51.516825,51.518904
51.519628,51.521214,51.519429,51.521886,51.519725,51.519725,51.519628
51.515989,51.517528,51.518398,51.521830,51.519685,51.519685,51.515989
51.519939,51.521544,51.519852,51.520135,51.519257,51.519257,51.519939
51.520443,51.520333,51.519109,51.520858,51.517523,51.517523,51.520443
51.519491,51.516164,51.521422,51.519298,51.518101,51.518101,51.519491
51.518630,51.517841,51.521000,51.521880,51.519773,51.519773,51.518630
51.520752,51.519237,51.518505,51.522089,51.521731,51.521731,51.520752
51.517649,51.519297,51.519536,51.519072,51.518923,51.518923,51.517649
51.519927,51.519260,51.518603,51.522029,51.519470,51.519470,51.519927
51.518243,51.519376,51.518501,51.520663,51.520489,51.520489,51.518243
51.518743,51.516156,51.519445,51.520607,51.517450,51.517450,51.518743
51.516764,51.520765,51.521871,51.520490,51.517702,51.517702,51.516764
51.518688,51.520833,51.520045,51.520560,51.519889,51.519889,51.518688
51.519651,51.520308,51.520921,51.521718,51.520177,51.520177,51.519651
51.519181,51.519862,51.520037,51.522320,51.519643,51.519643,51.519181
51.516940,51.520635,51.522798,51.520544,51.520068,51.520068,51.516940
51.517896,51.518414,51.517572,51.519498,51.519082,51.519082,51.517896
51.520492,51.520244,51.517554,51.520822,51.519993,51.519993,51.520492
51.516845,51.519493,51.519519,51.519537,51.519819,51.519819,51.516845
51.516902,51.519309,51.522784,51.519994,51.519371,51.519371,51.516902
51.518601,51.520175,51.517543,51.520141,51.520136,51.520136,51.518601
51.519249,51.516135,51.516921,51.521255,51.519565,51.519565,51.519249
51.516700,51.515461,51.517528,51.519219,51.519489,51.519489,51.516700
51.518548,51.519123,51.522392,51.521365,51.520363,51.520363,51.518548
51.516982,51.518961,51.518884,51.521285,51.516904,51.516904,51.516982
51.518177,51.519468,51.521589,51.520593,51.520165,51.520165,51.518177
51.518740,51.519113,51.519252,51.520284,51.518702,51.518702,51.518740
51.518737,51.518865,51.521906,51.518161,51.520042,51.520042,51.518737
51.515793,51.518625,51.519502,51.519718,51.521569,51.521569,51.515793
51.519810,51.519110,51.518541,51.519971,51.518241,51.518241,51.519810
51.518707,51.517645,51.519115,51.521092,51.516442,51.516442,51.518707
51.518783,51.521150,51.521474,51.520903,51.516646,51.516646,51.518783
51.516083,51.519885,51.519207,51.520943,51.516630,51.516630,51.516083
51.518733,51.514257,51.517268,51.520705,51.518522,51.518522,51.518733
51.519937,51.519883,51.520900,51.520002,51.519448,51.519448,51.519937
51.519923,51.521676,51.518165,51.520721,51.519123,51.519123,51.519923
51.519928,51.520930,51.517094,51.519671,51.518122,51.518122,51.519928
51.518829,51.520544,51.519568,51.519253,51.520812,51.520812,51.518829
51.517468,51.519381,51.520992,51.519054,51.518046,51.518046,51.517468
51.518835,51.513628,51.517582,51.519130,51.518962,51.518962,51.518835
51.518708,51.519017,51.519626,51.522101,51.516840,51.516840,51.518708
51.517358,51.517936,51.522291,51.519716,51.520713,51.520713,51.517358
51.519540,51.519626,51.521385,51.519510,51.521854,51.521854,51.519540
51.518672,51.519951,51.519330,51.522280,51.519394,51.519394,51.518672
51.519835,51.519173,51.517480,51.519384,51.520187,51.520187,51.519835
51.516915,51.519415,51.519736,51.519701,51.519106,51.519106,51.516915
51.520609,51.516097,51.521907,51.521878,51.517251,51.517251,51.520609
51.519675,51.519333,51.519579,51.519738,51.518792,51.518792,51.519675
51.518560,51.520514,51.518897,51.520434,51.517457,51.517457,51.518560
51.519949,51.518376,51.521864,51.518777,51.518852,51.518852,51.519949
51.518812,51.519803,51.518317,51.520344,51.519466,51.519466,51.518812
51.518755,51.513630,51.518899,51.520505,51.521339,51.521339,51.518755
51.517660,51.516652,51.517110,51.519127,51.517825,51.517825,51.517660
51.518305,51.519103,51.518827,51.517081,51.521352,51.521352,51.518305
51.518467,51.521211,51.518739,51.520346,51.518796,51.518796,51.518467
51.518820,51.520947,51.519303,51.521933,51.519411,51.519411,51.518820
51.518763,51.517258,51.520452,51.519985,51.519453,51.519453,51.518763
51.518882,51.514173,51.521772,51.519321,51.519614,51.519614,51.518882
51.517030,51.519412,51.522074,51.519176,51.519709,51.519709,51.517030
51.518547,51.514064,51.517608,51.522048,51.519546,51.519546,51.518547
51.517477,51.520259,51.522395,51.519649,51.520343,51.520343,51.517477
51.519961,51.516376,51.521821,51.518929,51.522127,51.522127,51.519961
51.516959,51.519728,51.521646,51.522059,51.522156,51.522156,51.516959
51.518005,51.518099,51.522156,51.520121,51.517561,51.517561,51.518005
51.516212,51.518957,51.522121,51.519893,51.517933,51.517933,51.516212
51.518805,51.519376,51.519953,51.522311,51.516707,51.516707,51.518805
51.518925,51.520276,51.519225,51.519451,51.520060,51.520060,51.518925
51.515933,51.515033,51.521255,51.521489,51.519495,51.519495,51.515933
51.519742,51.519108,51.517982,51.518476,51.518041,51.518041,51.519742
51.518740,51.517700,51.519834,51.522379,51.519550,51.519550,51.518740
51.519971,51.515605,51.520716,51.519887,51.519047,51.519047,51.519971
51.518420,51.517513,51.518400,51.520298,51.520316,51.520316,51.518420
51.519847,51.519167,51.521583,51.522198,51.517064,51.517064,51.519847
51.520234,51.519988,51.516808,51.522227,51.519571,51.519571,51.520234
51.519321,51.521156,51.519353,51.520486,51.521848,51.521848,51.519321
51.519955,51.519581,51.519953,51.520729,51.519500,51.519500,51.519955
51.517263,51.519427,51.522354,51.521175,51.519455,51.519455,51.517263
51.519996,51.520617,51.517046,51.520293,51.519502,51.519502,51.519996
51.520534,51.521986,51.519383,51.518924,51.519390,51.519390,51.520534
51.519702,51.520966,51.518359,51.519969,51.516609,51.516609,51.519702
51.519709,51.519605,51.517391,51.520567,51.519277,51.519277,51.519709
51.518732,51.519364,51.521478,51.521696,51.519739,51.519739,51.518732
51.520379,51.520473,51.519961,51.519846,51.517326,51.517326,51.520379
51.520012,51.515795,51.521910,51.521664,51.519139,51.519139,51.520012
51.518523,51.513099,51.519022,51.521596,51.519324,51.519324,51.518523
51.518944,51.515354,51.518750,51.519967,51.519176,51.519176,51.518944
51.518693,51.520385,51.519568,51.519328,51.522232,51.522232,51.518693
51.518628,51.517526,51.519505,51.520642,51.519743,51.519743,51.518628
51.517742,51.520430,51.521764,51.519029,51.521787,51.521787,51.517742
51.519925,51.520553,51.519030,51.520383,51.516188,51.516188,51.519925
51.518781,51.517273,51.522678,51.520723,51.522657,51.522657,51.518781
51.516985,51.518987,51.521135,51.519419,51.518608,51.518608,51.516985
51.518780,51.518975,51.520654,51.518577,51.519603,51.519603,51.518780
51.519817,51.521041,51.521251,51.520100,51.519574,51.519574,51.519817
51.518036,51.520549,51.519218,51.517822,51.519080,51.519080,51.518036
51.520313,51.519634,51.517248,51.519289,51.519070,51.519070,51.520313
51.517209,51.518810,51.519553,51.519014,51.516885,51.516885,51.517209
51.517196,51.516656,51.518407,51.521587,51.517039,51.517039,51.517196
51.518044,51.520353,51.520114,51.521886,51.518965,51.518965,51.518044
51.518743,51.516122,51.519598,51.520594,51.519411,51.519411,51.518743
51.520015,51.519787,51.519350,51.519756,51.520937,51.520937,51.520015
51.518360,51.515366,51.518374,51.519775,51.518690,51.518690,51.518360
51.518281,51.520867,51.521995,51.519926,51.519620,51.519620,51.518281
51.519684,51.519495,51.519810,51.520130,51.520035,51.520035,51.519684
51.518285,51.514821,51.517958,51.519068,51.518236,51.518236,51.518285
51.518074,51.519972,51.517653,51.521367,51.516976,51.516976,51.518074
51.519684,51.513852,51.518623,51.519110,51.517396,51.517396,51.519684
51.519219,51.520816,51.521972,51.522242,51.518937,51.518937,51.519219
51.519973,51.521468,51.517880,51.521862,51.517418,51.517418,51.519973
51.518350,51.521287,51.519195,51.519386,51.519623,51.519623,51.518350
51.519019,51.520883,51.518123,51.519189,51.520465,51.520465,51.519019
51.519309,51.517128,51.517842,51.521163,51.517698,51.517698,51.519309
51.519867,51.519418,51.520642,51.519003,51.521331,51.521331,51.519867
51.518462,51.520313,51.518023,51.520840,51.519560,51.519560,51.518462
51.518752,51.519134,51.519134,51.517952,51.518917,51.518917,51.518752
51.516584,51.519417,51.519699,51.518428,51.519451,51.519451,51.516584
51.518394,51.519168,51.517804,51.519676,51.518349,51.518349,51.518394
51.519864,51.520816,51.521416,51.519166,51.519831,51.519831,51.519864
51.515819,51.519541,51.516181,51.520523,51.519939,51.519939,51.515819
51.519817,51.519452,51.522031,51.520630,51.518576,51.518576,51.519817
51.516610,51.520576,51.519449,51.520199,51.518352,51.518352,51.516610
51.517988,51.520105,51.519860,51.517817,51.520273,51.520273,51.517988
51.519308,51.517714,51.517935,51.521549,51.517465,51.517465,51.519308
51.518414,51.522201,51.518033,51.520779,51.520155,51.520155,51.518414
51.518184,51.512938,51.519141,51.519514,51.516939,51.516939,51.518184
51.517982,51.519113,51.517933,51.518950,51.518272,51.518272,51.517982
51.516686,51.519012,51.519558,51.520581,51.518489,51.518489,51.516686
51.519803,51.515426,51.521123,51.519545,51.518344,51.518344,51.519803
51.517390,51.520870,51.521923,51.521484,51.521641,51.521641,51.517390
51.517840,51.519249,51.519604,51.521681,51.518025,51.518025,51.517840
51.519090,51.519635,51.519117,51.520880,51.519394,51.519394,51.519090
51.516149,51.516998,51.516596,51.522036,51.518050,51.518050,51.516149
51.517066,51.516201,51.517441,51.520362,51.519823,51.519823,51.517066
51.520196,51.519548,51.521482,51.520040,51.521580,51.521580,51.520196
51.518758,51.518029,51.521714,51.522042,51.518441,51.518441,51.518758
51.518987,51.516399,51.520975,51.519684,51.520164,51.520164,51.518987
51.517354,51.519361,51.521434,51.520043,51.518134,51.518134,51.517354
51.520128,51.515615,51.521536,51.521440,51.519418,51.519418,51.520128
51.518878,51.521508,51.519063,51.520253,51.517015,51.517015,51.518878
51.520176,51.519172,51.518051,51.519746,51.519233,51.519233,51.520176
51.519771,51.519249,51.521037,51.519325,51.520407,51.520407,51.519771
51.519200,51.518560,51.521586,51.521046,51.517684,51.517684,51.519200
51.516621,51.521356,51.520411,51.520615,51.519717,51.519717,51.516621
51.517251,51.521186,51.521890,51.520359,51.519237,51.519237,51.517251
51.520031,51.521010,51.518762,51.520839,51.516476,51.516476,51.520031
51.517580,51.520674,51.518588,51.519691,51.519862,51.519862,51.517580
51.519006,51.515358,51.518470,51.519759,51.516679,51.516679,51.519006
51.516355,51.519320,51.518923,51.520360,51.520394,51.520394,51.516355
51.518054,51.517225,51.520013,51.521518,51.522039,51.522039,51.518054
51.516272,51.520158,51.519543,51.521771,51.520497,51.520497,51.516272
51.518207,51.516760,51.518875,51.521622,51.516600,51.516600,51.518207
51.519571,51.520108,51.521192,51.519297,51.520649,51.520649,51.519571
51.517190,51.519741,51.518181,51.520951,51.519769,51.519769,51.517190
51.519527,51.519457,51.521450,51.520824,51.516940,51.516940,51.519527
51.517100,51.518143,51.519018,51.520927,51.519357,51.519357,51.517100
51.519713,51.520992,51.520582,51.519582,51.519515,51.519515,51.519713
51.518045,51.520251,51.516459,51.521386,51.520514,51.520514,51.518045
51.520103,51.519373,51.517724,51.520988,51.521841,51.521841,51.520103
51.518829,51.518483,51.518563,51.520355,51.518067,51.518067,51.518829
51.519818,51.512936,51.520354,51.519631,51.520098,51.520098,51.519818
51.520304,51.515521,51.519009,51.520665,51.519983,51.519983,51.520304
51.518729,51.518932,51.517945,51.520847,51.516294,51.516294,51.518729
51.519932,51.520173,51.516486,51.518566,51.518312,51.518312,51.519932
51.517594,51.514134,51.517590,51.521038,51.518885,51.518885,51.517594
51.518345,51.519321,51.521832,51.521626,51.521821,51.521821,51.518345
51.520017,51.515555,51.517271,51.519324,51.519523,51.519523,51.520017
51.518723,51.520683,51.518275,51.521708,51.520144,51.520144,51.518723
51.519148,51.518252,51.522473,51.519775,51.522488,51.522488,51.519148
51.516321,51.514796,51.516514,51.519619,51.518387,51.518387,51.516321
51.519241,51.520387,51.517715,51.518952,51.518257,51.518257,51.519241
51.518730,51.513861,51.518253,51.521589,51.522113,51.522113,51.518730
51.520060,51.519866,51.519614,51.519708,51.519210,51.519210,51.520060
51.520214,51.519339,51.519236,51.518946,51.519652,51.519652,51.520214
51.518767,51.518506,51.520947,51.519083,51.519685,51.519685,51.518767
51.519310,51.513090,51.519409,51.520738,51.519403,51.519403,51.519310
51.520155,51.515190,51.522113,51.520686,51.519055,51.519055,51.520155
51.520272,51.514487,51.517332,51.521278,51.518467,51.518467,51.520272
51.518463,51.516481,51.519021,51.521834,51.519756,51.519756,51.518463
51.519615,51.521417,51.517079,51.518959,51.518305,51.518305,51.519615
51.520626,51.519109,51.521395,51.522110,51.519295,51.519295,51.520626
51.519312,51.515085,51.517469,51.520466,51.520013,51.520013,51.519312
51.520053,51.513533,51.518339,51.521827,51.520948,51.520948,51.520053
51.519542,51.520224,51.522446,51.519688,51.519556,51.519556,51.519542
51.515948,51.518470,51.517729,51.522153,51.516489,51.516489,51.515948
51.520292,51.520656,51.515874,51.518098,51.522608,51.522608,51.520292
51.518614,51.513327,51.518425,51.521503,51.518261,51.518261,51.518614
51.520493,51.521980,51.519147,51.522180,51.522348,51.522348,51.520493
51.519083,51.519236,51.521430,51.521211,51.517806,51.517806,51.519083
51.517589,51.519153,51.519284,51.519147,51.517765,51.517765,51.517589
51.517801,51.513850,51.519669,51.520111,51.519700,51.519700,51.517801
51.516312,51.513535,51.517662,51.522166,51.517629,51.517629,51.516312
51.518669,51.518540,51.521524,51.522380,51.519406,51.519406,51.518669
51.520203,51.513951,51.518055,51.521656,51.520840,51.520840,51.520203
51.516413,51.516358,51.519536,51.521167,51.519107,51.519107,51.516413
51.519009,51.520731,51.518162,51.522128,51.519297,51.519297,51.519009
51.517994,51.515313,51.520309,51.521957,51.520790,51.520790,51.517994
51.518904,51.519561,51.521398,51.521604,51.520508,51.520508,51.518904
51.518072,51.515714,51.518229,51.519988,51.521109,51.521109,51.518072
51.518996,51.519242,51.522317,51.519740,51.518678,51.518678,51.518996
51.519967,51.519751,51.520063,51.522207,51.520117,51.520117,51.519967
51.520210,51.519247,51.519916,51.520558,51.519653,51.519653,51.520210
51.520540,51.519827,51.517065,51.519686,51.517370,51.517370,51.520540
51.516344,51.515633,51.518491,51.521857,51.520043,51.520043,51.516344
51.519280,51.519068,51.517840,51.519824,51.519351,51.519351,51.519280
51.519038,51.520845,51.519695,51.521927,51.520354,51.520354,51.519038
51.520774,51.520849,51.518385,51.522095,51.517148,51.517148,51.520774
51.519096,51.520343,51.517884,51.520631,51.518265,51.518265,51.519096
51.518364,51.515425,51.520842,51.520501,51.518505,51.518505,51.518364
51.520461,51.519386,51.521920,51.519470,51.520680,51.520680,51.520461
51.520458,51.520855,51.519186,51.522204,51.519849,51.519849,51.520458
51.515764,51.519102,51.519787,51.522022,51.519196,51.519196,51.515764
51.519703,51.513047,51.519488,51.520479,51.520360,51.520360,51.519703
51.520331,51.519755,51.518896,51.519296,51.517754,51.517754,51.520331
51.520051,51.519002,51.516516,51.520676,51.520575,51.520575,51.520051
51.516605,51.520664,51.518532,51.520375,51.519442,51.519442,51.516605
51.515883,51.519832,51.521405,51.521033,51.518008,51.518008,51.515883
51.518538,51.519018,51.521153,51.521927,51.517435,51.517435,51.518538
51.520292,51.519563,51.522860,51.521944,51.518443,51.518443,51.520292
51.519988,51.518973,51.519045,51.518452,51.519517,51.519517,51.519988
51.518711,51.519421,51.519247,51.521783,51.522100,51.522100,51.518711
51.519583,51.515789,51.520007,51.522055,51.518009,51.518009,51.519583
51.516035,51.518578,51.522118,51.521480,51.517715,51.517715,51.516035
51.519912,51.518951,51.521670,51.519966,51.521105,51.521105,51.519912
51.520594,51.519549,51.519140,51.518386,51.518891,51.518891,51.520594
51.519604,51.514317,51.519970,51.519061,51.520469,51.520469,51.519604
51.519942,51.519188,51.521662,51.518506,51.519878,51.519878,51.519942
51.520385,51.519744,51.518857,51.521159,51.519542,51.519542,51.520385
51.520608,51.520149,51.517851,51.518175,51.520356,51.520356,51.520608
51.519445,51.515874,51.517942,51.521719,51.517491,51.517491,51.519445
51.519071,51.519159,51.523023,51.520724,51.519646,51.519646,51.519071
51.517179,51.520542,51.522185,51.519212,51.519447,51.519447,51.517179
51.519119,51.517605,51.521762,51.520521,51.521812,51.521812,51.519119
51.515935,51.519350,51.518373,51.520224,51.520461,51.520461,51.515935
51.519963,51.520172,51.522050,51.519495,51.519974,51.519974,51.519963
51.518016,51.518729,51.520613,51.521748,51.516545,51.516545,51.518016
51.520150,51.514570,51.519703,51.520023,51.520142,51.520142,51.520150
51.518859,51.515145,51.521706,51.521454,51.517346,51.517346,51.518859
51.520049,51.515720,51.522124,51.519421,51.518101,51.518101,51.520049
51.517506,51.518942,51.520413,51.519744,51.519474,51.519474,51.517506
51.518009,51.518050,51.519394,51.522132,51.519392,51.519392,51.518009
51.518871,51.515198,51.519327,51.522033,51.521018,51.521018,51.518871
51.518176,51.513979,51.518023,51.518123,51.517008,51.517008,51.518176
51.518811,51.513617,51.519388,51.519590,51.520293,51.520293,51.518811
51.516219,51.516706,51.518130,51.520769,51.519424,51.519424,51.516219
51.518745,51.521347,51.519902,51.519816,51.522436,51.522436,51.518745
51.518018,51.516132,51.520383,51.517420,51.520308,51.520308,51.518018
51.516380,51.519550,51.521569,51.519604,51.520554,51.520554,51.516380
0.000000,51.515508,51.522993,51.522286,51.518427,51.518427,0.000000
0.000000,51.518965,51.518600,51.521658,51.519512,51.519512,0.000000
0.000000,51.519004,51.519800,51.521645,51.520183,51.520183,0.000000
0.000000,51.521078,51.520851,51.520017,51.517703,51.517703,0.000000
0.000000,51.513174,51.523164,51.521653,51.518063,51.518063,0.000000
0.000000,51.520100,51.519107,51.519634,51.518990,51.518990,0.000000
0.000000,51.520133,51.001625,51.520973,51.519497,51.519497,0.000000
0.000000,51.518898,51.518077,51.522077,51.520606,51.520606,0.000000
0.000000,51.516062,51.518194,51.521980,51.519270,51.519270,0.000000
0.000000,51.513482,51.522659,51.519914,51.521934,51.521934,0.000000
0.000000,51.519903,51.517916,51.518837,51.519120,51.519120,0.000000
0.000000,51.521319,51.522705,51.521416,51.518064,51.518064,0.000000
0.000000,51.519163,51.519327,51.519760,51.520319,51.520319,0.000000
0.000000,51.518291,51.519205,51.520703,51.519137,51.519137,0.000000
0.000000,51.519846,51.522626,51.521104,51.519589,51.519589,0.000000
0.000000,51.514692,51.518956,51.521650,51.521757,51.521757,0.000000
0.000000,51.519200,51.006957,51.521611,51.519587,51.519587,0.000000
0.000000,51.519321,51.520368,51.520802,51.519403,51.519403,0.000000
0.000000,51.514326,51.517883,51.520318,51.518874,51.518874,0.000000
0.000000,51.515418,48.943820,51.519723,51.519488,51.519488,0.000000
0.000000,51.518514,51.520049,51.520663,51.520314,51.520314,0.000000
0.000000,51.513908,51.002509,51.520761,51.519835,51.519835,0.000000
0.000000,51.518959,51.519169,51.517573,51.520997,51.520997,0.000000
0.000000,51.518863,51.516627,51.520214,51.521716,51.521716,0.000000
0.000000,51.519873,51.519225,51.520596,51.519290,51.519290,0.000000
0.000000,51.519936,51.518034,51.518995,51.516812,51.516812,0.000000
0.000000,51.519319,51.521048,51.521098,51.521766,51.521766,0.000000
0.000000,51.519883,51.517867,51.520565,51.517750,51.517750,0.000000
0.000000,51.517981,51.518594,51.519113,51.517108,51.517108,0.000000
0.000000,51.514387,51.517438,51.521806,51.521411,51.521411,0.000000
0.000000,51.516569,51.520152,51.519621,51.519268,51.519268,0.000000
0.000000,51.519717,48.942026,51.519938,51.519382,51.519382,0.000000
0.000000,51.519661,46.367881,51.521507,51.518668,51.518668,0.000000
1.545595,48.943378,48.943869,51.520596,51.520488,51.520488,1.545595
0.000000,51.515688,51.522634,51.521476,51.519773,51.519773,0.000000
0.000000,51.518711,51.519281,51.521932,51.517100,51.517100,0.000000
0.000000,51.518345,51.523279,51.520874,51.521156,51.521156,0.000000
0.000000,51.514569,51.522183,51.521505,51.519348,51.519348,0.000000
0.000000,51.519512,51.517922,51.519264,51.517382,51.517382,0.000000
0.000000,51.520487,51.517756,51.518709,51.517915,51.517915,0.000000
0.000000,51.518717,44.306706,51.517500,51.520434,51.520434,0.000000
0.000000,51.519844,51.007952,51.520891,51.518819,51.518819,0.000000
0.000000,51.519119,51.522035,51.521583,51.517493,51.517493,0.000000
0.000000,51.518367,51.519274,51.520117,51.520528,51.520528,0.000000
0.000000,51.518375,51.523015,51.520494,51.520180,51.520180,0.000000
0.000000,51.520006,51.519257,51.520515,51.519539,51.519539,0.000000
0.000000,51.519094,49.460095,51.522172,51.519884,51.519884,0.000000
0.000000,51.520691,51.523209,51.521698,51.520038,51.520038,0.000000
0.000000,51.519014,51.520772,51.522093,51.518657,51.518657,0.000000
0.000000,51.518989,51.522030,51.518130,51.519209,51.519209,0.000000
0.000000,51.519527,51.521126,51.522230,51.519677,51.519677,0.000000
0.000000,51.520987,51.519078,51.519766,51.517296,51.517296,0.000000
0.000000,51.519197,51.517854,51.519614,51.520161,51.520161,0.000000
0.000000,51.520690,51.518732,51.519531,51.519789,51.519789,0.000000
0.000000,51.519768,51.522327,51.520655,51.517481,51.517481,0.000000
0.000000,51.519178,48.942201,51.522135,51.519558,51.519558,0.000000
0.000000,51.519328,51.520504,51.519536,51.517744,51.517744,0.000000
0.000000,51.520280,51.520320,51.521666,51.519639,51.519639,0.000000
0.000000,51.518184,51.518252,51.522332,51.520176,51.520176,0.000000
0.000000,51.519276,51.519769,51.519258,51.519576,51.519576,0.000000
0.000000,51.515038,51.517900,51.518784,51.521097,51.521097,0.000000
0.000000,51.521328,51.522070,51.519843,51.516950,51.516950,0.000000
0.000000,51.517935,49.972006,51.521951,51.518656,51.518656,0.000000
0.000000,51.514267,51.520894,51.519233,51.519527,51.519527,0.000000
0.000000,51.518555,49.976702,51.521531,51.519500,51.519500,0.000000
0.000000,51.519584,51.521643,51.521584,51.517109,51.517109,0.000000
0.000000,51.521131,51.519390,51.519907,51.518175,51.518175,0.000000
0.000000,51.518991,51.519453,51.520412,51.519281,51.519281,0.000000
1.030402,49.458571,49.459072,51.520310,51.521815,51.521815,1.030402
0.000000,51.519279,51.517102,51.519904,51.519511,51.519511,0.000000
0.000000,51.518155,51.517978,51.517674,51.520254,51.520254,0.000000
0.000000,51.513733,51.521845,51.519779,51.518650,51.518650,0.000000
0.000000,51.515465,51.518182,51.521758,51.520029,51.520029,0.000000
0.000000,51.520154,51.518944,51.520843,51.519155,51.519155,0.000000
0.000000,51.518680,51.521691,51.519426,51.520168,51.520168,0.000000
0.000000,51.518795,51.519256,51.518861,51.520614,51.520614,0.000000
0.000000,51.520882,51.002211,51.519588,51.521549,51.521549,0.000000
0.000000,51.515514,51.519387,51.520149,51.520158,51.520158,0.000000
0.000000,51.514329,51.517830,51.517379,51.516391,51.516391,0.000000
0.000000,51.514640,51.522783,51.522098,51.521210,51.521210,0.000000
0.000000,51.519898,51.519910,51.521021,51.517294,51.517294,0.000000
0.000000,51.515974,51.523268,51.519726,51.519504,51.519504,0.000000
0.000000,51.519542,51.518650,51.519785,51.516727,51.516727,0.000000
0.000000,51.519059,51.522342,51.521754,51.519377,51.519377,0.000000
0.000000,51.516716,51.520793,51.522235,51.521146,51.521146,0.000000
0.000000,51.513767,51.520314,51.518991,51.520262,51.520262,0.000000
0.000000,51.521421,51.516701,51.521763,51.519996,51.519996,0.000000
0.000000,51.517774,51.521436,51.519967,51.517892,51.517892,0.000000
0.000000,51.519173,51.520797,51.520687,51.520031,51.520031,0.000000
0.000000,51.519765,51.003737,51.522104,51.517606,51.517606,0.000000
0.000000,51.521011,51.518113,51.522128,51.522516,51.522516,0.000000
0.000000,51.520522,51.522130,51.521491,51.521746,51.521746,0.000000
0.000000,51.518501,51.521234,51.521797,51.518031,51.518031,0.000000
0.000000,51.519590,51.522933,51.521167,51.519963,51.519963,0.000000
0.000000,51.518607,51.521634,51.517723,51.520832,51.520832,0.000000
0.000000,51.520456,51.520865,51.520680,51.521405,51.521405,0.000000
0.000000,51.519857,51.518727,51.519594,51.516841,51.516841,0.000000
0.000000,51.518263,51.517690,51.520765,51.520903,51.520903,0.000000
0.000000,51.519038,51.003500,51.521109,51.517379,51.517379,0.000000
0.000000,51.518840,51.519830,51.519376,51.519110,51.519110,0.000000
0.000000,51.518633,51.002185,51.521465,51.518957,51.518957,0.000000
0.000000,51.520543,51.517083,51.522050,51.520468,51.520468,0.000000
0.000000,51.517293,51.521742,51.519896,51.519480,51.519480,0.000000
0.000000,51.519793,51.007357,51.520819,51.518137,51.518137,0.000000
0.000000,51.514196,49.457862,51.520578,51.519740,51.519740,0.000000
0.000000,51.520732,51.003816,51.519612,51.519265,51.519265,0.000000
0.000000,51.518758,51.520111,51.519646,51.519338,51.519338,0.000000
0.000000,51.519272,51.520717,51.522030,51.519373,51.519373,0.000000
0.000000,51.515895,51.519190,51.520960,51.518271,51.518271,0.000000
0.000000,51.513934,51.522874,51.520362,51.519334,51.519334,0.000000
5.151977,48.943378,48.942366,51.521666,51.519731,51.519731,5.151977
0.000000,51.515842,51.519280,51.521699,51.522112,51.522112,0.000000
0.000000,51.519881,51.519089,51.521696,51.519284,51.519284,0.000000
0.000000,51.520415,51.517215,51.522039,51.519114,51.519114,0.000000
0.000000,51.519183,49.457609,51.520044,51.519447,51.519447,0.000000
0.000000,51.522020,51.521608,51.517648,51.519112,51.519112,0.000000
0.000000,51.519827,51.522159,51.520997,51.519445,51.519445,0.000000
0.000000,51.517549,51.518445,51.519253,51.517514,51.517514,0.000000
0.000000,51.519927,51.522788,51.520003,51.517950,51.517950,0.000000
0.000000,51.514631,51.522164,51.519713,51.519432,51.519432,0.000000
0.000000,51.518928,51.518331,51.521335,51.522442,51.522442,0.000000
0.000000,51.516936,51.523087,51.520936,51.517615,51.517615,0.000000
0.000000,51.518966,51.522435,51.519971,51.516773,51.516773,0.000000
6.697613,41.730669,41.729250,51.517819,51.519245,51.519245,6.697613
0.000000,51.520072,44.307233,51.519875,51.519214,51.519214,0.000000
0.000000,51.519481,51.517653,51.522172,51.520185,51.520185,0.000000
0.000000,51.518588,51.522407,51.522250,51.519066,51.519066,0.000000
0.000000,51.521042,51.520119,51.521195,51.517812,51.517812,0.000000
0.000000,51.516109,51.522948,51.522315,51.516739,51.516739,0.000000
0.000000,51.519461,47.396181,51.521644,51.518630,51.518630,0.000000
0.000000,51.520755,51.519252,51.521931,51.518540,51.518540,0.000000
0.000000,51.518290,51.520870,51.520307,51.517421,51.517421,0.000000
0.000000,51.518214,51.519059,51.519933,51.519515,51.519515,0.000000
0.000000,51.520531,51.518255,51.517559,51.519505,51.519505,0.000000
0.000000,51.518712,51.007807,51.522213,51.516980,51.516980,0.000000
0.000000,51.519215,51.517433,51.521885,51.521572,51.521572,0.000000
0.000000,51.518557,50.487234,51.520081,51.517913,51.517913,0.000000
0.000000,51.514041,51.518447,51.518611,51.520367,51.520367,0.000000
0.000000,51.520459,51.002179,51.522103,51.520316,51.520316,0.000000
0.000000,51.517260,50.488430,51.520457,51.518825,51.518825,0.000000
0.000000,51.518973,51.522795,51.518077,51.516545,51.516545,0.000000
0.000000,51.520695,51.520557,51.519450,51.518951,51.518951,0.000000
0.000000,51.519527,0.000000,51.517957,51.518549,51.518549,0.000000
0.000000,51.515659,1.030411,51.520883,51.519202,51.519202,0.000000
0.000000,51.513523,0.515215,51.521829,51.516799,51.516799,0.000000
0.000000,51.513661,2.576003,51.517868,51.519538,51.519538,0.000000
0.000000,51.514713,1.030399,51.520117,51.519234,51.519234,0.000000
0.000000,51.513667,1.545577,51.519120,51.519427,51.519427,0.000000
0.000000,51.513961,2.576058,51.520582,51.518293,51.518293,0.000000
0.000000,51.513715,1.030472,51.521712,51.518912,51.518912,0.000000
0.000000,51.518976,0.000000,51.519913,51.518370,51.518370,0.000000
0.000000,51.519489,1.030354,51.520579,51.518873,51.518873,0.000000
0.000000,51.517551,2.575964,51.521407,51.518812,51.518812,0.000000
0.000000,51.520125,2.060780,51.517844,51.518665,51.518665,0.000000
0.000000,51.518705,1.545560,51.519475,51.518157,51.518157,0.000000
0.000000,51.514548,2.575967,51.520462,51.519174,51.519174,0.000000
0.000000,51.515800,0.000000,51.518124,51.519404,51.519404,0.000000
0.000000,51.518101,3.091194,51.519662,51.519411,51.519411,0.000000
0.000000,51.515455,0.515193,51.521265,51.519499,51.519499,0.000000
0.000000,51.519085,0.000000,51.519607,51.518593,51.518593,0.000000
0.000000,51.519665,1.030359,51.519859,51.520607,51.520607,0.000000
0.000000,51.517655,0.515193,51.519216,51.519419,51.519419,0.000000
0.000000,51.518347,2.576024,51.520521,51.518460,51.518460,0.000000
0.000000,51.518599,0.515151,51.521761,51.519257,51.519257,0.000000
0.000000,51.518990,2.575961,51.519682,51.518469,51.518469,0.000000
0.000000,51.518982,1.545609,51.521649,51.516592,51.516592,0.000000
0.000000,0.000000,0.000000,51.522184,51.519032,51.519032,0.000000
0.515193,0.515193,0.515232,51.519031,51.518568,51.518568,0.515193
0.515193,0.515193,0.515232,51.518257,51.518569,51.518569,0.515193
0.000000,0.000000,0.000000,51.519654,51.516287,51.516287,0.000000
0.000000,0.000000,0.000000,51.517175,51.521655,51.521655,0.000000
0.000000,0.000000,0.000000,51.517558,51.516606,51.516606,0.000000
0.000000,0.000000,0.000000,51.519658,51.519020,51.519020,0.000000
0.000000,0.000000,0.000000,51.520713,51.517224,51.517224,0.000000
0.000000,0.000000,0.000000,51.522309,51.516860,51.516860,0.000000
0.000000,0.515193,0.515202,51.519877,51.518137,51.518137,0.000000
0.000000,0.000000,0.000000,51.520832,51.520882,51.520882,0.000000
0.000000,0.000000,0.000000,51.520949,51.517631,51.517631,0.000000
0.000000,0.000000,0.000000,51.519653,51.516653,51.516653,0.000000
0.000000,0.000000,0.000000,51.519640,51.519289,51.519289,0.000000
0.000000,0.000000,0.000000,51.520268,51.518252,51.518252,0.000000
0.000000,0.000000,0.000000,51.522294,51.517779,51.517779,0.000000
0.000000,0.000000,0.000000,51.521979,51.519167,51.519167,0.000000
0.000000,0.000000,0.000000,51.519667,51.518330,51.518330,0.000000
0.000000,0.000000,0.000000,51.520979,51.519131,51.519131,0.000000
0.000000,0.000000,0.000000,51.519478,51.518861,51.518861,0.000000
0.000000,0.000000,0.000000,51.522221,51.518255,51.518255,0.000000
0.000000,0.515193,0.515201,51.521141,51.517156,51.517156,0.000000
0.000000,0.000000,0.000000,51.522438,51.515304,51.515304,0.000000
0.000000,0.000000,0.000000,51.520610,51.517856,51.517856,0.000000
0.000000,0.000000,0.000000,51.517939,51.515735,51.515735,0.000000
0.000000,0.000000,0.000000,51.522409,51.515372,51.515372,0.000000
0.000000,0.000000,0.000000,51.522306,51.521123,51.521123,0.000000
0.000000,0.000000,0.000000,51.522274,51.517484,51.517484,0.000000
0.000000,0.000000,0.000000,51.519510,51.516320,51.516320,0.000000
0.000000,0.000000,0.000000,51.518636,51.520067,51.520067,0.000000
0.000000,0.000000,0.000000,51.521546,51.519799,51.519799,0.000000
0.000000,0.000000,0.000000,0.000000,51.520984,51.520984,0.000000
0.000000,0.000000,0.000000,0.000000,51.515683,51.515683,0.000000
0.000000,0.000000,0.000000,0.000000,51.518257,51.518257,0.000000
0.000000,0.000000,0.000000,0.000000,51.516595,51.516595,0.000000
0.000000,0.000000,0.000000,0.000000,51.522097,51.522097,0.000000
0.000000,0.000000,0.000000,0.000000,51.517705,51.517705,0.000000
0.000000,0.000000,0.000000,0.000000,51.519537,51.519537,0.000000
0.000000,0.000000,0.000000,0.000000,51.523158,51.523158,0.000000
0.000000,0.000000,0.000000,0.000000,51.519518,51.519518,0.000000
0.000000,0.000000,0.000000,0.000000,51.519810,51.519810,0.000000
0.000000,0.000000,0.000000,0.000000,51.518863,51.518863,0.000000
0.000000,0.000000,0.000000,0.000000,51.519833,51.519833,0.000000
0.000000,0.000000,0.000000,0.000000,51.519549,51.519549,0.000000
0.000000,0.000000,0.000000,0.000000,51.519833,51.519833,0.000000
0.000000,0.000000,0.000000,0.000000,51.521182,51.521182,0.000000
0.000000,0.000000,0.000000,0.000000,51.520773,51.520773,0.000000
0.000000,0.000000,0.000000,0.000000,51.516915,51.516915,0.000000
0.000000,0.000000,0.000000,0.000000,51.518580,51.518580,0.000000
0.000000,0.000000,0.000000,0.000000,51.519549,51.519549,0.000000
0.000000,0.000000,0.000000,0.000000,51.515203,51.515203,0.000000
0.000000,0.000000,0.000000,0.000000,51.516202,51.516202,0.000000
0.000000,0.000000,0.000000,0.000000,51.520859,51.520859,0.000000
0.000000,0.000000,0.000000,0.000000,51.519731,51.519731,0.000000
0.000000,0.000000,0.000000,0.000000,51.522097,51.522097,0.000000
0.000000,0.000000,0.000000,0.000000,51.518580,51.518580,0.000000
0.000000,0.000000,0.000000,0.000000,51.519168,51.519168,0.000000
0.000000,0.000000,0.000000,0.000000,51.518509,51.518509,0.000000
0.000000,0.000000,0.000000,0.000000,51.523029,51.523029,0.000000
0.000000,0.000000,0.000000,0.000000,51.520773,51.520773,0.000000
0.000000,0.000000,0.000000,0.000000,51.521519,51.521519,0.000000
0.000000,0.000000,0.000000,0.000000,51.519549,51.519549,0.000000
0.000000,0.000000,0.000000,0.000000,51.519515,51.519515,0.000000
0.000000,0.000000,0.000000,0.000000,51.514776,51.514776,0.000000
0.000000,0.000000,0.000000,0.000000,51.522458,51.522458,0.000000
0.000000,0.000000,0.000000,0.000000,51.519549,51.519549,0.000000
0.000000,0.000000,0.000000,0.000000,51.518946,51.518946,0.000000
0.000000,0.000000,0.000000,0.000000,51.517744,51.517744,0.000000
0.000000,0.000000,0.000000,0.000000,51.519549,51.519549,0.000000
0.000000,0.000000,0.000000,0.000000,51.519522,51.519522,0.000000
0.000000,0.000000,0.000000,0.000000,51.515728,51.515728,0.000000
0.000000,0.000000,0.000000,0.000000,51.521022,51.521022,0.000000
0.000000,0.000000,0.000000,0.000000,51.519523,51.519523,0.000000
0.000000,0.000000,0.000000,0.000000,51.516917,51.516917,0.000000
0.000000,0.000000,0.000000,0.000000,51.519523,51.519523,0.000000
0.000000,0.000000,0.000000,0.000000,51.518218,51.518218,0.000000
0.000000,0.000000,0.000000,0.000000,51.519525,51.519525,0.000000
0.000000,0.000000,0.000000,0.000000,51.522270,51.522270,0.000000
0.000000,0.000000,0.000000,0.000000,51.521230,51.521230,0.000000
0.000000,0.000000,0.000000,0.000000,51.520773,51.520773,0.000000
0.000000,0.000000,0.000000,0.000000,51.519569,51.519569,0.000000
0.000000,0.000000,0.000000,0.000000,51.518733,51.518733,0.000000
0.000000,0.000000,0.000000,0.000000,51.521180,51.521180,0.000000
0.000000,0.000000,0.000000,0.000000,51.518164,51.518164,0.000000
0.000000,0.000000,0.000000,0.000000,51.519833,51.519833,0.000000
0.000000,0.000000,0.000000,0.000000,51.521022,51.521022,0.000000
0.000000,0.000000,0.000000,0.000000,51.519810,51.519810,0.000000
0.000000,0.000000,0.000000,0.000000,51.520252,51.520252,0.000000
0.000000,0.000000,0.000000,0.000000,51.519524,51.519524,0.000000
0.000000,0.000000,0.000000,0.000000,51.515176,51.515176,0.000000
0.000000,0.000000,0.000000,0.000000,51.521763,51.521763,0.000000
0.000000,0.000000,0.000000,0.000000,51.519549,51.519549,0.000000
0.000000,0.000000,0.000000,0.000000,51.518440,51.518440,0.000000
0.000000,0.000000,0.000000,0.000000,51.519737,51.519737,0.000000
0.000000,0.000000,0.000000,0.000000,51.515203,51.515203,0.000000
0.000000,0.000000,0.000000,0.000000,51.517394,51.517394,0.000000
0.000000,0.000000,0.000000,0.000000,51.519515,51.519515,0.000000
0.000000,0.000000,0.000000,0.000000,51.519314,51.519314,0.000000
0.000000,0.000000,0.000000,0.000000,51.519810,51.519810,0.000000
0.000000,0.000000,0.000000,0.000000,51.517410,51.517410,0.000000
0.000000,0.000000,0.000000,0.000000,51.519537,51.519537,0.000000
0.000000,0.000000,0.000000,0.000000,51.518440,51.518440,0.000000
0.000000,0.000000,0.000000,0.000000,51.518909,51.518909,0.000000
0.000000,0.000000,0.000000,0.000000,51.522270,51.522270,0.000000
0.000000,0.000000,0.000000,0.000000,51.522270,51.522270,0.000000
0.000000,0.000000,0.000000,0.000000,51.517443,51.517443,0.000000
0.000000,0.000000,0.000000,0.000000,51.519515,51.519515,0.000000
0.000000,0.000000,0.000000,0.000000,51.516781,51.516781,0.000000
0.000000,0.000000,0.000000,0.000000,51.519515,51.519515,0.000000
0.000000,0.000000,0.000000,0.000000,51.520252,51.520252,0.000000
0.000000,0.000000,0.000000,0.000000,51.518919,51.518919,0.000000
0.000000,0.000000,0.000000,0.000000,51.523180,51.523180,0.000000
0.000000,0.000000,0.000000,0.000000,51.522646,51.522646,0.000000
0.000000,0.000000,0.000000,0.000000,51.515936,51.515936,0.000000
0.000000,0.000000,0.000000,0.000000,51.520060,51.520060,0.000000
0.000000,0.000000,0.000000,0.000000,51.518509,51.518509,0.000000
0.000000,0.000000,0.000000,0.000000,51.519537,51.519537,0.000000
0.000000,0.000000,0.000000,0.000000,51.517055,51.517055,0.000000
0.000000,0.000000,0.000000,0.000000,51.522770,51.522770,0.000000
0.000000,0.000000,0.000000,0.000000,51.518297,51.518297,0.000000
0.000000,0.000000,0.000000,0.000000,51.519569,51.519569,0.000000
0.000000,0.000000,0.000000,0.000000,51.520848,51.520848,0.000000
0.000000,0.000000,0.000000,0.000000,51.517574,51.517574,0.000000
0.000000,0.000000,0.000000,0.000000,51.518122,51.518122,0.000000
0.000000,0.000000,0.000000,0.000000,51.518909,51.518909,0.000000
0.000000,0.000000,0.000000,0.000000,51.518440,51.518440,0.000000
0.000000,0.000000,0.000000,0.000000,51.517539,51.517539,0.000000
0.000000,0.000000,0.000000,0.000000,51.519483,51.519483,0.000000
0.000000,0.000000,0.000000,0.000000,51.519537,51.519537,0.000000
0.000000,0.000000,0.000000,0.000000,51.518909,51.518909,0.000000
0.000000,0.000000,0.000000,0.000000,51.519810,51.519810,0.000000
0.000000,0.000000,0.000000,0.000000,51.520587,51.520587,0.000000
0.000000,0.000000,0.000000,0.000000,51.516705,51.516705,0.000000
0.000000,0.000000,0.000000,0.000000,51.519737,51.519737,0.000000
0.000000,0.000000,0.000000,0.000000,51.520587,51.520587,0.000000
0.000000,0.000000,0.000000,0.000000,51.518631,51.518631,0.000000
0.000000,0.000000,0.000000,0.000000,51.518434,51.518434,0.000000
0.000000,0.000000,0.000000,0.000000,51.519523,51.519523,0.000000
0.000000,0.000000,0.000000,0.000000,51.518421,51.518421,0.000000
0.000000,0.000000,0.000000,0.000000,51.521462,51.521462,0.000000
0.000000,0.000000,0.000000,0.000000,51.522567,51.522567,0.000000
0.000000,0.000000,0.000000,0.000000,51.518852,51.518852,0.000000
0.000000,0.000000,0.000000,0.000000,51.517224,51.517224,0.000000
0.000000,0.000000,0.000000,0.000000,51.519740,51.519740,0.000000
0.000000,0.000000,0.000000,0.000000,51.518297,51.518297,0.000000
0.000000,0.000000,0.000000,0.000000,51.521049,51.521049,0.000000
0.000000,0.000000,0.000000,0.000000,51.519537,51.519537,0.000000
0.000000,0.000000,0.000000,0.000000,51.518164,51.518164,0.000000
0.000000,0.000000,0.000000,0.000000,51.519810,51.519810,0.000000
0.000000,0.000000,0.000000,0.000000,51.518115,51.518115,0.000000
0.000000,0.000000,0.000000,0.000000,51.520056,51.520056,0.000000
0.000000,0.000000,0.000000,0.000000,51.517539,51.517539,0.000000
0.000000,0.000000,0.000000,0.000000,51.519537,51.519537,0.000000
0.000000,0.000000,0.000000,0.000000,51.518580,51.518580,0.000000
0.000000,0.000000,0.000000,0.000000,51.520131,51.520131,0.000000
0.000000,0.000000,0.000000,0.000000,51.517291,51.517291,0.000000
0.000000,0.000000,0.000000,0.000000,51.519293,51.519293,0.000000
0.000000,0.000000,0.000000,0.000000,51.517718,51.517718,0.000000
0.000000,0.000000,0.000000,0.000000,51.519523,51.519523,0.000000
0.000000,0.000000,0.000000,0.000000,51.520722,51.520722,0.000000
0.000000,0.000000,0.000000,0.000000,51.516645,51.516645,0.000000
0.000000,0.000000,0.000000,0.000000,51.519606,51.519606,0.000000
0.000000,0.000000,0.000000,0.000000,51.519523,51.519523,0.000000
0.000000,0.000000,0.000000,0.000000,51.519446,51.519446,0.000000
0.000000,0.000000,0.000000,0.000000,51.522227,51.522227,0.000000
0.000000,0.000000,0.000000,0.000000,51.519515,51.519515,0.000000
0.000000,0.000000,0.000000,0.000000,51.518434,51.518434,0.000000
0.000000,0.000000,0.000000,0.000000,51.519515,51.519515,0.000000
0.000000,0.000000,0.000000,0.000000,51.518909,51.518909,0.000000
0.000000,0.000000,0.000000,0.000000,51.517973,51.517973,0.000000
0.000000,0.000000,0.000000,0.000000,51.519518,51.519518,0.000000
0.000000,0.000000,0.000000,0.000000,51.520784,51.520784,0.000000
0.000000,0.000000,0.000000,0.000000,51.516484,51.516484,0.000000
0.000000,0.000000,0.000000,0.000000,51.516987,51.516987,0.000000
0.000000,0.000000,0.000000,0.000000,51.520178,51.520178,0.000000
0.000000,0.000000,0.000000,0.000000,51.519549,51.519549,0.000000
0.000000,0.000000,0.000000,0.000000,51.520587,51.520587,0.000000
0.000000,0.000000,0.000000,0.000000,51.517516,51.517516,0.000000
0.000000,0.000000,0.000000,0.000000,51.519737,51.519737,0.000000
0.000000,0.000000,0.000000,0.000000,51.518580,51.518580,0.000000
0.000000,0.000000,0.000000,0.000000,51.519518,51.519518,0.000000
0.000000,0.000000,0.000000,0.000000,51.519253,51.519253,0.000000
0.000000,0.000000,0.000000,0.000000,51.519205,51.519205,0.000000
0.000000,0.000000,0.000000,0.000000,51.520773,51.520773,0.000000
0.000000,0.000000,0.000000,0.000000,51.517744,51.517744,0.000000
0.000000,0.000000,0.000000,0.000000,51.519537,51.519537,0.000000
0.000000,0.000000,0.000000,0.000000,51.516282,51.516282,0.000000
0.000000,0.000000,0.000000,0.000000,51.519515,51.519515,0.000000
0.000000,0.000000,0.000000,0.000000,51.521487,51.521487,0.000000
0.000000,0.000000,0.000000,0.000000,51.519162,51.519162,0.000000
0.000000,0.000000,0.000000,0.000000,51.517184,51.517184,0.000000
0.000000,0.000000,0.000000,0.000000,51.519513,51.519513,0.000000
0.000000,0.000000,0.000000,0.000000,51.523029,51.523029,0.000000
0.000000,0.000000,0.000000,0.000000,51.518973,51.518973,0.000000
0.000000,0.000000,0.000000,0.000000,51.522699,51.522699,0.000000
0.000000,0.000000,0.000000,0.000000,51.515170,51.515170,0.000000
0.000000,0.000000,0.000000,0.000000,51.516000,51.516000,0.000000
0.000000,0.000000,0.000000,0.000000,51.518115,51.518115,0.000000
0.000000,0.000000,0.000000,0.000000,51.516425,51.516425,0.000000
0.000000,0.000000,0.000000,0.000000,51.518434,51.518434,0.000000
0.000000,0.000000,0.000000,0.000000,51.519531,51.519531,0.000000
0.000000,0.000000,0.000000,0.000000,51.519425,51.519425,0.000000
0.000000,0.000000,0.000000,0.000000,51.519731,51.519731,0.000000
0.000000,0.000000,0.000000,0.000000,51.519968,51.519968,0.000000
0.000000,0.000000,0.000000,0.000000,51.519314,51.519314,0.000000
0.000000,0.000000,0.000000,0.000000,51.520252,51.520252,0.000000
0.000000,0.000000,0.000000,0.000000,51.519810,51.519810,0.000000
0.000000,0.000000,0.000000,0.000000,51.514776,51.514776,0.000000
0.000000,0.000000,0.000000,0.000000,51.518164,51.518164,0.000000
0.000000,0.000000,0.000000,0.000000,51.520786,51.520786,0.000000
0.000000,0.000000,0.000000,0.000000,51.519810,51.519810,0.000000
0.000000,0.000000,0.000000,0.000000,51.515203,51.515203,0.000000
0.000000,0.000000,0.000000,0.000000,51.521257,51.521257,0.000000
0.000000,0.000000,0.000000,0.000000,51.518440,51.518440,0.000000
0.000000,0.000000,0.000000,0.000000,51.518575,51.518575,0.000000
0.000000,0.000000,0.000000,0.000000,51.520252,51.520252,0.000000
0.000000,0.000000,0.000000,0.000000,51.517559,51.517559,0.000000
0.000000,0.000000,0.000000,0.000000,51.519515,51.519515,0.000000
0.000000,0.000000,0.000000,0.000000,51.520784,51.520784,0.000000
0.000000,0.000000,0.000000,0.000000,51.518440,51.518440,0.000000
0.000000,0.000000,0.000000,0.000000,51.519638,51.519638,0.000000
0.000000,0.000000,0.000000,0.000000,51.519523,51.519523,0.000000
0.000000,0.000000,0.000000,0.000000,51.519205,51.519205,0.000000
0.000000,0.000000,0.000000,0.000000,51.518848,51.518848,0.000000
0.000000,0.000000,0.000000,0.000000,51.520727,51.520727,0.000000
0.000000,0.000000,0.000000,0.000000,51.522097,51.522097,0.000000
0.000000,0.000000,0.000000,0.000000,51.519518,51.519518,0.000000
0.000000,0.000000,0.000000,0.000000,51.520252,51.520252,0.000000
0.000000,0.000000,0.000000,0.000000,51.518323,51.518323,0.000000
0.000000,0.000000,0.000000,0.000000,51.518058,51.518058,0.000000
0.000000,0.000000,0.000000,0.000000,51.518151,51.518151,0.000000
0.000000,0.000000,0.000000,0.000000,51.520511,51.520511,0.000000
0.000000,0.000000,0.000000,0.000000,51.519537,51.519537,0.000000
0.000000,0.000000,0.000000,0.000000,51.515203,51.515203,0.000000
0.000000,0.000000,0.000000,0.000000,51.521936,51.521936,0.000000
0.000000,0.000000,0.000000,0.000000,51.517744,51.517744,0.000000
0.000000,0.000000,0.000000,0.000000,51.519515,51.519515,0.000000
0.000000,0.000000,0.000000,0.000000,51.522097,51.522097,0.000000
0.000000,0.000000,0.000000,0.000000,51.518909,51.518909,0.000000
0.000000,0.000000,0.000000,0.000000,51.519833,51.519833,0.000000
0.000000,0.000000,0.000000,0.000000,51.517577,51.517577,0.000000
0.000000,0.000000,0.000000,0.000000,51.523037,51.523037,0.000000
0.000000,0.000000,0.000000,0.000000,51.518265,51.518265,0.000000
0.000000,0.000000,0.000000,0.000000,51.520880,51.520880,0.000000
0.000000,0.000000,0.000000,0.000000,51.519810,51.519810,0.000000
0.000000,0.000000,0.000000,0.000000,51.521180,51.521180,0.000000
0.000000,0.000000,0.000000,0.000000,51.522297,51.522297,0.000000
0.000000,0.000000,0.000000,0.000000,51.519515,51.519515,0.000000
0.000000,0.000000,0.000000,0.000000,51.517718,51.517718,0.000000
0.000000,0.000000,0.000000,0.000000,51.519810,51.519810,0.000000
0.000000,0.000000,0.000000,0.000000,51.517847,51.517847,0.000000
0.000000,0.000000,0.000000,0.000000,51.519515,51.519515,0.000000
0.000000,0.000000,0.000000,0.000000,51.523180,51.523180,0.000000
0.000000,0.000000,0.000000,0.000000,51.517101,51.517101,0.000000
0.000000,0.000000,0.000000,0.000000,51.521763,51.521763,0.000000
0.000000,0.000000,0.000000,0.000000,51.519810,51.519810,0.000000
0.000000,0.000000,0.000000,0.000000,51.519731,51.519731,0.000000
0.000000,0.000000,0.000000,0.000000,51.519537,51.519537,0.000000
0.000000,0.000000,0.000000,0.000000,51.518544,51.518544,0.000000
0.000000,0.000000,0.000000,0.000000,51.521182,51.521182,0.000000
0.000000,0.000000,0.000000,0.000000,51.519196,51.519196,0.000000
0.000000,0.000000,0.000000,0.000000,51.519514,51.519514,0.000000
0.000000,0.000000,0.000000,0.000000,51.519810,51.519810,0.000000
0.000000,0.000000,0.000000,0.000000,51.523037,51.523037,0.000000
0.000000,0.000000,0.000000,0.000000,51.519515,51.519515,0.000000
0.000000,0.000000,0.000000,0.000000,51.521471,51.521471,0.000000
0.000000,0.000000,0.000000,0.000000,51.519314,51.519314,0.000000
0.000000,0.000000,0.000000,0.000000,51.518421,51.518421,0.000000
0.000000,0.000000,0.000000,0.000000,51.516179,51.516179,0.000000
0.000000,0.000000,0.000000,0.000000,51.519535,51.519535,0.000000
0.000000,0.000000,0.000000,0.000000,51.516987,51.516987,0.000000
0.000000,0.000000,0.000000,0.000000,51.518972,51.518972,0.000000
0.000000,0.000000,0.000000,0.000000,51.518284,51.518284,0.000000
0.000000,0.000000,0.000000,0.000000,51.519515,51.519515,0.000000
0.000000,0.000000,0.000000,0.000000,51.517927,51.517927,0.000000
0.000000,0.000000,0.000000,0.000000,51.519549,51.519549,0.000000
0.000000,0.000000,0.000000,0.000000,51.517985,51.517985,0.000000
0.000000,0.000000,0.000000,0.000000,51.518909,51.518909,0.000000
0.000000,0.000000,0.000000,0.000000,51.518461,51.518461,0.000000
0.000000,0.000000,0.000000,0.000000,51.514776,51.514776,0.000000
0.000000,0.000000,0.000000,0.000000,51.519518,51.519518,0.000000
0.000000,0.000000,0.000000,0.000000,51.520117,51.520117,0.000000
0.000000,0.000000,0.000000,0.000000,51.519523,51.519523,0.000000
0.000000,0.000000,0.000000,0.000000,51.519537,51.519537,0.000000
0.000000,0.000000,0.000000,0.000000,51.519537,51.519537,0.000000
0.000000,0.000000,0.000000,0.000000,51.519537,51.519537,0.000000
0.000000,0.000000,0.000000,0.000000,51.517973,51.517973,0.000000
0.000000,0.000000,0.000000,0.000000,51.518151,51.518151,0.000000
0.000000,0.000000,0.000000,0.000000,51.518164,51.518164,0.000000
0.000000,0.000000,0.000000,0.000000,51.516202,51.516202,0.000000
0.000000,0.000000,0.000000,0.000000,51.519833,51.519833,0.000000
0.000000,0.000000,0.000000,0.000000,51.519518,51.519518,0.000000
0.000000,0.000000,0.000000,0.000000,51.518908,51.518908,0.000000
0.000000,0.000000,0.000000,0.000000,51.521798,51.521798,0.000000
0.000000,0.000000,0.000000,0.000000,51.518660,51.518660,0.000000
0.000000,0.000000,0.000000,0.000000,51.519378,51.519378,0.000000
0.000000,0.000000,0.000000,0.000000,51.520757,51.520757,0.000000
0.000000,0.000000,0.000000,0.000000,51.518440,51.518440,0.000000
0.000000,0.000000,0.000000,0.000000,51.519537,51.519537,0.000000
0.000000,0.000000,0.000000,0.000000,51.521166,51.521166,0.000000
0.000000,0.000000,0.000000,0.000000,51.519253,51.519253,0.000000
0.000000,0.000000,0.000000,0.000000,51.518218,51.518218,0.000000
0.000000,0.000000,0.000000,0.000000,51.520587,51.520587,0.000000
0.000000,0.000000,0.000000,0.000000,51.519810,51.519810,0.000000
0.000000,0.000000,0.000000,0.000000,51.518909,51.518909,0.000000
0.000000,0.000000,0.000000,0.000000,51.519833,51.519833,0.000000
0.000000,0.000000,0.000000,0.000000,51.521513,51.521513,0.000000
0.000000,0.000000,0.000000,0.000000,51.520550,51.520550,0.000000
0.000000,0.000000,0.000000,0.000000,51.519523,51.519523,0.000000
0.000000,0.000000,0.000000,0.000000,51.521144,51.521144,0.000000
0.000000,0.000000,0.000000,0.000000,51.519515,51.519515,0.000000
0.000000,0.000000,0.000000,0.000000,51.519606,51.519606,0.000000
0.000000,0.000000,0.000000,0.000000,51.519833,51.519833,0.000000
0.000000,0.000000,0.000000,0.000000,51.518965,51.518965,0.000000
0.000000,0.000000,0.000000,0.000000,51.519387,51.519387,0.000000
0.000000,0.000000,0.000000,0.000000,51.520722,51.520722,0.000000
0.000000,0.000000,0.000000,0.000000,51.516936,51.516936,0.000000
0.000000,0.000000,0.000000,0.000000,51.520984,51.520984,0.000000
0.000000,0.000000,0.000000,0.000000,51.519523,51.519523,0.000000
0.000000,0.000000,0.000000,0.000000,51.518218,51.518218,0.000000
0.000000,0.000000,0.000000,0.000000,51.519547,51.519547,0.000000
0.000000,0.000000,0.000000,0.000000,51.521022,51.521022,0.000000
0.000000,0.000000,0.000000,0.000000,51.519968,51.519968,0.000000
0.000000,0.000000,0.000000,0.000000,51.519833,51.519833,0.000000
0.000000,0.000000,0.000000,0.000000,51.519810,51.519810,0.000000
0.000000,0.000000,0.000000,0.000000,51.519549,51.519549,0.000000
0.000000,0.000000,0.000000,0.000000,51.518580,51.518580,0.000000
0.000000,0.000000,0.000000,0.000000,51.519538,51.519538,0.000000
0.000000,0.000000,0.000000,0.000000,51.519378,51.519378,0.000000
0.000000,0.000000,0.000000,0.000000,51.518164,51.518164,0.000000
0.000000,0.000000,0.000000,0.000000,51.517718,51.517718,0.000000
0.000000,0.000000,0.000000,0.000000,51.518976,51.518976,0.000000
0.000000,0.000000,0.000000,0.000000,51.518919,51.518919,0.000000
0.000000,0.000000,0.000000,0.000000,51.515936,51.515936,0.000000
0.000000,0.000000,0.000000,0.000000,51.518217,51.518217,0.000000
0.000000,0.000000,0.000000,0.000000,51.517668,51.517668,0.000000
0.000000,0.000000,0.000000,0.000000,51.518054,51.518054,0.000000
0.000000,0.000000,0.000000,0.000000,51.520252,51.520252,0.000000
0.000000,0.000000,0.000000,0.000000,51.519560,51.519560,0.000000
0.000000,0.000000,0.000000,0.000000,51.519515,51.519515,0.000000
0.000000,0.000000,0.000000,0.000000,51.518909,51.518909,0.000000
0.000000,0.000000,0.000000,0.000000,51.519810,51.519810,0.000000
0.000000,0.000000,0.000000,0.000000,51.520773,51.520773,0.000000
0.000000,0.000000,0.000000,0.000000,51.516517,51.516517,0.000000
0.000000,0.000000,0.000000,0.000000,51.519515,51.519515,0.000000
0.000000,0.000000,0.000000,0.000000,51.519523,51.519523,0.000000
0.000000,0.000000,0.000000,0.000000,51.519523,51.519523,0.000000
0.000000,0.000000,0.000000,0.000000,51.518770,51.518770,0.000000
0.000000,0.000000,0.000000,0.000000,51.518434,51.518434,0.000000
0.000000,0.000000,0.000000,0.000000,51.520713,51.520713,0.000000
0.000000,0.000000,0.000000,0.000000,51.519523,51.519523,0.000000
0.000000,0.000000,0.000000,0.000000,51.518725,51.518725,0.000000
0.000000,0.000000,0.000000,0.000000,51.521763,51.521763,0.000000
0.000000,0.000000,0.000000,0.000000,51.519250,51.519250,0.000000
0.000000,0.000000,0.000000,0.000000,51.519810,51.519810,0.000000
0.000000,0.000000,0.000000,0.000000,51.518908,51.518908,0.000000
0.000000,0.000000,0.000000,0.000000,51.519508,51.519508,0.000000
0.000000,0.000000,0.000000,0.000000,51.520153,51.520153,0.000000
0.000000,0.000000,0.000000,0.000000,51.519205,51.519205,0.000000
0.000000,0.000000,0.000000,0.000000,51.519205,51.519205,0.000000
0.000000,0.000000,0.000000,0.000000,51.521087,51.521087,0.000000
0.000000,0.000000,0.000000,0.000000,51.520252,51.520252,0.000000
0.000000,0.000000,0.000000,0.000000,51.517574,51.517574,0.000000
0.000000,0.000000,0.000000,0.000000,51.520595,51.520595,0.000000
0.000000,0.000000,0.000000,0.000000,51.519547,51.519547,0.000000
0.000000,0.000000,0.000000,0.000000,51.517903,51.517903,0.000000
0.000000,0.000000,0.000000,0.000000,51.522770,51.522770,0.000000
0.000000,0.000000,0.000000,0.000000,51.519522,51.519522,0.000000
0.000000,0.000000,0.000000,0.000000,51.521294,51.521294,0.000000
0.000000,0.000000,0.000000,0.000000,51.522646,51.522646,0.000000
0.000000,0.000000,0.000000,0.000000,51.518284,51.518284,0.000000
0.000000,0.000000,0.000000,0.000000,51.518218,51.518218,0.000000
0.000000,0.000000,0.000000,0.000000,51.519810,51.519810,0.000000
0.000000,0.000000,0.000000,0.000000,51.519518,51.519518,0.000000
0.000000,0.000000,0.000000,0.000000,51.518909,51.518909,0.000000
0.000000,0.000000,0.000000,0.000000,51.518852,51.518852,0.000000
0.000000,0.000000,0.000000,0.000000,51.521180,51.521180,0.000000
0.000000,0.000000,0.000000,0.000000,51.519162,51.519162,0.000000
0.000000,0.000000,0.000000,0.000000,51.515170,51.515170,0.000000
0.000000,0.000000,0.000000,0.000000,51.519549,51.519549,0.000000
0.000000,0.000000,0.000000,0.000000,51.519513,51.519513,0.000000
0.000000,0.000000,0.000000,0.000000,51.519432,51.519432,0.000000
0.000000,0.000000,0.000000,0.000000,51.519512,51.519512,0.000000
0.000000,0.000000,0.000000,0.000000,51.521551,51.521551,0.000000
0.000000,0.000000,0.000000,0.000000,51.519547,51.519547,0.000000
0.000000,0.000000,0.000000,0.000000,51.522770,51.522770,0.000000
0.000000,0.000000,0.000000,0.000000,51.519581,51.519581,0.000000
0.000000,0.000000,0.000000,0.000000,51.517295,51.517295,0.000000
0.000000,0.000000,0.000000,0.000000,51.516915,51.516915,0.000000
0.000000,0.000000,0.000000,0.000000,51.515176,51.515176,0.000000
0.000000,0.000000,0.000000,0.000000,51.518909,51.518909,0.000000
0.000000,0.000000,0.000000,0.000000,51.520252,51.520252,0.000000
0.000000,0.000000,0.000000,0.000000,51.518115,51.518115,0.000000
0.000000,0.000000,0.000000,0.000000,51.519537,51.519537,0.000000
0.000000,0.000000,0.000000,0.000000,51.520511,51.520511,0.000000
0.000000,0.000000,0.000000,0.000000,51.516897,51.516897,0.000000
0.000000,0.000000,0.000000,0.000000,51.520248,51.520248,0.000000
0.000000,0.000000,0.000000,0.000000,51.515203,51.515203,0.000000
0.000000,0.000000,0.000000,0.000000,51.519524,51.519524,0.000000
0.000000,0.000000,0.000000,0.000000,51.519523,51.519523,0.000000
0.000000,0.000000,0.000000,0.000000,51.518863,51.518863,0.000000
0.000000,0.000000,0.000000,0.000000,51.519522,51.519522,0.000000
0.000000,0.000000,0.000000,0.000000,51.520252,51.520252,0.000000
0.000000,0.000000,0.000000,0.000000,51.519522,51.519522,0.000000
0.000000,0.000000,0.000000,0.000000,51.519549,51.519549,0.000000
0.000000,0.000000,0.000000,0.000000,51.516917,51.516917,0.000000
0.000000,0.000000,0.000000,0.000000,51.518909,51.518909,0.000000
0.000000,0.000000,0.000000,0.000000,51.516917,51.516917,0.000000
0.000000,0.000000,0.000000,0.000000,51.519810,51.519810,0.000000
0.000000,0.000000,0.000000,0.000000,51.516726,51.516726,0.000000
0.000000,0.000000,0.000000,0.000000,51.521763,51.521763,0.000000
0.000000,0.000000,0.000000,0.000000,51.519254,51.519254,0.000000
0.000000,0.000000,0.000000,0.000000,51.523180,51.523180,0.000000
0.000000,0.000000,0.000000,0.000000,51.520252,51.520252,0.000000
0.000000,0.000000,0.000000,0.000000,51.520252,51.520252,0.000000
0.000000,0.000000,0.000000,0.000000,51.523158,51.523158,0.000000
0.000000,0.000000,0.000000,0.000000,51.521551,51.521551,0.000000
0.000000,0.000000,0.000000,0.000000,51.519512,51.519512,0.000000
0.000000,0.000000,0.000000,0.000000,51.519253,51.519253,0.000000
0.000000,0.000000,0.000000,0.000000,51.520773,51.520773,0.000000
0.000000,0.000000,0.000000,0.000000,51.518323,51.518323,0.000000
0.000000,0.000000,0.000000,0.000000,51.517291,51.517291,0.000000
0.000000,0.000000,0.000000,0.000000,51.519549,51.519549,0.000000
0.000000,0.000000,0.000000,0.000000,51.518863,51.518863,0.000000
0.000000,0.000000,0.000000,0.000000,51.520785,51.520785,0.000000
0.000000,0.000000,0.000000,0.000000,51.519483,51.519483,0.000000
0.000000,0.000000,0.000000,0.000000,51.519638,51.519638,0.000000
0.000000,0.000000,0.000000,0.000000,51.519549,51.519549,0.000000
0.000000,0.000000,0.000000,0.000000,51.516282,51.516282,0.000000
0.000000,0.000000,0.000000,0.000000,51.517705,51.517705,0.000000
0.000000,0.000000,0.000000,0.000000,51.519549,51.519549,0.000000
0.000000,0.000000,0.000000,0.000000,51.521087,51.521087,0.000000
0.000000,0.000000,0.000000,0.000000,51.519549,51.519549,0.000000
0.000000,0.000000,0.000000,0.000000,51.518434,51.518434,0.000000
0.000000,0.000000,0.000000,0.000000,51.516387,51.516387,0.000000
0.000000,0.000000,0.000000,0.000000,51.517161,51.517161,0.000000
0.000000,0.000000,0.000000,0.000000,51.516000,51.516000,0.000000
0.000000,0.000000,0.000000,0.000000,51.519253,51.519253,0.000000
0.000000,0.000000,0.000000,0.000000,51.522227,51.522227,0.000000
0.000000,0.000000,0.000000,0.000000,51.521249,51.521249,0.000000
0.000000,0.000000,0.000000,0.000000,51.515880,51.515880,0.000000
0.000000,0.000000,0.000000,0.000000,51.518434,51.518434,0.000000
0.000000,0.000000,0.000000,0.000000,51.517291,51.517291,0.000000
0.000000,0.000000,0.000000,0.000000,51.521424,51.521424,0.000000
0.000000,0.000000,0.000000,0.000000,51.519512,51.519512,0.000000
0.000000,0.000000,0.000000,0.000000,51.517637,51.517637,0.000000
0.000000,0.000000,0.000000,0.000000,51.519547,51.519547,0.000000
0.000000,0.000000,0.000000,0.000000,51.519515,51.519515,0.000000
0.000000,0.000000,0.000000,0.000000,51.520091,51.520091,0.000000
0.000000,0.000000,0.000000,0.000000,51.520060,51.520060,0.000000
0.000000,0.000000,0.000000,0.000000,51.519254,51.519254,0.000000
0.000000,0.000000,0.000000,0.000000,51.518151,51.518151,0.000000
0.000000,0.000000,0.000000,0.000000,51.520608,51.520608,0.000000
0.000000,0.000000,0.000000,0.000000,51.520252,51.520252,0.000000
0.000000,0.000000,0.000000,0.000000,51.519535,51.519535,0.000000
0.000000,0.000000,0.000000,0.000000,51.519253,51.519253,0.000000
0.000000,0.000000,0.000000,0.000000,51.521551,51.521551,0.000000
0.000000,0.000000,0.000000,0.000000,51.521180,51.521180,0.000000
0.000000,0.000000,0.000000,0.000000,51.519810,51.519810,0.000000
0.000000,0.000000,0.000000,0.000000,51.520173,51.520173,0.000000
0.000000,0.000000,0.000000,0.000000,51.521180,51.521180,0.000000
0.000000,0.000000,0.000000,0.000000,51.521294,51.521294,0.000000
0.000000,0.000000,0.000000,0.000000,51.514776,51.514776,0.000000
0.000000,0.000000,0.000000,0.000000,51.519549,51.519549,0.000000
0.000000,0.000000,0.000000,0.000000,51.516573,51.516573,0.000000
0.000000,0.000000,0.000000,0.000000,51.520757,51.520757,0.000000
0.000000,0.000000,0.000000,0.000000,51.519524,51.519524,0.000000
0.000000,0.000000,0.000000,0.000000,51.522567,51.522567,0.000000
0.000000,0.000000,0.000000,0.000000,51.519549,51.519549,0.000000
0.000000,0.000000,0.000000,0.000000,51.519515,51.519515,0.000000
0.000000,0.000000,0.000000,0.000000,51.519810,51.519810,0.000000
0.000000,0.000000,0.000000,0.000000,51.522097,51.522097,0.000000
0.000000,0.000000,0.000000,0.000000,51.520425,51.520425,0.000000
0.000000,0.000000,0.000000,0.000000,51.519925,51.519925,0.000000
0.000000,0.000000,0.000000,0.000000,51.517574,51.517574,0.000000
0.000000,0.000000,0.000000,0.000000,51.520131,51.520131,0.000000
0.000000,0.000000,0.000000,0.000000,51.520252,51.520252,0.000000
0.000000,0.000000,0.000000,0.000000,51.517291,51.517291,0.000000
0.000000,0.000000,0.000000,0.000000,51.519549,51.519549,0.000000
0.000000,0.000000,0.000000,0.000000,51.519205,51.519205,0.000000
0.000000,0.000000,0.000000,0.000000,51.519515,51.519515,0.000000
0.000000,0.000000,0.000000,0.000000,51.517668,51.517668,0.000000
0.000000,0.000000,0.000000,0.000000,51.518863,51.518863,0.000000
0.000000,0.000000,0.000000,0.000000,51.519512,51.519512,0.000000
0.000000,0.000000,0.000000,0.000000,51.519515,51.519515,0.000000
0.000000,0.000000,0.000000,0.000000,51.518678,51.518678,0.000000
0.000000,0.000000,0.000000,0.000000,51.515176,51.515176,0.000000
0.000000,0.000000,0.000000,0.000000,51.519556,51.519556,0.000000
0.000000,0.000000,0.000000,0.000000,51.520252,51.520252,0.000000
0.000000,0.000000,0.000000,0.000000,51.520713,51.520713,0.000000
0.000000,0.000000,0.000000,0.000000,51.517224,51.517224,0.000000
0.000000,0.000000,0.000000,0.000000,51.519810,51.519810,0.000000
0.000000,0.000000,0.000000,0.000000,51.519523,51.519523,0.000000
0.000000,0.000000,0.000000,0.000000,51.520153,51.520153,0.000000
0.000000,0.000000,0.000000,0.000000,51.519196,51.519196,0.000000
0.000000,0.000000,0.000000,0.000000,51.517458,51.517458,0.000000
0.000000,0.000000,0.000000,0.000000,51.523158,51.523158,0.000000
0.000000,0.000000,0.000000,0.000000,51.519525,51.519525,0.000000
0.000000,0.000000,0.000000,0.000000,51.519483,51.519483,0.000000
0.000000,0.000000,0.000000,0.000000,51.520757,51.520757,0.000000
0.000000,0.000000,0.000000,0.000000,51.519523,51.519523,0.000000
0.000000,0.000000,0.000000,0.000000,51.517291,51.517291,0.000000
0.000000,0.000000,0.000000,0.000000,51.519254,51.519254,0.000000
0.000000,0.000000,0.000000,0.000000,51.519425,51.519425,0.000000
0.000000,0.000000,0.000000,0.000000,51.519833,51.519833,0.000000
0.000000,0.000000,0.000000,0.000000,51.518909,51.518909,0.000000
0.000000,0.000000,0.000000,0.000000,51.521387,51.521387,0.000000
0.000000,0.000000,0.000000,0.000000,51.518437,51.518437,0.000000
0.000000,0.000000,0.000000,0.000000,51.519515,51.519515,0.000000
0.000000,0.000000,0.000000,0.000000,51.519537,51.519537,0.000000
0.000000,0.000000,0.000000,0.000000,51.519547,51.519547,0.000000
0.000000,0.000000,0.000000,0.000000,51.519305,51.519305,0.000000
0.000000,0.000000,0.000000,0.000000,51.518542,51.518542,0.000000
0.000000,0.000000,0.000000,0.000000,51.519515,51.519515,0.000000
0.000000,0.000000,0.000000,0.000000,51.519425,51.519425,0.000000
0.000000,0.000000,0.000000,0.000000,51.517224,51.517224,0.000000
0.000000,0.000000,0.000000,0.000000,51.520773,51.520773,0.000000
0.000000,0.000000,0.000000,0.000000,51.519810,51.519810,0.000000
0.000000,0.000000,0.000000,0.000000,51.519549,51.519549,0.000000
0.000000,0.000000,0.000000,0.000000,51.516000,51.516000,0.000000
0.000000,0.000000,0.000000,0.000000,51.520095,51.520095,0.000000
0.000000,0.000000,0.000000,0.000000,51.522699,51.522699,0.000000
0.000000,0.000000,0.000000,0.000000,51.520722,51.520722,0.000000
0.000000,0.000000,0.000000,0.000000,51.517973,51.517973,0.000000
0.000000,0.000000,0.000000,0.000000,51.518434,51.518434,0.000000
0.000000,0.000000,0.000000,0.000000,51.520762,51.520762,0.000000
0.000000,0.000000,0.000000,0.000000,51.519549,51.519549,0.000000
0.000000,0.000000,0.000000,0.000000,51.519523,51.519523,0.000000
0.000000,0.000000,0.000000,0.000000,51.520039,51.520039,0.000000
0.000000,0.000000,0.000000,0.000000,51.519968,51.519968,0.000000
0.000000,0.000000,0.000000,0.000000,51.516387,51.516387,0.000000
0.000000,0.000000,0.000000,0.000000,51.519515,51.519515,0.000000
0.000000,0.000000,0.000000,0.000000,51.520608,51.520608,0.000000
0.000000,0.000000,0.000000,0.000000,51.519731,51.519731,0.000000
0.000000,0.000000,0.000000,0.000000,51.517468,51.517468,0.000000
0.000000,0.000000,0.000000,0.000000,51.518184,51.518184,0.000000
0.000000,0.000000,0.000000,0.000000,51.519515,51.519515,0.000000
0.000000,0.000000,0.000000,0.000000,51.516595,51.516595,0.000000
0.000000,0.000000,0.000000,0.000000,51.518863,51.518863,0.000000
0.000000,0.000000,0.000000,0.000000,51.519558,51.519558,0.000000
0.000000,0.000000,0.000000,0.000000,51.516558,51.516558,0.000000
0.000000,0.000000,0.000000,0.000000,51.519250,51.519250,0.000000
0.000000,0.000000,0.000000,0.000000,51.521462,51.521462,0.000000
0.000000,0.000000,0.000000,0.000000,51.517847,51.517847,0.000000
0.000000,0.000000,0.000000,0.000000,51.518909,51.518909,0.000000
0.000000,0.000000,0.000000,0.000000,51.518238,51.518238,0.000000
0.000000,0.000000,0.000000,0.000000,51.519262,51.519262,0.000000
0.000000,0.000000,0.000000,0.000000,51.521230,51.521230,0.000000
0.000000,0.000000,0.000000,0.000000,51.518429,51.518429,0.000000
0.000000,0.000000,0.000000,0.000000,51.521230,51.521230,0.000000
0.000000,0.000000,0.000000,0.000000,51.516594,51.516594,0.000000
0.000000,0.000000,0.000000,0.000000,51.518475,51.518475,0.000000
0.000000,0.000000,0.000000,0.000000,51.520252,51.520252,0.000000
0.000000,0.000000,0.000000,0.000000,51.519515,51.519515,0.000000
0.000000,0.000000,0.000000,0.000000,51.519522,51.519522,0.000000
0.000000,0.000000,0.000000,0.000000,51.519515,51.519515,0.000000
0.000000,0.000000,0.000000,0.000000,51.520611,51.520611,0.000000
0.000000,0.000000,0.000000,0.000000,51.521551,51.521551,0.000000
0.000000,0.000000,0.000000,0.000000,51.519512,51.519512,0.000000
0.000000,0.000000,0.000000,0.000000,51.519522,51.519522,0.000000
0.000000,0.000000,0.000000,0.000000,51.519537,51.519537,0.000000
0.000000,0.000000,0.000000,0.000000,51.520587,51.520587,0.000000
0.000000,0.000000,0.000000,0.000000,51.519559,51.519559,0.000000
0.000000,0.000000,0.000000,0.000000,51.519810,51.519810,0.000000
0.000000,0.000000,0.000000,0.000000,51.521316,51.521316,0.000000
0.000000,0.000000,0.000000,0.000000,51.519581,51.519581,0.000000
0.000000,0.000000,0.000000,0.000000,51.516453,51.516453,0.000000
0.000000,0.000000,0.000000,0.000000,51.516274,51.516274,0.000000
0.000000,0.000000,0.000000,0.000000,51.517103,51.517103,0.000000
0.000000,0.000000,0.000000,0.000000,51.519549,51.519549,0.000000
0.000000,0.000000,0.000000,0.000000,51.519518,51.519518,0.000000
0.000000,0.000000,0.000000,0.000000,51.519512,51.519512,0.000000
0.000000,0.000000,0.000000,0.000000,51.519731,51.519731,0.000000
0.000000,0.000000,0.000000,0.000000,51.517844,51.517844,0.000000
0.000000,0.000000,0.000000,0.000000,51.520595,51.520595,0.000000
0.000000,0.000000,0.000000,0.000000,51.516726,51.516726,0.000000
0.000000,0.000000,0.000000,0.000000,51.518678,51.518678,0.000000
0.000000,0.000000,0.000000,0.000000,51.520587,51.520587,0.000000
0.000000,0.000000,0.000000,0.000000,51.519523,51.519523,0.000000
0.000000,0.000000,0.000000,0.000000,51.517668,51.517668,0.000000
0.000000,0.000000,0.000000,0.000000,51.519523,51.519523,0.000000
0.000000,0.000000,0.000000,0.000000,51.518580,51.518580,0.000000
0.000000,0.000000,0.000000,0.000000,51.519254,51.519254,0.000000
0.000000,0.000000,0.000000,0.000000,51.518909,51.518909,0.000000
0.000000,0.000000,0.000000,0.000000,51.520000,51.520000,0.000000
0.000000,0.000000,0.000000,0.000000,51.518580,51.518580,0.000000
0.000000,0.000000,0.000000,0.000000,51.517559,51.517559,0.000000
0.000000,0.000000,0.000000,0.000000,51.517985,51.517985,0.000000
0.000000,0.000000,0.000000,0.000000,51.519537,51.519537,0.000000
0.000000,0.000000,0.000000,0.000000,51.517516,51.517516,0.000000
0.000000,0.000000,0.000000,0.000000,51.518435,51.518435,0.000000
0.000000,0.000000,0.000000,0.000000,51.521471,51.521471,0.000000
0.000000,0.000000,0.000000,0.000000,51.518268,51.518268,0.000000
0.000000,0.000000,0.000000,0.000000,51.519810,51.519810,0.000000
0.000000,0.000000,0.000000,0.000000,51.520235,51.520235,0.000000
0.000000,0.000000,0.000000,0.000000,51.517574,51.517574,0.000000
0.000000,0.000000,0.000000,0.000000,51.519549,51.519549,0.000000
0.000000,0.000000,0.000000,0.000000,51.519798,51.519798,0.000000
0.000000,0.000000,0.000000,0.000000,51.520595,51.520595,0.000000
0.000000,0.000000,0.000000,0.000000,51.516645,51.516645,0.000000
0.000000,0.000000,0.000000,0.000000,51.519547,51.519547,0.000000
0.000000,0.000000,0.000000,0.000000,51.519515,51.519515,0.000000
0.000000,0.000000,0.000000,0.000000,51.521074,51.521074,0.000000
0.000000,0.000000,0.000000,0.000000,51.518151,51.518151,0.000000
0.000000,0.000000,0.000000,0.000000,51.518184,51.518184,0.000000
0.000000,0.000000,0.000000,0.000000,51.520632,51.520632,0.000000
0.000000,0.000000,0.000000,0.000000,51.520252,51.520252,0.000000
0.000000,0.000000,0.000000,0.000000,51.521249,51.521249,0.000000
0.000000,0.000000,0.000000,0.000000,51.516645,51.516645,0.000000
0.000000,0.000000,0.000000,0.000000,51.519810,51.519810,0.000000
0.000000,0.000000,0.000000,0.000000,51.518863,51.518863,0.000000
0.000000,0.000000,0.000000,0.000000,51.519518,51.519518,0.000000
0.000000,0.000000,0.000000,0.000000,51.523158,51.523158,0.000000
0.000000,0.000000,0.000000,0.000000,51.520911,51.520911,0.000000
0.000000,0.000000,0.000000,0.000000,51.520773,51.520773,0.000000
0.000000,0.000000,0.000000,0.000000,51.517574,51.517574,0.000000
0.000000,0.000000,0.000000,0.000000,51.516917,51.516917,0.000000
0.000000,0.000000,0.000000,0.000000,51.522097,51.522097,0.000000
0.000000,0.000000,0.000000,0.000000,51.520647,51.520647,0.000000
0.000000,0.000000,0.000000,0.000000,51.517103,51.517103,0.000000
0.000000,0.000000,0.000000,0.000000,51.518909,51.518909,0.000000
0.000000,0.000000,0.000000,0.000000,51.520587,51.520587,0.000000
0.000000,0.000000,0.000000,0.000000,51.519515,51.519515,0.000000
0.000000,0.000000,0.000000,0.000000,51.520252,51.520252,0.000000
0.000000,0.000000,0.000000,0.000000,51.523029,51.523029,0.000000
0.000000,0.000000,0.000000,0.000000,51.520131,51.520131,0.000000
0.000000,0.000000,0.000000,0.000000,51.519253,51.519253,0.000000
0.000000,0.000000,0.000000,0.000000,51.517718,51.517718,0.000000
0.000000,0.000000,0.000000,0.000000,51.516987,51.516987,0.000000
0.000000,0.000000,0.000000,0.000000,51.517640,51.517640,0.000000
0.000000,0.000000,0.000000,0.000000,51.517985,51.517985,0.000000
0.000000,0.000000,0.000000,0.000000,51.520064,51.520064,0.000000
0.000000,0.000000,0.000000,0.000000,51.517055,51.517055,0.000000
0.000000,0.000000,0.000000,0.000000,51.519314,51.519314,0.000000
0.000000,0.000000,0.000000,0.000000,51.520252,51.520252,0.000000
0.000000,0.000000,0.000000,0.000000,51.519514,51.519514,0.000000
0.000000,0.000000,0.000000,0.000000,51.518863,51.518863,0.000000
0.000000,0.000000,0.000000,0.000000,51.517718,51.517718,0.000000
0.000000,0.000000,0.000000,0.000000,51.520587,51.520587,0.000000
0.000000,0.000000,0.000000,0.000000,51.517443,51.517443,0.000000
0.000000,0.000000,0.000000,0.000000,51.519968,51.519968,0.000000
0.000000,0.000000,0.000000,0.000000,51.519549,51.519549,0.000000
0.000000,0.000000,0.000000,0.000000,51.519537,51.519537,0.000000
0.000000,0.000000,0.000000,0.000000,51.520252,51.520252,0.000000
0.000000,0.000000,0.000000,0.000000,51.518434,51.518434,0.000000
0.000000,0.000000,0.000000,0.000000,51.518434,51.518434,0.000000
0.000000,0.000000,0.000000,0.000000,51.517291,51.517291,0.000000
0.000000,0.000000,0.000000,0.000000,51.518115,51.518115,0.000000
0.000000,0.000000,0.000000,0.000000,51.520632,51.520632,0.000000
0.000000,0.000000,0.000000,0.000000,51.518909,51.518909,0.000000
0.000000,0.000000,0.000000,0.000000,51.521249,51.521249,0.000000
0.000000,0.000000,0.000000,0.000000,51.520773,51.520773,0.000000
0.000000,0.000000,0.000000,0.000000,51.516936,51.516936,0.000000
0.000000,0.000000,0.000000,0.000000,51.515203,51.515203,0.000000
0.000000,0.000000,0.000000,0.000000,51.521257,51.521257,0.000000
0.000000,0.000000,0.000000,0.000000,51.518257,51.518257,0.000000
0.000000,0.000000,0.000000,0.000000,51.516936,51.516936,0.000000
0.000000,0.000000,0.000000,0.000000,51.518151,51.518151,0.000000
0.000000,0.000000,0.000000,0.000000,51.517161,51.517161,0.000000
0.000000,0.000000,0.000000,0.000000,51.519537,51.519537,0.000000
0.000000,0.000000,0.000000,0.000000,51.516936,51.516936,0.000000
0.000000,0.000000,0.000000,0.000000,51.519810,51.519810,0.000000
0.000000,0.000000,0.000000,0.000000,51.519524,51.519524,0.000000
0.000000,0.000000,0.000000,0.000000,51.519537,51.519537,0.000000
0.000000,0.000000,0.000000,0.000000,51.519302,51.519302,0.000000
0.000000,0.000000,0.000000,0.000000,51.521551,51.521551,0.000000
0.000000,0.000000,0.000000,0.000000,51.521047,51.521047,0.000000
0.000000,0.000000,0.000000,0.000000,51.519412,51.519412,0.000000
0.000000,0.000000,0.000000,0.000000,51.518909,51.518909,0.000000
0.000000,0.000000,0.000000,0.000000,51.519425,51.519425,0.000000
0.000000,0.000000,0.000000,0.000000,51.521462,51.521462,0.000000
0.000000,0.000000,0.000000,0.000000,51.516936,51.516936,0.000000
0.000000,0.000000,0.000000,0.000000,51.519518,51.519518,0.000000
0.000000,0.000000,0.000000,0.000000,51.518678,51.518678,0.000000
0.000000,0.000000,0.000000,0.000000,51.519518,51.519518,0.000000
0.000000,0.000000,0.000000,0.000000,51.519168,51.519168,0.000000
0.000000,0.000000,0.000000,0.000000,51.519968,51.519968,0.000000
0.000000,0.000000,0.000000,0.000000,51.519547,51.519547,0.000000
0.000000,0.000000,0.000000,0.000000,51.519740,51.519740,0.000000
0.000000,0.000000,0.000000,0.000000,51.519515,51.519515,0.000000
0.000000,0.000000,0.000000,0.000000,51.514776,51.514776,0.000000
0.000000,0.000000,0.000000,0.000000,51.518909,51.518909,0.000000
0.000000,0.000000,0.000000,0.000000,51.521101,51.521101,0.000000
0.000000,0.000000,0.000000,0.000000,51.519535,51.519535,0.000000
0.000000,0.000000,0.000000,0.000000,51.519537,51.519537,0.000000
0.000000,0.000000,0.000000,0.000000,51.519833,51.519833,0.000000
0.000000,0.000000,0.000000,0.000000,51.520647,51.520647,0.000000
0.000000,0.000000,0.000000,0.000000,51.519254,51.519254,0.000000
0.000000,0.000000,0.000000,0.000000,51.520587,51.520587,0.000000
0.000000,0.000000,0.000000,0.000000,51.517985,51.517985,0.000000
0.000000,0.000000,0.000000,0.000000,51.519810,51.519810,0.000000
0.000000,0.000000,0.000000,0.000000,51.518852,51.518852,0.000000
0.000000,0.000000,0.000000,0.000000,51.519549,51.519549,0.000000
0.000000,0.000000,0.000000,0.000000,51.519524,51.519524,0.000000
0.000000,0.000000,0.000000,0.000000,51.519549,51.519549,0.000000
0.000000,0.000000,0.000000,0.000000,51.520611,51.520611,0.000000
0.000000,0.000000,0.000000,0.000000,51.516595,51.516595,0.000000
0.000000,0.000000,0.000000,0.000000,51.518429,51.518429,0.000000
0.000000,0.000000,0.000000,0.000000,51.519810,51.519810,0.000000
0.000000,0.000000,0.000000,0.000000,51.520722,51.520722,0.000000
0.000000,0.000000,0.000000,0.000000,51.517177,51.517177,0.000000
0.000000,0.000000,0.000000,0.000000,51.519425,51.519425,0.000000
0.000000,0.000000,0.000000,0.000000,51.518072,51.518072,0.000000
0.000000,0.000000,0.000000,0.000000,51.520984,51.520984,0.000000
0.000000,0.000000,0.000000,0.000000,51.520773,51.520773,0.000000
0.000000,0.000000,0.000000,0.000000,51.521763,51.521763,0.000000
0.000000,0.000000,0.000000,0.000000,51.519810,51.519810,0.000000
0.000000,0.000000,0.000000,0.000000,51.519826,51.519826,0.000000
0.000000,0.000000,0.000000,0.000000,51.520760,51.520760,0.000000
0.000000,0.000000,0.000000,0.000000,51.522108,51.522108,0.000000
0.000000,0.000000,0.000000,0.000000,51.520178,51.520178,0.000000
0.000000,0.000000,0.000000,0.000000,51.519925,51.519925,0.000000
0.000000,0.000000,0.000000,0.000000,51.520776,51.520776,0.000000
0.000000,0.000000,0.000000,0.000000,51.517142,51.517142,0.000000
0.000000,0.000000,0.000000,0.000000,51.519810,51.519810,0.000000
0.000000,0.000000,0.000000,0.000000,51.520773,51.520773,0.000000
0.000000,0.000000,0.000000,0.000000,51.522270,51.522270,0.000000
0.000000,0.000000,0.000000,0.000000,51.522646,51.522646,0.000000
0.000000,0.000000,0.000000,0.000000,51.520859,51.520859,0.000000
0.000000,0.000000,0.000000,0.000000,51.521180,51.521180,0.000000
0.000000,0.000000,0.000000,0.000000,51.519810,51.519810,0.000000
0.000000,0.000000,0.000000,0.000000,51.520859,51.520859,0.000000
0.000000,0.000000,0.000000,0.000000,51.520252,51.520252,0.000000
0.000000,0.000000,0.000000,0.000000,51.520550,51.520550,0.000000
0.000000,0.000000,0.000000,0.000000,51.518972,51.518972,0.000000
0.000000,0.000000,0.000000,0.000000,51.520587,51.520587,0.000000
0.000000,0.000000,0.000000,0.000000,51.516384,51.516384,0.000000
0.000000,0.000000,0.000000,0.000000,51.520064,51.520064,0.000000
0.000000,0.000000,0.000000,0.000000,51.520252,51.520252,0.000000
0.000000,0.000000,0.000000,0.000000,51.520131,51.520131,0.000000
0.000000,0.000000,0.000000,0.000000,51.519305,51.519305,0.000000
0.000000,0.000000,0.000000,0.000000,51.519833,51.519833,0.000000
0.000000,0.000000,0.000000,0.000000,51.518580,51.518580,0.000000
0.000000,0.000000,0.000000,0.000000,51.517055,51.517055,0.000000
0.000000,0.000000,0.000000,0.000000,51.519537,51.519537,0.000000
0.000000,0.000000,0.000000,0.000000,51.519515,51.519515,0.000000
0.000000,0.000000,0.000000,0.000000,51.517291,51.517291,0.000000
0.000000,0.000000,0.000000,0.000000,51.520252,51.520252,0.000000
0.000000,0.000000,0.000000,0.000000,51.519524,51.519524,0.000000
0.000000,0.000000,0.000000,0.000000,51.519537,51.519537,0.000000
0.000000,0.000000,0.000000,0.000000,51.518475,51.518475,0.000000
0.000000,0.000000,0.000000,0.000000,51.519549,51.519549,0.000000
0.000000,0.000000,0.000000,0.000000,51.518368,51.518368,0.000000
0.000000,0.000000,0.000000,0.000000,51.519522,51.519522,0.000000
0.000000,0.000000,0.000000,0.000000,51.520762,51.520762,0.000000
0.000000,0.000000,0.000000,0.000000,51.523037,51.523037,0.000000
0.000000,0.000000,0.000000,0.000000,51.517844,51.517844,0.000000
0.000000,0.000000,0.000000,0.000000,51.518112,51.518112,0.000000
0.000000,0.000000,0.000000,0.000000,51.521513,51.521513,0.000000
0.000000,0.000000,0.000000,0.000000,51.520773,51.520773,0.000000
0.000000,0.000000,0.000000,0.000000,51.523158,51.523158,0.000000
0.000000,0.000000,0.000000,0.000000,51.519810,51.519810,0.000000
0.000000,0.000000,0.000000,0.000000,51.520000,51.520000,0.000000
0.000000,0.000000,0.000000,0.000000,51.515203,51.515203,0.000000
0.000000,0.000000,0.000000,0.000000,51.523158,51.523158,0.000000
0.000000,0.000000,0.000000,0.000000,51.519412,51.519412,0.000000
0.000000,0.000000,0.000000,0.000000,51.520974,51.520974,0.000000
0.000000,0.000000,0.000000,0.000000,51.518434,51.518434,0.000000
0.000000,0.000000,0.000000,0.000000,51.519412,51.519412,0.000000
0.000000,0.000000,0.000000,0.000000,51.519798,51.519798,0.000000
0.000000,0.000000,0.000000,0.000000,51.519833,51.519833,0.000000
0.000000,0.000000,0.000000,0.000000,51.522770,51.522770,0.000000
0.000000,0.000000,0.000000,0.000000,51.519314,51.519314,0.000000
0.000000,0.000000,0.000000,0.000000,51.518103,51.518103,0.000000
0.000000,0.000000,0.000000,0.000000,51.520252,51.520252,0.000000
0.000000,0.000000,0.000000,0.000000,51.521144,51.521144,0.000000
0.000000,0.000000,0.000000,0.000000,51.522770,51.522770,0.000000
0.000000,0.000000,0.000000,0.000000,51.519968,51.519968,0.000000
0.000000,0.000000,0.000000,0.000000,51.521182,51.521182,0.000000
0.000000,0.000000,0.000000,0.000000,51.518977,51.518977,0.000000
0.000000,0.000000,0.000000,0.000000,51.516968,51.516968,0.000000
0.000000,0.000000,0.000000,0.000000,51.517973,51.517973,0.000000
0.000000,0.000000,0.000000,0.000000,51.518297,51.518297,0.000000
0.000000,0.000000,0.000000,0.000000,51.517291,51.517291,0.000000
0.000000,0.000000,0.000000,0.000000,51.515203,51.515203,0.000000
0.000000,0.000000,0.000000,0.000000,51.517291,51.517291,0.000000
0.000000,0.000000,0.000000,0.000000,51.519512,51.519512,0.000000
0.000000,0.000000,0.000000,0.000000,51.522770,51.522770,0.000000
0.000000,0.000000,0.000000,0.000000,51.517177,51.517177,0.000000
0.000000,0.000000,0.000000,0.000000,51.516758,51.516758,0.000000
0.000000,0.000000,0.000000,0.000000,51.520722,51.520722,0.000000
0.000000,0.000000,0.000000,0.000000,51.516917,51.516917,0.000000
0.000000,0.000000,0.000000,0.000000,51.518909,51.518909,0.000000
0.000000,0.000000,0.000000,0.000000,51.517559,51.517559,0.000000
0.000000,0.000000,0.000000,0.000000,51.519549,51.519549,0.000000
0.000000,0.000000,0.000000,0.000000,51.522770,51.522770,0.000000
0.000000,0.000000,0.000000,0.000000,51.516917,51.516917,0.000000
0.000000,0.000000,0.000000,0.000000,51.520252,51.520252,0.000000
0.000000,0.000000,0.000000,0.000000,51.519798,51.519798,0.000000
0.000000,0.000000,0.000000,0.000000,51.519205,51.519205,0.000000
0.000000,0.000000,0.000000,0.000000,51.518976,51.518976,0.000000
0.000000,0.000000,0.000000,0.000000,51.519833,51.519833,0.000000
0.000000,0.000000,0.000000,0.000000,51.521387,51.521387,0.000000
0.000000,0.000000,0.000000,0.000000,51.518268,51.518268,0.000000
0.000000,0.000000,0.000000,0.000000,51.519559,51.519559,0.000000
0.000000,0.000000,0.000000,0.000000,51.523158,51.523158,0.000000
0.000000,0.000000,0.000000,0.000000,51.517718,51.517718,0.000000
0.000000,0.000000,0.000000,0.000000,51.518217,51.518217,0.000000
0.000000,0.000000,0.000000,0.000000,51.519425,51.519425,0.000000
0.000000,0.000000,0.000000,0.000000,51.518639,51.518639,0.000000
0.000000,0.000000,0.000000,0.000000,51.520824,51.520824,0.000000
0.000000,0.000000,0.000000,0.000000,51.516705,51.516705,0.000000
0.000000,0.000000,0.000000,0.000000,51.518184,51.518184,0.000000
0.000000,0.000000,0.000000,0.000000,51.519537,51.519537,0.000000
0.000000,0.000000,0.000000,0.000000,51.519968,51.519968,0.000000
0.000000,0.000000,0.000000,0.000000,51.518434,51.518434,0.000000
0.000000,0.000000,0.000000,0.000000,51.517142,51.517142,0.000000
0.000000,0.000000,0.000000,0.000000,51.521551,51.521551,0.000000
0.000000,0.000000,0.000000,0.000000,51.517416,51.517416,0.000000
