,datetime(utc),total in seconds,channels,ArcusPotentialDronPlot_id,ArcusPotentialDronPlot_rcs,ArcusPotentiaDronPlotPlotPosition_altitude,ArcusPotentialDronPlotsPlotPosition_latitude,ArcusPotentialDronPlotsPlotPosition_longitude,ArcusTracksTrack_id,ArcusTracksTrackPosition_Latitude,ArcusTracksTrackPosition_Longitude,ArcusTracksTrackPosition_Altitude,ArcusTracksTrackVelocity_Azimuth,ArcusTracksTrackVelocity_Elevation,ArcusTracksTrackVelocity_Speed,ArcusTracksTrack_Reflection,ArcusTracksTrack_Score,ArcusSystemStatusSensorPosition_Latitude,ArcusSystemStatusSensorPosition_Longitude,ArcusSystemStatusSensorPosition_Altitude,ArcusSystemStatusSensorStatusOrientetation_Azimuth,ArcusSystemStatusSensorStatusOrientetation_Elevation,ArcusSystemStatusSensorStatusBlankSector_Angle,ArcusSystemStatusSensorStatusBlankSector_Span,ArcusSystemStatusSensorStatusProcessing_Sensitivity
0,2020-09-29 12:18:55,1601381935.0,,,,,,,,,,,,,,,,51.52149,5.87059167,30.0,-155.61763,0.0,1.963495465,1.17809725,0.0
1,2020-09-29 12:18:56,1601381936.0,,,,,,,,,,,,,,,,,,,,,,,
2,2020-09-29 12:18:57,1601381937.0,,,,,,,,,,,,,,,,51.52149,5.87059167,30.0,-155.61763,0.0,1.963495465,1.17809725,0.0
3,2020-09-29 12:19:00,1601381940.0,,,,,,,,,,,,,,,,51.52149,5.87059167,30.0,-155.61763,0.0,1.963495465,1.17809725,0.0
4,2020-09-29 12:19:03,1601381943.0,,,,,,,,,,,,,,,,51.52149,5.87059167,30.0,-155.61763,0.0,1.963495465,1.17809725,0.0
5,2020-09-29 12:19:06,1601381946.0,,,,,,,,,,,,,,,,51.52149,5.87059167,30.0,-155.61763,0.0,1.963495465,1.17809725,0.0
6,2020-09-29 12:19:09,1601381949.0,,,,,,,,,,,,,,,,51.52149,5.87059167,30.0,-155.61763,0.0,1.963495465,1.17809725,0.0
7,2020-09-29 12:19:12,1601381952.0,,,,,,,,,,,,,,,,51.52149,5.87059167,30.0,-155.61763,0.0,1.963495465,1.17809725,0.0
8,2020-09-29 12:19:15,1601381955.0,,,,,,,,,,,,,,,,51.52149,5.87059167,30.0,-155.61763,0.0,1.963495465,1.17809725,0.0
9,2020-09-29 12:19:18,1601381958.0,,,,,,,,,,,,,,,,51.52149,5.87059167,30.0,-155.61763,0.0,1.963495465,1.17809725,0.0
10,2020-09-29 12:19:21,1601381961.0,,,,,,,,,,,,,,,,51.52149,5.87059167,30.0,-155.61763,0.0,1.963495465,1.17809725,0.0
11,2020-09-29 12:19:22,1601381962.0,,,,,,,,,,,,,,,,,,,,,,,
12,2020-09-29 12:19:23,1601381963.0,,,,,,,,,,,,,,,,,,,,,,,
13,2020-09-29 12:19:24,1601381964.0,,,,,,,,,,,,,,,,51.52149,5.87059167,30.0,-155.61763,0.0,1.963495465,1.17809725,3.0
14,2020-09-29 12:19:25,1601381965.0,,,,,,,,,,,,,,,,,,,,,,,
15,2020-09-29 12:19:26,1601381966.0,,,,,,,,,,,,,,,,,,,,,,,
16,2020-09-29 12:19:27,1601381967.0,,,,,,,,,,,,,,,,51.52149,5.87059167,30.0,-155.61763,0.0,1.963495465,1.17809725,4.0
17,2020-09-29 12:19:28,1601381968.0,,,,,,,,,,,,,,,,,,,,,,,
18,2020-09-29 12:19:29,1601381969.0,,,,,,,,,,,,,,,,,,,,,,,
19,2020-09-29 12:19:30,1601381970.0,,,,,,,,,,,,,,,,51.52149,5.87059167,30.0,-155.61763,0.0,1.963495465,1.17809725,8.0
20,2020-09-29 12:19:32,1601381972.0,,,,,,,,,,,,,,,,,,,,,,,
21,2020-09-29 12:19:33,1601381973.0,,,,,,,,,,,,,,,,51.52149,5.87059167,30.0,-155.61763,0.0,1.963495465,1.17809725,10.0
22,2020-09-29 12:19:34,1601381974.0,,,,,,,,,,,,,,,,,,,,,,,
23,2020-09-29 12:19:35,1601381975.0,,,,,,,,,,,,,,,,,,,,,,,
24,2020-09-29 12:19:36,1601381976.0,,,,,,,,,,,,,,,,51.52149,5.87059167,30.0,-155.61763,0.0,1.963495465,1.17809725,12.0
25,2020-09-29 12:19:37,1601381977.0,,,,,,,,,,,,,,,,,,,,,,,
26,2020-09-29 12:19:38,1601381978.0,,,,,,,,,,,,,,,,,,,,,,,
27,2020-09-29 12:19:39,1601381979.0,,,,,,,,,,,,,,,,51.52149,5.87059167,30.0,-155.61763,0.0,1.963495465,1.17809725,15.0
28,2020-09-29 12:19:40,1601381980.0,,,,,,,,,,,,,,,,,,,,,,,
29,2020-09-29 12:19:41,1601381981.0,,,,,,,,51.52086049,5.8654867999999984,34.27881427,61.02612305,3.42839527,13.87343025,5.36848831,0.03833472,,,,,,,,
30,2020-09-29 12:19:42,1601381982.0,,,,,,,,51.52092982,5.8654867999999984,34.01702324,61.16833496,2.55343843,14.19182777,5.01815796,0.22608599,51.52149,5.87059167,30.0,-155.61763,0.0,1.963495465,1.17809725,18.0
31,2020-09-29 12:19:43,1601381983.0,,,,,,,,51.522271745,5.8654867999999984,43.201591914999995,175.173152925,9.96980858,12.071882245,-7.626153945,0.19125182999999998,,,,,,,,
32,2020-09-29 12:19:44,1601381984.0,,,,,,,,51.521721723333336,5.8654867999999984,43.70839147,206.66137695333336,-2.483136573333334,10.193555036666666,-10.492874146666667,0.24678214333333334,,,,,,,,
33,2020-09-29 12:19:45,1601381985.0,,,,,,,,51.522207465,5.865691804999999,68.93937776749999,197.743730545,3.246416269999999,8.50346768,-14.0436391825,0.2973844475,51.52149,5.87059167,30.0,-155.61763,0.0,1.963495465,1.17809725,20.0
34,2020-09-29 12:19:46,1601381986.0,,285.0,-33.69223022333333,428.74263509,29.08360061333333,-162.36762686,,51.52240218428572,5.866958125714285,72.37626305,198.27572086857143,-3.62609446,8.865461552857143,-20.759996687142856,0.2559394657142857,,,,,,,,
35,2020-09-29 12:19:47,1601381987.0,,562.9375,-1.390647889375,3781.15954589875,-4.9989833556250005,31.1323635,,51.52235360142857,5.8669942357142855,66.49364422428572,185.54336493285717,-8.542304894285715,9.858380657142858,-21.173205239999998,0.3651914985714286,,,,,,,,
36,2020-09-29 12:19:48,1601381988.0,,507.2,-12.201138306,2315.8484375020003,3.573039382,39.048829872,,51.52240165888889,5.867295412222221,61.00282751444445,190.2136692477778,-7.9638759922222215,10.410301315555555,-23.060900794444443,0.3536874422222222,51.52149,5.87059167,30.0,-155.61763,0.0,1.963495465,1.17809725,21.0
37,2020-09-29 12:19:49,1601381989.0,,815.5555555555555,-11.371616575833334,2849.3834762583333,5.757631983611111,67.29404257333334,,51.52236792111111,5.867351256666666,60.36184116888889,181.42815865444445,-6.025785915555556,11.708285173333332,-23.173838296666666,0.43131364666666666,,,,,,,,
38,2020-09-29 12:19:50,1601381990.0,,,,,,,,51.522469494999996,5.8675184033333325,63.438012504166664,200.5288321175,-5.2590935158333325,11.446993788333332,-24.770953178333333,0.38126685,,,,,,,,
39,2020-09-29 12:19:51,1601381991.0,,,,,,,,51.52242648,5.867684176153845,64.4808595223077,187.1946120623077,-4.058277864615385,11.458529142307693,-25.399193396153844,0.3858118584615384,51.52149,5.87059167,30.0,-155.61763,0.0,1.963495465,1.17809725,25.0
40,2020-09-29 12:19:52,1601381992.0,,,,,,,,51.52241367117647,5.867649670588235,79.49833074117647,142.6914658282353,-7.8488750023529406,11.224433155294118,-27.27710342470588,0.34381035176470587,,,,,,,,
41,2020-09-29 12:19:53,1601381993.0,,,,,,,,51.52254111473684,5.867814408947368,85.92463681842105,138.11360178578948,-5.520461268947369,11.70819626263158,-28.424148961052634,0.33248211052631577,,,,,,,,
42,2020-09-29 12:19:54,1601381994.0,,,,,,,,51.522572791,5.867991054999999,88.900018526,143.3452966695,-5.584982108,10.864351487,-28.600146866,0.354255836,51.52149,5.87059167,30.0,-155.61763,0.0,1.963495465,1.17809725,26.0
43,2020-09-29 12:19:55,1601381995.0,,,,,,,,51.52246374653846,5.868235216923076,80.51027719038461,151.89031307615386,-5.9126525615384615,10.148635221923078,-30.14942756115385,0.31110434807692305,,,,,,,,
44,2020-09-29 12:19:56,1601381996.0,,,,,,,,51.52230106324325,5.868156575675675,76.20584104027027,155.53877232594596,-7.849352413513514,9.852299902972973,-29.548005490810812,0.2701741454054054,,,,,,,,
45,2020-09-29 12:19:57,1601381997.0,,,,,,,,51.52224993410256,5.8681318746153845,78.08013279384616,148.05472444333333,-5.945730223589743,10.543782258205129,-29.342446253589742,0.31605556282051284,51.52149,5.87059167,30.0,-155.61763,0.0,1.963495465,1.17809725,29.0
46,2020-09-29 12:19:58,1601381998.0,,,,,,,,51.52223017904761,5.868152558095238,78.21959196809523,153.43859606119048,-8.235559423809523,10.162015903333334,-29.63584036952381,0.3432238111904762,,,,,,,,
47,2020-09-29 12:19:59,1601381999.0,,,,,,,,51.522273246590906,5.868135259772727,73.95437652,167.56128373977273,-8.016706063181818,10.700252126363637,-29.630616448636363,0.3615569015909091,,,,,,,,
48,2020-09-29 12:20:00,1601382000.0,,1921.8,-10.501856994,946.8009521500001,19.565636752,-149.87897567599998,,51.52231410244445,5.868190627555554,75.83479529644444,175.0777433928889,-5.838839028000001,10.635764905333334,-29.80998662311111,0.38745690955555556,51.52149,5.87059167,30.0,-155.61763,0.0,1.963495465,1.17809725,33.0
49,2020-09-29 12:20:01,1601382001.0,,,,,,,,51.52235689680851,5.868194590425531,77.84501613851063,169.90160722957447,-4.960394485319148,11.05092580744681,-29.900314087021275,0.40545386680851064,,,,,,,,
50,2020-09-29 12:20:02,1601382002.0,,2631.0,11.40052032,500.43457031,0.08496889,-79.82560036,,51.52242756150943,5.868209389622641,76.18829769698114,165.1338156935849,-6.608861231886793,10.62344080509434,-30.183563663962264,0.3785594783018868,,,,,,,,
51,2020-09-29 12:20:03,1601382003.0,,,,,,,,51.522425880377355,5.868291683018867,74.91937976264151,172.2117497428302,-5.4041154892452825,10.542985834528302,-30.115161967358492,0.4031679390566038,51.52149,5.87059167,30.0,-155.61763,0.0,1.963495465,1.17809725,35.0
52,2020-09-29 12:20:04,1601382004.0,,2598.5833333333335,-5.9260991416666675,3587.0453084325,-2.583979975833333,53.287317820833344,,51.522338179473685,5.868250554561403,79.41583552491228,169.59542789842106,-4.947899592105263,10.359069530701754,-30.371899588070175,0.40313568719298243,,,,,,,,
53,2020-09-29 12:20:05,1601382005.0,,3092.7272727272725,-5.746389214545455,3485.7534845527275,16.147597468181818,-92.82217948545454,,51.52224181333334,5.86818394090909,75.69646799984848,161.37472718424243,-3.9865843046969696,10.603770927727272,-30.535101341212123,0.36763114303030303,,,,,,,,
54,2020-09-29 12:20:06,1601382006.0,,,,,,,,51.522157611617644,5.86822471617647,78.71482555352941,175.8641770872059,-2.174133650882353,10.523890508970588,-30.428655007058826,0.39106853220588234,51.52149,5.87059167,30.0,-155.61763,0.0,1.963495465,1.17809725,38.0
55,2020-09-29 12:20:07,1601382007.0,,,,,,,,51.5220253369863,5.868370388904109,77.66247880945205,168.24681206821919,-2.042492004657534,10.530491208219178,-31.129418517260273,0.3855861676712329,,,,,,,,
56,2020-09-29 12:20:08,1601382008.0,,3633.0,16.94797516,432.64321899,0.08776259,-71.95380672,,51.52198055054054,5.868348243918919,76.86509699324324,175.25293319175677,-3.3723015947297297,10.912315368378378,-31.200909485675673,0.3976962574324324,,,,,,,,
57,2020-09-29 12:20:09,1601382009.0,,3831.2916666666665,-18.376464209166667,1832.0818277995834,13.795689829583333,61.75648310583333,,51.521937560000005,5.8684138584057965,76.95048154999999,179.3957140415942,-2.651259340289855,11.34208478115942,-31.608854101159416,0.43151896376811594,51.52149,5.87059167,30.0,-155.61763,0.0,1.963495465,1.17809725,39.0
58,2020-09-29 12:20:10,1601382010.0,,4123.0,-17.035016380000002,411.66461181666665,12.022093793333333,-67.90526964333333,,51.52189928551282,5.86848323025641,77.92669636846153,180.9400820244872,-2.38830136474359,10.917618302307691,-31.265880340512822,0.40831950525641025,,,,,,,,
59,2020-09-29 12:20:11,1601382011.0,,4030.0,-13.560947415000001,363.72035216999996,0.35536206000000004,-67.77995050999999,,51.52184959435897,5.868469545384615,78.00842172564103,181.5431842925641,-1.465859803846154,10.754989275897437,-31.30274278730769,0.41593468333333333,,,,,,,,
60,2020-09-29 12:20:12,1601382012.0,,4387.0,-10.677280425,353.650375365,0.90611739,-66.59514264500001,,51.52179082192308,5.868470296410256,78.3671473325641,190.03201775692307,-2.610488059871795,11.007642211025642,-31.118894870641025,0.4325652006410256,51.52149,5.87059167,30.0,-155.61763,0.0,1.963495465,1.17809725,41.0
61,2020-09-29 12:20:13,1601382013.0,,4281.0,12.73822021,383.23181152,-0.06207468,-63.45001347,,51.52178216385542,5.868362920963855,79.2672102526506,180.73169156987953,-4.329564121325301,10.944671056746987,-31.335863412409637,0.4419899932530121,,,,,,,,
62,2020-09-29 12:20:14,1601382014.0,,4864.0,17.39502716,374.85931396,0.1942835,-62.4949688,,51.521810648241754,5.868312713406594,80.17929636725275,178.977772940989,-6.510083444725275,11.357164726153847,-31.356824225384617,0.4169054078021978,,,,,,,,
63,2020-09-29 12:20:15,1601382015.0,,4596.0,13.74486542,366.74642944,0.39923814,-59.45273735,,51.52184973252747,5.868289791098901,81.88246362549451,180.91679382065934,-7.294909369230769,12.066327401098901,-31.374859611318684,0.43529013736263733,51.52149,5.87059167,30.0,-155.61763,0.0,1.963495465,1.17809725,45.0
64,2020-09-29 12:20:16,1601382016.0,,5147.0,18.95384216,357.13885498,-0.25213702,-55.40488108,,51.52186935924731,5.8683490673118275,83.00824777021505,173.78655361612903,-6.296578651290322,12.032620693763441,-31.33604365516129,0.45109969924731186,,,,,,,,
65,2020-09-29 12:20:17,1601382017.0,,4902.0,14.49160767,350.72045898,-0.08971287,-54.61146462,,51.521793268453614,5.868351017525773,82.47469622948454,168.67214159907215,-5.665909596701031,12.11737618484536,-31.211603184639177,0.4488491294845361,,,,,,,,
66,2020-09-29 12:20:18,1601382018.0,,5218.0,-12.889270785,421.78038025000006,2.49894789,4.41069989,,51.521742034999995,5.868412034693877,82.27612849316327,172.3086400932653,-6.738879936734694,11.985153625612245,-31.156610644591836,0.4391754892857143,51.52149,5.87059167,30.0,-155.61763,0.0,1.963495465,1.17809725,48.0
67,2020-09-29 12:20:19,1601382019.0,,5205.0,18.25493622,338.91363525,0.40785754,-49.93570688,,51.52176754333334,5.868402353131312,83.63513011777779,154.37211062959597,-6.630604495050505,11.765882402929293,-31.22007427808081,0.45073659323232323,,,,,,,,
68,2020-09-29 12:20:20,1601382020.0,,5735.0,17.43767548,333.01324463,0.18889127,-45.98185827,,51.521782869207925,5.868351813267327,83.06965917366337,155.56542364673268,-4.859617187227723,12.247998898316832,-31.232267965247523,0.4633964820792079,,,,,,,,
69,2020-09-29 12:20:21,1601382021.0,,5956.0,-15.002419607142857,1733.70100621,4.185360478571429,49.81996641714286,,51.521845919019604,5.8683417992156865,82.08109962480391,156.45885950715686,-4.595210180392156,12.391716144607845,-31.079957288529414,0.4814962930392157,51.52149,5.87059167,30.0,-155.61763,0.0,1.963495465,1.17809725,49.0
70,2020-09-29 12:20:22,1601382022.0,,6349.0,16.93258667,326.21948242,0.45159551,-43.85418521,,51.521844068571426,5.868336144761904,82.12291400333334,157.47680180209525,-3.7173351730476187,12.088161208285713,-31.159980955428573,0.4856983324761905,,,,,,,,
71,2020-09-29 12:20:23,1601382023.0,,6328.0,-13.99336624,280.06786346499996,0.70787822,-40.48768776,,51.52181332647619,5.868450867238095,83.42470167314286,160.54289704542856,-5.5079814472380955,11.810431133904762,-31.00070989704762,0.4910317946666667,,,,,,,,
72,2020-09-29 12:20:24,1601382024.0,,6521.0,-10.554681141666666,2815.5382893900005,-0.13248164166666665,68.56688355166666,,51.521838506228065,5.868471865526315,88.11051903228069,159.0369637514035,-4.716045166491228,11.65266661763158,-31.01660547745614,0.4744019765789474,51.52149,5.87059167,30.0,-155.61763,0.0,1.963495465,1.17809725,51.0
73,2020-09-29 12:20:25,1601382025.0,,6785.0,12.52358246,318.77450562,-0.34797941,-33.57418792,,51.521826323693695,5.868473453333333,84.00111129189189,160.62702290666667,-4.343518296306306,12.213891974234233,-30.956030252882883,0.4890286697297297,,,,,,,,
74,2020-09-29 12:20:26,1601382026.0,,,,,,,,51.52183076074074,5.868474315833333,83.47101975518518,159.91513040416666,-2.914746548796296,12.151708567407407,-30.804647269351854,0.5116266089814815,,,,,,,,
75,2020-09-29 12:20:27,1601382027.0,,7055.0,-35.143658955,242.12041473333332,1.4583666483333335,-28.023005710000003,,51.52180295390909,5.868438563999999,84.75574791227272,163.95768077218182,-1.2409434549090907,12.426360245363636,-30.792845812636365,0.5057602595454546,51.52149,5.87059167,30.0,-155.61763,0.0,1.963495465,1.17809725,54.0
76,2020-09-29 12:20:28,1601382028.0,,7261.75,-25.37281227,314.530815125,0.9569114625,21.346862385,,51.5218634559434,5.8684904788679235,84.9325651554717,164.35409614320753,-1.0089912667924525,12.249907235943397,-30.976096531415095,0.5094347025471698,,,,,,,,
77,2020-09-29 12:20:29,1601382029.0,,7372.0,-32.99998708923077,320.1172567523077,0.47950036846153843,17.744066404615385,,51.52190631447619,5.868490446571428,82.99780036114285,153.33838299266668,0.1134269935238094,12.77678363504762,-30.79519965790476,0.5235647460952381,,,,,,,,
78,2020-09-29 12:20:30,1601382030.0,,,,,,,,51.52184563495327,5.868400182149532,83.30961229925234,153.27792684102803,-1.2055972252336447,11.83593072457944,-30.755836023551403,0.5045388511214953,51.52149,5.87059167,30.0,-155.61763,0.0,1.963495465,1.17809725,58.0
79,2020-09-29 12:20:31,1601382031.0,,7787.0,-62.61651611,2.75891852,40.00045987,-22.867633,,51.521939623018866,5.868444212547169,83.22056415179246,153.94615249009433,-1.2926274140566034,10.952405296886791,-31.06259864264151,0.49526161622641507,,,,,,,,
80,2020-09-29 12:20:32,1601382032.0,,8000.0,-71.7123642,3.62727261,6.67277167,-22.86762799,,51.52200631766355,5.868409660373832,84.34929575841122,160.88930423289722,-3.2593138353271027,11.030787759532709,-31.005325673831777,0.49923225682242994,,,,,,,,
81,2020-09-29 12:20:33,1601382033.0,,,,,,,,51.522004684074076,5.868383008611111,85.66028688629629,156.78268914398146,-2.614019158703704,10.685440590833334,-30.46532171740741,0.5002407730555556,51.52149,5.87059167,30.0,-155.61763,0.0,1.963495465,1.17809725,60.0
82,2020-09-29 12:20:34,1601382034.0,,,,,,,,51.52197782715596,5.8684211644954125,84.94336784697248,156.48635703761468,-3.02989252972477,11.296911453669725,-30.430871455779815,0.5076157624770642,,,,,,,,
83,2020-09-29 12:20:35,1601382035.0,,,,,,,,51.521990809074076,5.868395925185184,85.08534343629628,156.14224657342595,-4.131609122314814,11.742240929537036,-30.189224702222223,0.52424802,,,,,,,,
84,2020-09-29 12:20:36,1601382036.0,,,,,,,,51.52193121372727,5.868418120727273,86.90065833872727,159.86333781127274,-2.8254392189090907,11.483882444181818,-30.026316625545455,0.5057538780909091,51.52149,5.87059167,30.0,-155.61763,0.0,1.963495465,1.17809725,63.0
85,2020-09-29 12:20:37,1601382037.0,,,,,,,,51.521929903303565,5.868375225982143,85.21654889892856,158.95279850258927,-3.1759381107142857,11.536177379464286,-29.7498310975,0.5005226690178571,,,,,,,,
86,2020-09-29 12:20:38,1601382038.0,,,,,,,,51.52197627508475,5.86843985237288,83.18180358008475,154.76923631542374,-3.8267243411016945,11.225315354491524,-29.652237326271187,0.49381553203389833,,,,,,,,
87,2020-09-29 12:20:39,1601382039.0,,,,,,,,51.52193213691667,5.868397609833333,84.18666713675,157.668982936,-1.283056217333333,11.23838091275,-29.491259288583333,0.5111163531666667,51.52149,5.87059167,30.0,-155.61763,0.0,1.963495465,1.17809725,65.0
88,2020-09-29 12:20:40,1601382040.0,,10100.380952380952,-11.776592073174603,2774.463187081905,4.441791273333333,62.84665510523809,,51.52187976575,5.868385715166666,84.08458064625,158.92119910816666,-2.315520283916667,11.236650309916666,-29.59297558433333,0.5095053912499999,,,,,,,,
89,2020-09-29 12:20:41,1601382041.0,,9880.380434782608,-15.36602667152174,2089.0834473322825,5.00552676,62.63236437,,51.52192256284553,5.868314261138211,86.29321387300813,156.79343465593496,-4.074171985772358,10.883604024634145,-29.501794489268292,0.5173810262601626,,,,,,,,
90,2020-09-29 12:20:42,1601382042.0,,,,,,,,51.52200217457364,5.868202158759689,86.86504979201551,158.2999344683721,-2.6639375850387594,10.656260376046513,-29.614646823023257,0.4981845745736434,51.52149,5.87059167,30.0,-155.61763,0.0,1.963495465,1.17809725,66.0
91,2020-09-29 12:20:43,1601382043.0,,10398.565217391304,-15.41136368478261,2378.6745127808695,5.223962782173913,62.66652225,,51.522009397999994,5.868099262384615,88.58638461615385,163.19769798784617,-1.754652723076923,10.081838240307693,-29.552331777384616,0.5107316651538462,,,,,,,,
92,2020-09-29 12:20:44,1601382044.0,,,,,,,,51.52200251860465,5.8681187403875965,87.92166440294574,156.76350325542634,-1.9757843148837209,10.117354232558139,-29.68760095612403,0.5253403424031008,,,,,,,,
93,2020-09-29 12:20:45,1601382045.0,,,,,,,,51.5220143564394,5.868153602272727,87.77618559734849,172.99094679825757,-1.352409158560606,10.103946048333333,-29.817924499772726,0.518065731969697,51.52149,5.87059167,30.0,-155.61763,0.0,1.963495465,1.17809725,69.0
94,2020-09-29 12:20:46,1601382046.0,,,,,,,,51.522056557803026,5.868183087651515,83.94414129227272,166.60448198568182,-1.7986264720454543,10.050575876666667,-29.877964366439393,0.5155874803787879,,,,,,,,
95,2020-09-29 12:20:47,1601382047.0,,,,,,,,51.52210704410447,5.868172403432835,84.68203404716418,167.08122377216418,-2.065845957910448,9.876606997313433,-30.396872449104478,0.5161658603731343,,,,,,,,
96,2020-09-29 12:20:48,1601382048.0,,,,,,,,51.52206324305344,5.868132430305343,82.42845139526717,164.09867706022902,-1.7484669654961833,9.927632330992367,-30.46502589442748,0.5239541561068701,51.52149,5.87059167,30.0,-155.61763,0.0,1.963495465,1.17809725,71.0
97,2020-09-29 12:20:49,1601382049.0,,,,,,,,51.52210495890511,5.868099023576642,85.03956906766423,170.6561827011679,-2.360911773649635,9.922171577664233,-30.577007906204383,0.5094422650364964,,,,,,,,
98,2020-09-29 12:20:50,1601382050.0,,,,,,,,51.522066764477614,5.868057683656716,87.03694365843285,172.44608799194032,-3.590932359253731,9.719206184626865,-30.496243149402986,0.5179182258955224,,,,,,,,
99,2020-09-29 12:20:51,1601382051.0,,,,,,,,51.52206467992366,5.868111792824427,83.96259732282444,175.18357413206107,-5.298343425648855,9.811254615648856,-30.78631335557252,0.527333803816794,51.52149,5.87059167,30.0,-155.61763,0.0,1.963495465,1.17809725,75.0
100,2020-09-29 12:20:52,1601382052.0,,12817.0,-64.61614227,3.62256074,20.61059272,-5.66643163,,51.522098331278194,5.868152448270677,83.14159951187969,164.63657926827068,-3.5493668988721807,10.033200362781955,-30.696471393834585,0.5218698293233083,,,,,,,,
101,2020-09-29 12:20:53,1601382053.0,,,,,,,,51.52208125762963,5.868164844,81.34931882540741,160.20539107148147,-4.676693718740741,10.019232823037036,-30.850453270888888,0.5136669566666667,,,,,,,,
102,2020-09-29 12:20:54,1601382054.0,,13568.0,-68.52896118,4.07209635,0.79320828,-4.86762749,,51.52202459914286,5.868232538142856,82.94764462621428,159.88345378171428,-4.897023706642857,10.205325981428572,-30.871204921285717,0.5049008224285714,51.52149,5.87059167,30.0,-155.61763,0.0,1.963495465,1.17809725,76.0
103,2020-09-29 12:20:55,1601382055.0,,,,,,,,51.522080341167886,5.86824238379562,81.88488132773723,156.3573858790511,-4.165181209051095,10.784333035839417,-30.586236772992706,0.5035051386861313,,,,,,,,
104,2020-09-29 12:20:56,1601382056.0,,13501.0,-29.53837585,975.21618652,4.35785749,58.13236926,,51.52207236115942,5.868344589202898,80.69735961833332,150.37677546166665,-3.8502730615217393,10.893917990724638,-30.860523445289854,0.4854124421014493,,,,,,,,
105,2020-09-29 12:20:57,1601382057.0,,,,,,,,51.52204582753731,5.86841373238806,79.22252771671643,151.13346374567163,-3.049537912761194,11.003518305597014,-31.200735662238802,0.4950091177611941,51.52149,5.87059167,30.0,-155.61763,0.0,1.963495465,1.17809725,80.0
106,2020-09-29 12:20:58,1601382058.0,,,,,,,,51.522036409769235,5.868359353615384,78.76143060453846,149.80519205238463,-3.255273912076923,11.131901924307693,-31.03280985953846,0.5203036530769231,,,,,,,,
107,2020-09-29 12:20:59,1601382059.0,,,,,,,,51.522053170538456,5.868438767615384,79.33375953138462,153.33860521684616,-1.9467035154615386,10.814876112153847,-31.137299640923075,0.5183054407692308,,,,,,,,
108,2020-09-29 12:21:00,1601382060.0,,,,,,,,51.522049603046874,5.86843276609375,81.03877003703126,149.64030878195314,1.2113624538281247,10.142253895703124,-31.382119238593752,0.508508846328125,51.52149,5.87059167,30.0,-155.61763,0.0,1.963495465,1.17809725,81.0
109,2020-09-29 12:21:01,1601382061.0,,,,,,,,51.52206682434109,5.8684833731007755,77.97769413813954,147.47498068821704,2.072289499224806,10.246989975891474,-31.323859488372094,0.5059213426356589,,,,,,,,
110,2020-09-29 12:21:02,1601382062.0,,14893.6,0.1762512219999998,2198.786816406,44.57933332,-103.86763024,,51.52204656369231,5.868484604,76.30661934807692,146.11946894876922,1.546943788076923,10.561389981307693,-31.345198499384615,0.5081440514615385,,,,,,,,
111,2020-09-29 12:21:03,1601382063.0,,15623.0,-13.54602051,2055.76928711,-5.49782417,-166.867632,,51.5220631255303,5.868415083181818,80.86491267287879,146.42304034280303,0.011471461818181745,10.727895145909091,-31.24979738772727,0.5167377425757577,51.52149,5.87059167,30.0,-155.61763,0.0,1.963495465,1.17809725,85.0
112,2020-09-29 12:21:04,1601382064.0,,,,,,,,51.52204190584616,5.868383903153846,81.74887703515385,139.52890660576924,-0.3450102586153845,10.030281307076923,-31.272175070384613,0.5028152764615385,,,,,,,,
113,2020-09-29 12:21:05,1601382065.0,,16023.893617021276,-15.185666022765957,2265.7890105551064,5.09230175,58.13236425,,51.522012641269846,5.868343319444444,80.90695994190476,142.17111119761904,-0.7783660038888888,9.877289187460317,-31.351622142539682,0.5146487442857143,,,,,,,,
114,2020-09-29 12:21:06,1601382066.0,,15984.086021505376,-12.14689537795699,2329.718270250968,4.680116755591397,62.00648205215054,,51.52199278594828,5.868133043965517,85.34373692017242,147.18801697543103,1.9935711718965519,9.321036638706897,-31.77103614767241,0.4982358896551724,51.52149,5.87059167,30.0,-155.61763,0.0,1.963495465,1.17809725,88.0
115,2020-09-29 12:21:07,1601382067.0,,,,,,,,51.52205970603603,5.868130618828828,87.52902616711712,150.89851866099102,-1.026612729189189,9.090919204774774,-31.889715624144145,0.5071405881981982,,,,,,,,
116,2020-09-29 12:21:08,1601382068.0,,,,,,,,51.52211354858407,5.868257647433628,86.48330327893805,158.46363876575222,-1.5081841361061945,9.04916551938053,-31.905724212920354,0.5005933702654868,,,,,,,,
117,2020-09-29 12:21:09,1601382069.0,,16705.166666666668,-22.743150076666666,1256.3674926766666,4.95071364,58.13236425,,51.52211061359649,5.868299976578947,86.22692832184211,154.46557742692983,-1.5855603733333332,9.134735383421052,-31.789744059210527,0.5042642926315789,51.52149,5.87059167,30.0,-155.61763,0.0,1.963495465,1.17809725,90.0
118,2020-09-29 12:21:10,1601382070.0,,,,,,,,51.52208991637931,5.868123758275862,85.87663183258621,162.15024491181035,-1.252169100603448,9.145245323706895,-31.54388306034483,0.5008440830172414,,,,,,,,
119,2020-09-29 12:21:11,1601382071.0,,,,,,,,51.52211581905173,5.868100613362069,88.55383628241378,163.2707058047414,-3.038492228275862,9.256123803534482,-31.62589875525862,0.4949175655172414,,,,,,,,
120,2020-09-29 12:21:12,1601382072.0,,,,,,,,51.52203558283333,5.8680217770833325,87.25920458458333,154.41482230633335,-3.8523148054999994,9.086803515083334,-31.817551898666668,0.479915401,51.52149,5.87059167,30.0,-155.61763,0.0,1.963495465,1.17809725,91.0
121,2020-09-29 12:21:13,1601382073.0,,,,,,,,51.52205764580645,5.867983527338709,87.15660930975807,154.58851820653226,-3.265371165403226,9.385747554677419,-31.808250735080644,0.4743312194354839,,,,,,,,
122,2020-09-29 12:21:14,1601382074.0,,,,,,,,51.5220307397619,5.867917227222222,82.14835107349207,160.19014326579367,-5.500154491349206,9.776512206587302,-31.661518097063492,0.4768959461111111,,,,,,,,
123,2020-09-29 12:21:15,1601382075.0,,,,,,,,51.522077437619046,5.867961158571427,83.80172187579366,160.75754475079364,-4.682585793809524,9.520991518333332,-31.59037756531746,0.4840462177777778,51.52149,5.87059167,30.0,-155.61763,0.0,1.963495465,1.17809725,95.0
124,2020-09-29 12:21:16,1601382076.0,,,,,,,,51.522049380852714,5.867971861007751,85.61372525860465,163.35248174031008,-4.817481345116279,9.438027991472868,-31.504778484728682,0.4882994755038759,,,,,,,,
125,2020-09-29 12:21:17,1601382077.0,,,,,,,,51.522031924318185,5.867985101893939,88.47514921325757,163.95837344886365,-4.007728426287879,8.865312803181817,-31.418658401287882,0.47244367568181816,,,,,,,,
126,2020-09-29 12:21:18,1601382078.0,,,,,,,,51.522046459621215,5.868045136742424,86.13309803810606,159.8258047646212,-5.507619759090909,8.938372754166666,-31.461709398636362,0.4848423126515151,51.52149,5.87059167,30.0,-155.61763,0.0,1.963495465,1.17809725,98.0
127,2020-09-29 12:21:19,1601382079.0,,,,,,,,51.52206547674242,5.868124004242424,87.65016568166666,152.90918052196972,-3.5583552901515154,8.712555475757576,-31.830565510757577,0.4875353198484848,,,,,,,,
128,2020-09-29 12:21:20,1601382080.0,,,,,,,,51.52201756155556,5.868053271851852,87.73695637407408,150.43596960792593,-4.620910716222222,8.393553573481482,-31.802397947333333,0.4830889734814815,,,,,,,,
129,2020-09-29 12:21:21,1601382081.0,,,,,,,,51.5220108245926,5.868029580222221,87.24168280548149,153.34509846718518,-5.433669231185185,8.348030947481481,-31.84350854414815,0.49819246992592586,51.52149,5.87059167,30.0,-155.61763,0.0,1.963495465,1.17809725,100.0
130,2020-09-29 12:21:22,1601382082.0,,,,,,,,51.521974112740736,5.8679552095555545,88.13770230503704,157.66895028637035,-5.754223877259259,8.647148890740741,-31.650174656962964,0.49880808518518516,,,,,,,,
131,2020-09-29 12:21:23,1601382083.0,,,,,,,,51.52204095186568,5.867989188208955,88.02272007843283,154.503114936194,-3.343907044477612,8.93590978955224,-31.496755828134326,0.5166887429850746,,,,,,,,
132,2020-09-29 12:21:24,1601382084.0,,19026.0,-32.12232971,341.17300415,4.72364827,-96.41920969,,51.52206729401515,5.868036206060606,86.54787045166667,153.80919939098484,-4.5052588115151515,8.729557469318182,-31.590272470151515,0.5281765300757576,51.52149,5.87059167,30.0,-155.61763,0.0,1.963495465,1.17809725,100.0
133,2020-09-29 12:21:25,1601382085.0,,,,,,,,51.52206950618321,5.8679764895419835,88.76721413152671,156.660171290458,-2.4060215770992364,8.459609162748091,-31.57164706183206,0.5150712033587787,,,,,,,,
134,2020-09-29 12:21:26,1601382086.0,,,,,,,,51.52204555411291,5.867994162258064,85.29223041758065,145.19406050241935,-2.2950195085483873,8.780943760080644,-31.398020159999998,0.533216765564516,,,,,,,,
135,2020-09-29 12:21:27,1601382087.0,,,,,,,,51.52206149543307,5.868078611653543,88.25532331503936,140.8971501296063,-1.1631266814173224,9.0829049703937,-31.669669654566928,0.5143325774015748,51.52149,5.87059167,30.0,-155.61763,0.0,1.963495465,1.17809725,100.0
136,2020-09-29 12:21:28,1601382088.0,,,,,,,,51.522023400230765,5.868069352461538,87.67001103084614,137.05727772315385,-0.7365245309230767,9.502087433692308,-31.677846409846154,0.504477246076923,,,,,,,,
137,2020-09-29 12:21:29,1601382089.0,,,,,,,,51.52199479015152,5.868062956515151,89.22931871272726,132.50253732250002,-2.967040510454545,9.650054048484849,-31.636580929772723,0.5034150165151515,,,,,,,,
138,2020-09-29 12:21:30,1601382090.0,,,,,,,,51.5220455511811,5.868075548897638,86.68165542897637,137.9388468162205,-4.703117781102362,9.314513568031497,-31.718911479055116,0.519563787007874,51.52149,5.87059167,30.0,-155.61763,0.0,1.963495465,1.17809725,100.0
139,2020-09-29 12:21:31,1601382091.0,,20153.1,-13.680658722,2293.715197754,5.022583787,58.13236425,,51.52206102890625,5.8680927698437495,85.09751786445312,139.23404687328124,-4.3163756365624995,9.7555162284375,-31.6767867803125,0.521327107890625,,,,,,,,
140,2020-09-29 12:21:32,1601382092.0,,,,,,,,51.52206596056452,5.868031312338709,84.9122597625,135.08097617,-1.9401659802419353,9.767983272903226,-31.62328932346774,0.5173832858064517,,,,,,,,
141,2020-09-29 12:21:33,1601382093.0,,,,,,,,51.52208484291339,5.867994263149606,84.45981908314961,121.82032507393701,-3.5291919903149607,9.936009102204725,-31.76036245992126,0.5216548678740158,51.52149,5.87059167,30.0,-155.61763,0.0,1.963495465,1.17809725,100.0
142,2020-09-29 12:21:34,1601382094.0,,,,,,,,51.52208970782945,5.867986593875969,86.11520834155039,123.66942277294574,-4.149563518682171,9.959892039844961,-31.79232374100775,0.5193638890697675,,,,,,,,
143,2020-09-29 12:21:35,1601382095.0,,,,,,,,51.522045719761906,5.868024563095237,86.91427569579365,127.4976734134127,-4.347181313015874,9.857900498888888,-31.946799172460317,0.5313870161111112,,,,,,,,
144,2020-09-29 12:21:36,1601382096.0,,,,,,,,51.52203612903226,5.867922354838709,87.55075166072581,132.60359032709678,-4.373573846854839,10.277447046774192,-32.05085576016129,0.5490976380645162,51.52149,5.87059167,30.0,-155.61763,0.0,1.963495465,1.17809725,100.0
145,2020-09-29 12:21:37,1601382097.0,,,,,,,,51.52201658171875,5.867993552968749,88.0011149559375,134.5667630659375,-5.4852936621875,10.47484389875,-32.33563432132812,0.5417313553125,,,,,,,,
146,2020-09-29 12:21:38,1601382098.0,,,,,,,,51.52202139340909,5.86792982530303,88.37697804151516,137.4709796440909,-4.544103124848485,10.232722111893938,-32.25504279863636,0.5279205915909091,,,,,,,,
147,2020-09-29 12:21:39,1601382099.0,,,,,,,,51.522063957723574,5.867923916829268,88.86390605609756,131.87211071065042,-5.832126901300812,9.954660213414634,-32.06329054162602,0.5388788935772358,51.52149,5.87059167,30.0,-155.61763,0.0,1.963495465,1.17809725,100.0
148,2020-09-29 12:21:40,1601382100.0,,,,,,,,51.52206901905512,5.867898221889763,90.25756436559055,131.75541657937006,-5.495576066299213,9.63084046401575,-32.17228911984252,0.52578877,,,,,,,,
149,2020-09-29 12:21:41,1601382101.0,,,,,,,,51.52204954364341,5.8679639740310074,91.73984833100775,130.93973127643412,-4.206474462635659,10.13650287751938,-31.958629933333334,0.5147823841085272,,,,,,,,
150,2020-09-29 12:21:42,1601382102.0,,,,,,,,51.522050939312976,5.867913614045801,92.01056672664123,130.39922711389312,-3.556690160076336,10.320113864122138,-31.840107109923665,0.5088436762595421,51.52149,5.87059167,30.0,-155.61763,0.0,1.963495465,1.17809725,100.0
151,2020-09-29 12:21:43,1601382103.0,,,,,,,,51.52202826238806,5.867917595597014,90.39023917925373,131.88099975820896,-3.881125052985074,9.900071168880597,-31.718792246567162,0.4876106634328358,,,,,,,,
152,2020-09-29 12:21:44,1601382104.0,,22072.625,-19.41793823375,2089.61386108125,4.4800298750000005,58.13236926,,51.522064416783216,5.867990542797203,91.61701415776224,138.90579902587413,-3.1864379263636367,9.73521875923077,-31.842751803076922,0.462554438951049,,,,,,,,
153,2020-09-29 12:21:45,1601382105.0,,,,,,,,51.52210657236486,5.867993468445945,92.68937933945946,139.95199096378377,-2.271044795337838,10.283370431283783,-31.95501814635135,0.45331401391891896,51.52149,5.87059167,30.0,-155.61763,0.0,1.963495465,1.17809725,100.0
154,2020-09-29 12:21:46,1601382106.0,,,,,,,,51.522182487066665,5.868012414666667,95.7793765548,149.00806437193333,-1.8649163099333335,10.062582233133334,-32.03234146106667,0.4473127006666667,,,,,,,,
155,2020-09-29 12:21:47,1601382107.0,,22740.0,-11.61705017,3768.25976563,4.67374818,58.13236425,,51.52215742078431,5.86796596248366,96.48375378575165,144.66085857535947,-0.7096521002614379,10.160996665359477,-31.86639117562091,0.4556584865359477,,,,,,,,
156,2020-09-29 12:21:48,1601382108.0,,,,,,,,51.52219559993243,5.867936090810811,94.22596500027026,154.73937443594596,-1.8031294302702705,10.122485135945947,-31.677810282297298,0.4772308691216216,51.52149,5.87059167,30.0,-155.61763,0.0,1.963495465,1.17809725,100.0
157,2020-09-29 12:21:49,1601382109.0,,,,,,,,51.52226998274648,5.867898313873239,97.7933415721831,160.6096242396479,0.3069089564788731,10.104379560352113,-31.64721225697183,0.4824060293661972,,,,,,,,
158,2020-09-29 12:21:50,1601382110.0,,,,,,,,51.52227972489511,5.867956805944055,95.00784918181819,154.49938024622375,-0.6647509817482518,10.170559352027972,-31.7149058786014,0.48452052006993,,,,,,,,
159,2020-09-29 12:21:51,1601382111.0,,,,,,,,51.52228307833333,5.867957510833333,97.03494854215279,155.0362181601389,-0.08751792284722217,9.946516443124999,-31.72587275486111,0.4905327367361111,51.52149,5.87059167,30.0,-155.61763,0.0,1.963495465,1.17809725,100.0
160,2020-09-29 12:21:52,1601382112.0,,,,,,,,51.522301669600004,5.867963165266667,98.644985905,153.85919203539999,-0.1653498942666666,9.5327351504,-31.821663818066668,0.47525900379999997,,,,,,,,
161,2020-09-29 12:21:53,1601382113.0,,,,,,,,51.52226798693877,5.868091450136054,98.66004511353741,149.93899019408164,-1.2993642360544218,9.370239155374149,-31.929046786462585,0.47924940020408163,,,,,,,,
162,2020-09-29 12:21:54,1601382114.0,,,,,,,,51.52225771945578,5.868083299115646,96.59442671585035,148.37056804204082,-2.4513018053741495,9.352035051836735,-31.828206535986393,0.46091187870748296,51.52149,5.87059167,30.0,-155.61763,0.0,1.963495465,1.17809725,100.0
163,2020-09-29 12:21:55,1601382115.0,,,,,,,,51.52227744694444,5.868156012638888,96.13736692909723,145.87422257034723,-2.781269533472222,9.337310159652779,-31.918853574166665,0.4565684201388889,,,,,,,,
164,2020-09-29 12:21:56,1601382116.0,,,,,,,,51.52224494934306,5.868135238978102,94.44125534262773,151.11215076328466,-2.5680031911678833,8.919924611459855,-32.27445173613139,0.4700213837226278,,,,,,,,
165,2020-09-29 12:21:57,1601382117.0,,,,,,,,51.52226630097744,5.8681759542857135,95.40988229669173,147.05698469323306,-3.2390916414285713,9.695457901654136,-32.06533386075188,0.47591814,51.52149,5.87059167,30.0,-155.61763,0.0,1.963495465,1.17809725,100.0
166,2020-09-29 12:21:58,1601382118.0,,,,,,,,51.522316258787875,5.868230824469697,93.26783989007576,155.093764695303,-4.020859013939393,9.596416303333333,-32.18247575484849,0.46809269507575757,,,,,,,,
167,2020-09-29 12:21:59,1601382119.0,,,,,,,,51.52231754044776,5.868326854552238,94.78288587873135,148.96204465164178,-2.5971642102238803,9.747810763432836,-32.24092238686567,0.4732163079104477,,,,,,,,
168,2020-09-29 12:22:00,1601382120.0,,,,,,,,51.52232530548148,5.868363237333333,91.71406423185185,154.22913200918518,-3.7733497614074074,9.700512357333333,-32.31666737311111,0.48008170481481477,51.52149,5.87059167,30.0,-155.61763,0.0,1.963495465,1.17809725,100.0
169,2020-09-29 12:22:01,1601382121.0,,,,,,,,51.52235597927536,5.868388388188405,94.33012832550725,156.98432083028985,-4.423300958623188,9.839416862536233,-32.3903985507971,0.4806805748550725,,,,,,,,
170,2020-09-29 12:22:02,1601382122.0,,25184.5,-25.588531494999998,846.9512481649999,34.50930624,-157.86763174,,51.52230672426471,5.868457540073528,91.58383096580883,152.08121343874998,-4.495684279117647,10.03385424382353,-32.36232168514706,0.4761302626470588,,,,,,,,
171,2020-09-29 12:22:03,1601382123.0,,26197.022727272728,-18.903874311363637,2100.8823505743185,5.505352003181819,43.22263545204545,,51.52228412544776,5.868517716567164,89.78659128186567,163.66476851037314,-4.335480095447761,10.34485179902985,-32.21462594231343,0.4797193373880597,51.52149,5.87059167,30.0,-155.61763,0.0,1.963495465,1.17809725,100.0
172,2020-09-29 12:22:04,1601382124.0,,,,,,,,51.52228091864662,5.868523011578947,89.5988716849624,155.7783562069173,-4.988715089097744,10.423340966466165,-32.132944350827074,0.4873708990977444,,,,,,,,
173,2020-09-29 12:22:05,1601382125.0,,,,,,,,51.52230219139535,5.868494496356589,88.51625658984497,154.85454301930233,-5.2298219132558135,10.68463642635659,-32.25302008682171,0.4953434634108527,,,,,,,,
174,2020-09-29 12:22:06,1601382126.0,,,,,,,,51.52233871219697,5.8685210249242425,86.60410936651515,157.28920058310604,-6.834143892121212,10.619031416363637,-32.21140081257576,0.48490772606060606,51.52149,5.87059167,30.0,-155.61763,0.0,1.963495465,1.17809725,100.0
175,2020-09-29 12:22:07,1601382127.0,,26382.0,-72.54511261,3.67403793,8.21204401,11.7681026,,51.52232842125,5.8685408946323525,85.80329778352942,158.3974237082353,-6.458859738088235,10.73628849375,-32.10163124904412,0.47933672308823533,,,,,,,,
176,2020-09-29 12:22:08,1601382128.0,,,,,,,,51.52241612939849,5.868557231278195,85.18368504902256,163.6032175669173,-5.9617998849624065,10.986911765037595,-32.139908009172935,0.48998244969924815,,,,,,,,
177,2020-09-29 12:22:09,1601382129.0,,26797.0,4.03993988,157.33143616,-0.23469213,1.64062533,,51.52241246954545,5.868440404166666,86.37817036651516,170.51007420325757,-5.1088676906818185,11.386127684545455,-31.907444983030302,0.49381659909090914,51.52149,5.87059167,30.0,-155.61763,0.0,1.963495465,1.17809725,100.0
178,2020-09-29 12:22:10,1601382130.0,,27956.0,7.62119293,174.92611694,0.07453639,-0.41184876,,51.522438194705884,5.868342155514705,88.69007993375,171.56034448911765,-6.450418294117647,10.63445631242647,-31.85200287330882,0.4712332527205882,,,,,,,,
179,2020-09-29 12:22:11,1601382131.0,,27130.0,7.10545349,191.00733948,-0.56831059,-3.86663261,,51.52238988188405,5.868280277608695,87.04303534362319,163.36696052188404,-3.4216695683333334,10.517920331449275,-31.93910667884058,0.46657184181159417,,,,,,,,
180,2020-09-29 12:22:12,1601382132.0,,28341.0,9.55196381,209.11483765,0.14586156,-5.40826869,,51.52236654949275,5.86824146173913,87.12482909217391,168.5712921545652,-2.622015446594203,10.600497051666666,-31.679776952028988,0.4785840954347826,51.52149,5.87059167,30.0,-155.61763,0.0,1.963495465,1.17809725,100.0
181,2020-09-29 12:22:13,1601382133.0,,27497.0,13.45620728,226.92805481,-0.03374823,-8.8723692,,51.52232435014286,5.868232112499999,88.02300301057143,166.8916825819286,0.8653302081428572,10.043083697142858,-31.898249545071426,0.4748132011428572,,,,,,,,
182,2020-09-29 12:22:14,1601382134.0,,,,,,,,51.52227383234482,5.8681997997931035,88.01686377082758,169.35465335406897,0.6735606935172416,10.214862764758621,-31.52178084310345,0.46545604151724135,,,,,,,,
183,2020-09-29 12:22:15,1601382135.0,,27898.0,14.44124603,263.49346924,-0.27159345,-11.18164116,,51.52224082368794,5.868139441134751,90.00154193865248,168.1534270002128,3.5273991986524824,10.302948705744681,-31.24061600751773,0.4752549570212766,51.52149,5.87059167,30.0,-155.61763,0.0,1.963495465,1.17809725,100.0
184,2020-09-29 12:22:16,1601382136.0,,29104.0,10.70711517,280.24508667,0.31658066,-13.43354106,,51.52224758951389,5.8681570051388885,88.68998569416667,166.64326412944445,2.22599077875,10.432318127638888,-31.117319875902776,0.4679596335416667,,,,,,,,
185,2020-09-29 12:22:17,1601382137.0,,29446.90740740741,-11.868531827962963,1747.9019232859262,23.382588322037037,158.36237318666667,,,,,,,,,,,,,,,,,
186,2020-09-29 12:22:18,1601382138.0,,29970.0,14.85240936,313.44400024,0.11974789,-15.69418027,,51.522231434666665,5.868065381599999,87.37412437933334,158.8581669504,-0.6384656384666666,11.006039700533334,-30.971089910466667,0.4578782702666667,51.52149,5.87059167,30.0,-155.61763,0.0,1.963495465,1.17809725,100.0
187,2020-09-29 12:22:54,1601382174.0,,,,,,,,,,,,,,,,51.52149,5.87059167,30.0,-155.61763,0.0,1.963495465,1.17809725,0.0
188,2020-09-29 12:22:56,1601382176.0,,,,,,,,,,,,,,,,51.52149,5.87059167,30.0,-155.61763,0.0,1.963495465,1.17809725,0.0
189,2020-09-29 12:22:59,1601382179.0,,,,,,,,,,,,,,,,51.52149,5.87059167,30.0,-155.61763,0.0,1.963495465,1.17809725,0.0
190,2020-09-29 12:23:02,1601382182.0,,,,,,,,,,,,,,,,51.52149,5.87059167,30.0,-155.61763,0.0,1.963495465,1.17809725,0.0
191,2020-09-29 12:23:05,1601382185.0,,,,,,,,,,,,,,,,51.52149,5.87059167,30.0,-155.61763,0.0,1.963495465,1.17809725,0.0
192,2020-09-29 12:23:08,1601382188.0,,,,,,,,,,,,,,,,51.52149,5.87059167,30.0,-155.61763,0.0,1.963495465,1.17809725,0.0
193,2020-09-29 12:23:11,1601382191.0,,,,,,,,,,,,,,,,51.52149,5.87059167,30.0,-155.61763,0.0,1.963495465,1.17809725,0.0
194,2020-09-29 12:23:14,1601382194.0,,,,,,,,,,,,,,,,51.52149,5.87059167,30.0,-155.61763,0.0,1.963495465,1.17809725,0.0
195,2020-09-29 12:23:17,1601382197.0,,,,,,,,,,,,,,,,51.52149,5.87059167,30.0,-155.61763,0.0,1.963495465,1.17809725,0.0
196,2020-09-29 12:23:20,1601382200.0,,,,,,,,,,,,,,,,51.52149,5.87059167,30.0,-155.61763,0.0,1.963495465,1.17809725,0.0
197,2020-09-29 12:23:23,1601382203.0,,,,,,,,,,,,,,,,51.52149,5.87059167,30.0,-155.61763,0.0,1.963495465,1.17809725,0.0
198,2020-09-29 12:23:26,1601382206.0,,,,,,,,,,,,,,,,51.52149,5.87059167,30.0,-155.61763,0.0,1.963495465,1.17809725,0.0
199,2020-09-29 12:23:29,1601382209.0,,,,,,,,,,,,,,,,51.52149,5.87059167,30.0,-155.61763,0.0,1.963495465,1.17809725,0.0
200,2020-09-29 12:23:32,1601382212.0,,,,,,,,,,,,,,,,51.52149,5.87059167,30.0,-155.61763,0.0,1.963495465,1.17809725,0.0
201,2020-09-29 12:23:35,1601382215.0,,,,,,,,,,,,,,,,51.52149,5.87059167,30.0,-155.61763,0.0,1.963495465,1.17809725,0.0
202,2020-09-29 12:23:38,1601382218.0,,,,,,,,,,,,,,,,51.52149,5.87059167,30.0,-155.61763,0.0,1.963495465,1.17809725,0.0
203,2020-09-29 12:23:41,1601382221.0,,,,,,,,,,,,,,,,51.52149,5.87059167,30.0,-155.61763,0.0,1.963495465,1.17809725,0.0
204,2020-09-29 12:23:44,1601382224.0,,,,,,,,,,,,,,,,51.52149,5.87059167,30.0,-155.61763,0.0,1.963495465,1.17809725,0.0
205,2020-09-29 12:23:47,1601382227.0,,,,,,,,,,,,,,,,51.52149,5.87059167,30.0,-155.61763,0.0,1.963495465,1.17809725,0.0
206,2020-09-29 12:23:50,1601382230.0,,,,,,,,,,,,,,,,51.52149,5.87059167,30.0,-155.61763,0.0,1.963495465,1.17809725,0.0
207,2020-09-29 12:23:53,1601382233.0,,,,,,,,,,,,,,,,51.52149,5.87059167,30.0,-155.61763,0.0,1.963495465,1.17809725,0.0
208,2020-09-29 12:23:56,1601382236.0,,,,,,,,,,,,,,,,51.52149,5.87059167,30.0,-155.61763,0.0,1.963495465,1.17809725,0.0
209,2020-09-29 12:23:59,1601382239.0,,,,,,,,,,,,,,,,51.52149,5.87059167,30.0,-155.61763,0.0,1.963495465,1.17809725,0.0
210,2020-09-29 12:24:02,1601382242.0,,,,,,,,,,,,,,,,51.52149,5.87059167,30.0,-155.61763,0.0,1.963495465,1.17809725,0.0
211,2020-09-29 12:24:05,1601382245.0,,,,,,,,,,,,,,,,51.52149,5.87059167,30.0,-155.61763,0.0,1.963495465,1.17809725,0.0
212,2020-09-29 12:24:08,1601382248.0,,,,,,,,,,,,,,,,51.52149,5.87059167,30.0,-155.61763,0.0,1.963495465,1.17809725,0.0
213,2020-09-29 12:24:11,1601382251.0,,,,,,,,,,,,,,,,51.52149,5.87059167,30.0,-155.61763,0.0,1.963495465,1.17809725,0.0
214,2020-09-29 12:24:14,1601382254.0,,,,,,,,,,,,,,,,51.52149,5.87059167,30.0,-155.61763,0.0,1.963495465,1.17809725,0.0
