,total in seconds,datetime(utc),Diana_time,DianaSensorPosition_latitude_deg,DianaSensorPosition_longitude_deg,DianaSensorPosition_altitude_m,DianaTargets_band,DianaTarget_ID,DianaTargetsTargetSignal_snr_dB,DianaTargetsTargetSignal_bearing_deg,DianaTargetsTargetSignal_range_m,DianaTargetsTargetClassification_score,channels,DianaTarget_Aircraft,DianaTarget_Controller,DianaTarget_None,DianaClasssification_Unknown,DianaClasssification_DJI-MAVIC-PRO-PLATINUM,DianaClasssification_Wifi-Bluetooth,DianaClasssification_DJI-MAVIC-2-PRO,DianaClasssification_DJI-Phantom-4F,DianaClasssification_Parrot-ANAFI,DianaClasssification_DJI-Phantom-4E,DianaClasssification_SPEKTRUM-DX5e,DianaClasssification_SYMA-X8HW,DianaClasssification_DJI-MAVIC-AIR,DianaClasssification_None,DianaClasssification_VISUO-Zen
0,1601381457,2020-09-29 12:10:57,738063.6,51.519137,5.857951,31.0,1.0,0.0,17.866666,27.521214,227.0,0.175472,0,0,1,0,1,0,0,0,0,0,0,0,0,0,0,0
1,1601381457,2020-09-29 12:10:57,0.0,0.0,0.0,0.0,0.0,0.0,12.523288,27.521214,421.0,0.193715,0,0,1,0,1,0,0,0,0,0,0,0,0,0,0,0
2,1601381460,2020-09-29 12:11:00,738063.6,51.519137,5.857951,31.0,2.0,1.0,23.304105,87.01588000000002,121.0,0.2333329999999999,1,1,0,0,1,0,0,0,0,0,0,0,0,0,0,0
3,1601381460,2020-09-29 12:11:00,0.0,0.0,0.0,0.0,0.0,12000.0,28.407998,87.01588000000002,67.0,0.419188,1,0,1,0,0,1,0,0,0,0,0,0,0,0,0,0
4,1601381460,2020-09-29 12:11:00,0.0,0.0,0.0,0.0,0.0,0.0,10.211538,87.01588000000002,549.0,0.166667,1,0,1,0,1,0,0,0,0,0,0,0,0,0,0,0
5,1601381465,2020-09-29 12:11:05,738063.6,51.519137,5.857951,31.0,1.0,20000.0,11.921907,-25.759901,451.0,0.533333,0,0,1,0,0,0,1,0,0,0,0,0,0,0,0,0
6,1601381469,2020-09-29 12:11:09,738063.6,51.519137,5.857951,31.0,2.0,12000.0,27.2754,90.346806,77.0,0.452521,1,0,1,0,0,1,0,0,0,0,0,0,0,0,0,0
7,1601381469,2020-09-29 12:11:09,0.0,0.0,0.0,0.0,0.0,12000.0,26.066487,90.346806,88.0,0.383789,1,0,1,0,0,1,0,0,0,0,0,0,0,0,0,0
8,1601381475,2020-09-29 12:11:15,738063.6,51.519137,5.857951,31.0,1.0,12000.0,31.218269,-11.171477,48.0,0.666667,0,0,1,0,0,1,0,0,0,0,0,0,0,0,0,0
9,1601381475,2020-09-29 12:11:15,0.0,0.0,0.0,0.0,0.0,12000.0,31.517784,-11.171477,47.0,0.566667,0,0,1,0,0,1,0,0,0,0,0,0,0,0,0,0
10,1601381475,2020-09-29 12:11:15,0.0,0.0,0.0,0.0,0.0,1001.0,21.028049,-11.171477,158.0,0.333333,0,1,0,0,0,0,0,1,0,0,0,0,0,0,0,0
11,1601381478,2020-09-29 12:11:18,738063.6,51.519137,5.857951,31.0,2.0,0.0,28.62073,99.878001,65.0,0.3075,1,0,1,0,1,0,0,0,0,0,0,0,0,0,0,0
12,1601381478,2020-09-29 12:11:18,0.0,0.0,0.0,0.0,0.0,0.0,12.96168,99.878001,400.0,0.366667,1,0,1,0,1,0,0,0,0,0,0,0,0,0,0,0
13,1601381484,2020-09-29 12:11:24,738063.6,51.519137,5.857951,31.0,1.0,12000.0,32.726871,100.292091,41.0,0.4,0,0,1,0,0,1,0,0,0,0,0,0,0,0,0,0
14,1601381484,2020-09-29 12:11:24,0.0,0.0,0.0,0.0,0.0,12000.0,31.32514,100.292091,48.0,0.299054,0,0,1,0,0,1,0,0,0,0,0,0,0,0,0,0
15,1601381484,2020-09-29 12:11:24,0.0,0.0,0.0,0.0,0.0,0.0,30.867504,100.292091,50.0,0.306672,0,0,1,0,1,0,0,0,0,0,0,0,0,0,0,0
16,1601381487,2020-09-29 12:11:27,0.0,0.0,0.0,0.0,0.0,0.0,6.99887,32.024136,795.0,0.3,1,0,1,0,1,0,0,0,0,0,0,0,0,0,0,0
17,1601381487,2020-09-29 12:11:27,0.0,0.0,0.0,0.0,0.0,0.0,7.337125,32.024136,765.0,0.2333329999999999,1,0,1,0,1,0,0,0,0,0,0,0,0,0,0,0
18,1601381487,2020-09-29 12:11:27,738063.6,51.519137,5.857951,31.0,2.0,0.0,7.602233999999997,32.024136,742.0,0.3,1,0,1,0,1,0,0,0,0,0,0,0,0,0,0,0
19,1601381490,2020-09-29 12:11:30,738063.6,51.519137,5.857951,31.0,3.0,1.0,23.134616,81.298653,124.0,0.366667,2,1,0,0,1,0,0,0,0,0,0,0,0,0,0,0
20,1601381490,2020-09-29 12:11:30,0.0,0.0,0.0,0.0,0.0,0.0,13.21948,81.298653,388.0,0.4333329999999999,2,0,1,0,1,0,0,0,0,0,0,0,0,0,0,0
21,1601381490,2020-09-29 12:11:30,0.0,0.0,0.0,0.0,0.0,0.0,7.118005,81.298653,784.0,0.4,2,0,1,0,1,0,0,0,0,0,0,0,0,0,0,0
22,1601381493,2020-09-29 12:11:33,738063.6,51.519137,5.857951,31.0,1.0,12000.0,29.603189,99.207615,58.0,0.387872,0,0,1,0,0,1,0,0,0,0,0,0,0,0,0,0
23,1601381493,2020-09-29 12:11:33,0.0,0.0,0.0,0.0,0.0,12000.0,28.693373,99.207615,65.0,0.331471,0,0,1,0,0,1,0,0,0,0,0,0,0,0,0,0
24,1601381493,2020-09-29 12:11:33,0.0,0.0,0.0,0.0,0.0,12000.0,27.484425,99.207615,75.0,0.431914,0,0,1,0,0,1,0,0,0,0,0,0,0,0,0,0
25,1601381496,2020-09-29 12:11:36,738063.6,51.519137,5.857951,31.0,2.0,12000.0,29.426367,-11.763591,60.0,0.443249,1,0,1,0,0,1,0,0,0,0,0,0,0,0,0,0
26,1601381496,2020-09-29 12:11:36,0.0,0.0,0.0,0.0,0.0,12000.0,28.678244,-11.763591,65.0,0.4073739999999999,1,0,1,0,0,1,0,0,0,0,0,0,0,0,0,0
27,1601381496,2020-09-29 12:11:36,0.0,0.0,0.0,0.0,0.0,12000.0,28.756933,-11.763591,64.0,0.452521,1,0,1,0,0,1,0,0,0,0,0,0,0,0,0,0
28,1601381499,2020-09-29 12:11:39,0.0,0.0,0.0,0.0,0.0,0.0,6.341703,-8.205638,857.0,0.0,2,0,1,0,1,0,0,0,0,0,0,0,0,0,0,0
29,1601381499,2020-09-29 12:11:39,738063.6,51.519137,5.857951,31.0,3.0,1001.0,37.340266,-8.205638,24.0,0.5,2,1,0,0,0,0,0,1,0,0,0,0,0,0,0,0
30,1601381499,2020-09-29 12:11:39,0.0,0.0,0.0,0.0,0.0,0.0,24.125519,-8.205638,110.0,0.3,2,0,1,0,1,0,0,0,0,0,0,0,0,0,0,0
31,1601381501,2020-09-29 12:11:41,738063.6,51.519137,5.857951,31.0,1.0,0.0,22.298827,23.590585,136.0,0.208717,0,0,1,0,1,0,0,0,0,0,0,0,0,0,0,0
32,1601381505,2020-09-29 12:11:45,738063.6,51.519137,5.857951,31.0,2.0,12000.0,27.998045,-0.2417969999999999,70.0,0.354538,1,0,1,0,0,1,0,0,0,0,0,0,0,0,0,0
33,1601381505,2020-09-29 12:11:45,0.0,0.0,0.0,0.0,0.0,12000.0,28.429501,-0.2417969999999999,67.0,0.395576,1,0,1,0,0,1,0,0,0,0,0,0,0,0,0,0
34,1601381505,2020-09-29 12:11:45,0.0,0.0,0.0,0.0,0.0,12000.0,28.077955,-0.2417969999999999,70.0,0.376582,1,0,1,0,0,1,0,0,0,0,0,0,0,0,0,0
35,1601381508,2020-09-29 12:11:48,0.0,0.0,0.0,0.0,0.0,0.0,24.065123,-6.983935000000002,111.0,0.3,2,0,1,0,1,0,0,0,0,0,0,0,0,0,0,0
36,1601381508,2020-09-29 12:11:48,738063.6,51.519137,5.857951,31.0,3.0,16001.0,35.688647,-6.983935000000002,29.0,0.333333,2,1,0,0,0,0,0,0,1,0,0,0,0,0,0,0
37,1601381511,2020-09-29 12:11:51,0.0,0.0,0.0,0.0,0.0,12000.0,7.400049,-0.78546,759.0,0.466667,0,0,1,0,0,1,0,0,0,0,0,0,0,0,0,0
38,1601381511,2020-09-29 12:11:51,738063.6,51.519137,5.857951,31.0,1.0,1.0,15.740145000000002,-0.78546,290.0,0.266667,0,1,0,0,1,0,0,0,0,0,0,0,0,0,0,0
39,1601381511,2020-09-29 12:11:51,0.0,0.0,0.0,0.0,0.0,0.0,19.09484,-0.78546,197.0,0.4,0,0,1,0,1,0,0,0,0,0,0,0,0,0,0,0
40,1601381514,2020-09-29 12:11:54,738063.6,51.519137,5.857951,31.0,2.0,1.0,13.746972,85.130012,365.0,0.4,1,1,0,0,1,0,0,0,0,0,0,0,0,0,0,0
41,1601381514,2020-09-29 12:11:54,0.0,0.0,0.0,0.0,0.0,11000.0,15.97211,85.130012,283.0,0.6,1,0,1,0,0,0,0,0,0,1,0,0,0,0,0,0
42,1601381514,2020-09-29 12:11:54,0.0,0.0,0.0,0.0,0.0,12000.0,18.393519,85.130012,214.0,0.420218,1,0,1,0,0,1,0,0,0,0,0,0,0,0,0,0
43,1601381518,2020-09-29 12:11:58,738063.6,51.519137,5.857951,31.0,3.0,1001.0,35.808673,-9.140801,28.0,0.4,2,1,0,0,0,0,0,1,0,0,0,0,0,0,0,0
44,1601381518,2020-09-29 12:11:58,0.0,0.0,0.0,0.0,0.0,0.0,23.874904,-9.140801,113.0,0.3,2,0,1,0,1,0,0,0,0,0,0,0,0,0,0,0
45,1601381518,2020-09-29 12:11:58,0.0,0.0,0.0,0.0,0.0,12000.0,15.158686,-9.140801,310.0,0.377728,2,0,1,0,0,1,0,0,0,0,0,0,0,0,0,0
46,1601381520,2020-09-29 12:12:00,0.0,0.0,0.0,0.0,0.0,12000.0,21.787334,-2.365992,144.0,0.447004,0,0,1,0,0,1,0,0,0,0,0,0,0,0,0,0
47,1601381520,2020-09-29 12:12:00,738063.6,51.519137,5.857951,31.0,1.0,12000.0,21.065564,-2.365992,157.0,0.406525,0,0,1,0,0,1,0,0,0,0,0,0,0,0,0,0
48,1601381520,2020-09-29 12:12:00,0.0,0.0,0.0,0.0,0.0,12000.0,20.787666,-2.365992,162.0,0.392833,0,0,1,0,0,1,0,0,0,0,0,0,0,0,0,0
49,1601381523,2020-09-29 12:12:03,738063.6,51.519137,5.857951,31.0,2.0,12000.0,23.672815,82.259431,116.0,0.387872,1,0,1,0,0,1,0,0,0,0,0,0,0,0,0,0
50,1601381523,2020-09-29 12:12:03,0.0,0.0,0.0,0.0,0.0,1.0,15.107935,82.259431,312.0,0.4,1,1,0,0,1,0,0,0,0,0,0,0,0,0,0,0
51,1601381523,2020-09-29 12:12:03,0.0,0.0,0.0,0.0,0.0,0.0,9.669893,82.259431,584.0,0.126995,1,0,1,0,1,0,0,0,0,0,0,0,0,0,0,0
52,1601381526,2020-09-29 12:12:06,0.0,0.0,0.0,0.0,0.0,0.0,23.905452,-4.626579,113.0,0.21929,2,0,1,0,1,0,0,0,0,0,0,0,0,0,0,0
53,1601381526,2020-09-29 12:12:06,0.0,0.0,0.0,0.0,0.0,0.0,19.532204,-4.626579,187.0,0.346323,2,0,1,0,1,0,0,0,0,0,0,0,0,0,0,0
54,1601381526,2020-09-29 12:12:06,738063.6,51.519137,5.857951,31.0,3.0,1001.0,35.622893,-4.626579,29.0,0.766667,2,1,0,0,0,0,0,1,0,0,0,0,0,0,0,0
55,1601381530,2020-09-29 12:12:10,0.0,0.0,0.0,0.0,0.0,12000.0,13.710685,-11.032848,367.0,0.41213,0,0,1,0,0,1,0,0,0,0,0,0,0,0,0,0
56,1601381530,2020-09-29 12:12:10,0.0,0.0,0.0,0.0,0.0,12000.0,11.644623,-11.032848,465.0,0.421401,0,0,1,0,0,1,0,0,0,0,0,0,0,0,0,0
57,1601381530,2020-09-29 12:12:10,738063.6,51.519137,5.857951,31.0,1.0,0.0,15.132862,-11.032848,311.0,0.208805,0,0,1,0,1,0,0,0,0,0,0,0,0,0,0,0
58,1601381532,2020-09-29 12:12:12,738063.6,51.519137,5.857951,31.0,2.0,1.0,15.307159,82.73176099999998,305.0,0.3,1,1,0,0,1,0,0,0,0,0,0,0,0,0,0,0
59,1601381532,2020-09-29 12:12:12,0.0,0.0,0.0,0.0,0.0,0.0,9.491576,82.73176099999998,596.0,0.126995,1,0,1,0,1,0,0,0,0,0,0,0,0,0,0,0
60,1601381535,2020-09-29 12:12:15,738063.6,51.519137,5.857951,31.0,3.0,1001.0,35.335898,-4.873459,30.0,0.4,2,1,0,0,0,0,0,1,0,0,0,0,0,0,0,0
61,1601381535,2020-09-29 12:12:15,0.0,0.0,0.0,0.0,0.0,0.0,23.386017,-4.873459,120.0,0.187746,2,0,1,0,1,0,0,0,0,0,0,0,0,0,0,0
62,1601381538,2020-09-29 12:12:18,738063.6,51.519137,5.857951,31.0,1.0,0.0,18.17089,26.856216,219.0,0.208805,0,0,1,0,1,0,0,0,0,0,0,0,0,0,0,0
63,1601381538,2020-09-29 12:12:18,0.0,0.0,0.0,0.0,0.0,0.0,11.914521,26.856216,451.0,0.17762,0,0,1,0,1,0,0,0,0,0,0,0,0,0,0,0
64,1601381541,2020-09-29 12:12:21,0.0,0.0,0.0,0.0,0.0,12000.0,12.25657,82.513796,434.0,0.4110609999999999,1,0,1,0,0,1,0,0,0,0,0,0,0,0,0,0
65,1601381541,2020-09-29 12:12:21,0.0,0.0,0.0,0.0,0.0,0.0,13.020421,82.513796,397.0,0.2333329999999999,1,0,1,0,1,0,0,0,0,0,0,0,0,0,0,0
66,1601381541,2020-09-29 12:12:21,738063.6,51.519137,5.857951,31.0,2.0,0.0,15.942704,82.513796,284.0,0.184188,1,0,1,0,1,0,0,0,0,0,0,0,0,0,0,0
67,1601381547,2020-09-29 12:12:27,738063.6,51.519137,5.857951,31.0,1.0,0.0,23.968194,1.575038,112.0,0.4333329999999999,0,0,1,0,1,0,0,0,0,0,0,0,0,0,0,0
68,1601381547,2020-09-29 12:12:27,0.0,0.0,0.0,0.0,0.0,0.0,20.528584,1.575038,167.0,0.3,0,0,1,0,1,0,0,0,0,0,0,0,0,0,0,0
69,1601381547,2020-09-29 12:12:27,0.0,0.0,0.0,0.0,0.0,12000.0,20.920794,1.575038,160.0,0.733333,0,0,1,0,0,1,0,0,0,0,0,0,0,0,0,0
70,1601381549,2020-09-29 12:12:29,738063.6,51.519137,5.857951,31.0,2.0,12000.0,15.88861,-1.456168,285.0,0.40852,1,0,1,0,0,1,0,0,0,0,0,0,0,0,0,0
71,1601381553,2020-09-29 12:12:33,738063.6,51.519137,5.857951,31.0,3.0,0.0,15.139329,81.016388,311.0,0.185925,2,0,1,0,1,0,0,0,0,0,0,0,0,0,0,0
72,1601381553,2020-09-29 12:12:33,0.0,0.0,0.0,0.0,0.0,0.0,10.863457,81.016388,509.0,0.213251,2,0,1,0,1,0,0,0,0,0,0,0,0,0,0,0
73,1601381562,2020-09-29 12:12:42,738063.6,51.519137,5.857951,31.0,3.0,0.0,17.776958999999994,81.243454,229.0,0.266667,2,0,1,0,1,0,0,0,0,0,0,0,0,0,0,0
74,1601381562,2020-09-29 12:12:42,0.0,0.0,0.0,0.0,0.0,0.0,10.318771,81.243454,542.0,0.210956,2,0,1,0,1,0,0,0,0,0,0,0,0,0,0,0
75,1601381565,2020-09-29 12:12:45,0.0,0.0,0.0,0.0,0.0,0.0,24.679462,-11.822923,103.0,0.3,0,0,1,0,1,0,0,0,0,0,0,0,0,0,0,0
76,1601381565,2020-09-29 12:12:45,738063.6,51.519137,5.857951,31.0,1.0,12001.0,37.04628,-11.822923,25.0,0.533333,0,1,0,0,0,1,0,0,0,0,0,0,0,0,0,0
77,1601381568,2020-09-29 12:12:48,738063.6,51.519137,5.857951,31.0,2.0,12000.0,19.015826,142.862953,199.0,0.633333,1,0,1,0,0,1,0,0,0,0,0,0,0,0,0,0
78,1601381568,2020-09-29 12:12:48,0.0,0.0,0.0,0.0,0.0,12000.0,18.192232,142.862953,219.0,0.3630739999999999,1,0,1,0,0,1,0,0,0,0,0,0,0,0,0,0
79,1601381568,2020-09-29 12:12:48,0.0,0.0,0.0,0.0,0.0,12000.0,15.589296,142.862953,295.0,0.4775149999999999,1,0,1,0,0,1,0,0,0,0,0,0,0,0,0,0
80,1601381571,2020-09-29 12:12:51,738063.6,51.519137,5.857951,31.0,3.0,1.0,15.169692,81.062051,310.0,0.207779,2,1,0,0,1,0,0,0,0,0,0,0,0,0,0,0
81,1601381574,2020-09-29 12:12:54,738063.6,51.519137,5.857951,31.0,1.0,1001.0,36.539562,-9.50443,26.0,0.4,0,1,0,0,0,0,0,1,0,0,0,0,0,0,0,0
82,1601381574,2020-09-29 12:12:54,0.0,0.0,0.0,0.0,0.0,0.0,14.286081,-9.50443,343.0,0.4333329999999999,0,0,1,0,1,0,0,0,0,0,0,0,0,0,0,0
83,1601381574,2020-09-29 12:12:54,0.0,0.0,0.0,0.0,0.0,0.0,7.700521000000001,-9.50443,733.0,0.2333329999999999,0,0,1,0,1,0,0,0,0,0,0,0,0,0,0,0
84,1601381577,2020-09-29 12:12:57,738063.6,51.519137,5.857951,31.0,2.0,12000.0,13.824331,97.261795,362.0,0.447004,1,0,1,0,0,1,0,0,0,0,0,0,0,0,0,0
85,1601381577,2020-09-29 12:12:57,0.0,0.0,0.0,0.0,0.0,0.0,10.818459,97.261795,512.0,0.333333,1,0,1,0,1,0,0,0,0,0,0,0,0,0,0,0
86,1601381577,2020-09-29 12:12:57,0.0,0.0,0.0,0.0,0.0,12000.0,9.944171,97.261795,566.0,0.4110609999999999,1,0,1,0,0,1,0,0,0,0,0,0,0,0,0,0
87,1601381583,2020-09-29 12:13:03,738063.6,51.519137,5.857951,31.0,1.0,12001.0,36.09824,4.861116,27.0,0.9,0,1,0,0,0,1,0,0,0,0,0,0,0,0,0,0
88,1601381583,2020-09-29 12:13:03,0.0,0.0,0.0,0.0,0.0,12000.0,23.515188,4.861116,118.0,0.431914,0,0,1,0,0,1,0,0,0,0,0,0,0,0,0,0
89,1601381583,2020-09-29 12:13:03,0.0,0.0,0.0,0.0,0.0,0.0,12.07642,4.861116,443.0,0.162144,0,0,1,0,1,0,0,0,0,0,0,0,0,0,0,0
90,1601381586,2020-09-29 12:13:06,0.0,0.0,0.0,0.0,0.0,12000.0,23.465039,-7.349355,119.0,0.321737,1,0,1,0,0,1,0,0,0,0,0,0,0,0,0,0
91,1601381586,2020-09-29 12:13:06,738063.6,51.519137,5.857951,31.0,2.0,12000.0,23.598808,-7.349355,117.0,0.4073739999999999,1,0,1,0,0,1,0,0,0,0,0,0,0,0,0,0
92,1601381586,2020-09-29 12:13:06,0.0,0.0,0.0,0.0,0.0,12000.0,22.446346,-7.349355,134.0,0.445593,1,0,1,0,0,1,0,0,0,0,0,0,0,0,0,0
93,1601381589,2020-09-29 12:13:09,0.0,0.0,0.0,0.0,0.0,12000.0,23.232737,-5.947521,122.0,0.4438470000000001,2,0,1,0,0,1,0,0,0,0,0,0,0,0,0,0
94,1601381589,2020-09-29 12:13:09,738063.6,51.519137,5.857951,31.0,3.0,12000.0,24.176049,-5.947521,110.0,0.4073739999999999,2,0,1,0,0,1,0,0,0,0,0,0,0,0,0,0
95,1601381589,2020-09-29 12:13:09,0.0,0.0,0.0,0.0,0.0,0.0,10.65944,-5.947521,521.0,0.327296,2,0,1,0,1,0,0,0,0,0,0,0,0,0,0,0
96,1601381592,2020-09-29 12:13:12,0.0,0.0,0.0,0.0,0.0,0.0,27.159102,19.540177,78.0,0.266667,0,0,1,0,1,0,0,0,0,0,0,0,0,0,0,0
97,1601381592,2020-09-29 12:13:12,738063.6,51.519137,5.857951,31.0,1.0,1001.0,29.387233,19.540177,60.0,0.333333,0,1,0,0,0,0,0,1,0,0,0,0,0,0,0,0
98,1601381595,2020-09-29 12:13:15,0.0,0.0,0.0,0.0,0.0,0.0,8.985511,-3.908663,632.0,0.0,1,0,1,0,1,0,0,0,0,0,0,0,0,0,0,0
99,1601381595,2020-09-29 12:13:15,0.0,0.0,0.0,0.0,0.0,12000.0,28.366939,-3.908663,67.0,0.428356,1,0,1,0,0,1,0,0,0,0,0,0,0,0,0,0
100,1601381595,2020-09-29 12:13:15,738063.6,51.519137,5.857951,31.0,2.0,1.0,22.163464,-3.908663,138.0,0.333333,1,1,0,0,1,0,0,0,0,0,0,0,0,0,0,0
101,1601381598,2020-09-29 12:13:18,738063.6,51.519137,5.857951,31.0,3.0,12000.0,22.232246,-5.830215,137.0,0.378796,2,0,1,0,0,1,0,0,0,0,0,0,0,0,0,0
102,1601381598,2020-09-29 12:13:18,0.0,0.0,0.0,0.0,0.0,0.0,20.971594,-5.830215,159.0,0.281506,2,0,1,0,1,0,0,0,0,0,0,0,0,0,0,0
103,1601381598,2020-09-29 12:13:18,0.0,0.0,0.0,0.0,0.0,0.0,10.272936,-5.830215,545.0,0.279042,2,0,1,0,1,0,0,0,0,0,0,0,0,0,0,0
104,1601381601,2020-09-29 12:13:21,738063.6,51.519137,5.857951,31.0,1.0,11001.0,20.042472,15.532595,177.0,0.633333,0,1,0,0,0,0,0,0,0,1,0,0,0,0,0,0
105,1601381601,2020-09-29 12:13:21,0.0,0.0,0.0,0.0,0.0,12000.0,22.271107,15.532595,137.0,0.4073739999999999,0,0,1,0,0,1,0,0,0,0,0,0,0,0,0,0
106,1601381601,2020-09-29 12:13:21,0.0,0.0,0.0,0.0,0.0,0.0,13.977267,15.532595,356.0,0.366667,0,0,1,0,1,0,0,0,0,0,0,0,0,0,0,0
107,1601381604,2020-09-29 12:13:24,0.0,0.0,0.0,0.0,0.0,12000.0,16.528956,84.493399,265.0,0.396159,1,0,1,0,0,1,0,0,0,0,0,0,0,0,0,0
108,1601381604,2020-09-29 12:13:24,0.0,0.0,0.0,0.0,0.0,12000.0,16.391422,84.493399,269.0,0.414671,1,0,1,0,0,1,0,0,0,0,0,0,0,0,0,0
109,1601381604,2020-09-29 12:13:24,738063.6,51.519137,5.857951,31.0,2.0,0.0,16.847032000000002,84.493399,255.0,0.366667,1,0,1,0,1,0,0,0,0,0,0,0,0,0,0,0
110,1601381607,2020-09-29 12:13:27,738063.6,51.519137,5.857951,31.0,3.0,0.0,18.619993,138.956028,208.0,0.280068,2,0,1,0,1,0,0,0,0,0,0,0,0,0,0,0
111,1601381607,2020-09-29 12:13:27,0.0,0.0,0.0,0.0,0.0,12000.0,12.245924,138.956028,434.0,0.3255349999999999,2,0,1,0,0,1,0,0,0,0,0,0,0,0,0,0
112,1601381607,2020-09-29 12:13:27,0.0,0.0,0.0,0.0,0.0,0.0,7.9602369999999985,138.956028,712.0,0.3,2,0,1,0,1,0,0,0,0,0,0,0,0,0,0,0
113,1601381610,2020-09-29 12:13:30,738063.6,51.519137,5.857951,31.0,1.0,1.0,25.947563,38.823,89.0,0.2333329999999999,0,1,0,0,1,0,0,0,0,0,0,0,0,0,0,0
114,1601381610,2020-09-29 12:13:30,0.0,0.0,0.0,0.0,0.0,0.0,23.648501,38.823,116.0,0.2333329999999999,0,0,1,0,1,0,0,0,0,0,0,0,0,0,0,0
115,1601381610,2020-09-29 12:13:30,0.0,0.0,0.0,0.0,0.0,12000.0,18.729102,38.823,206.0,0.412233,0,0,1,0,0,1,0,0,0,0,0,0,0,0,0,0
116,1601381613,2020-09-29 12:13:33,0.0,0.0,0.0,0.0,0.0,12000.0,17.879043,88.905226,227.0,0.3997179999999999,1,0,1,0,0,1,0,0,0,0,0,0,0,0,0,0
117,1601381613,2020-09-29 12:13:33,738063.6,51.519137,5.857951,31.0,2.0,1.0,18.07915,88.905226,222.0,0.333333,1,1,0,0,1,0,0,0,0,0,0,0,0,0,0,0
118,1601381613,2020-09-29 12:13:33,0.0,0.0,0.0,0.0,0.0,12000.0,21.416661,88.905226,151.0,0.4110609999999999,1,0,1,0,0,1,0,0,0,0,0,0,0,0,0,0
119,1601381619,2020-09-29 12:13:39,0.0,0.0,0.0,0.0,0.0,0.0,22.839442,44.553626,128.0,0.3,0,0,1,0,1,0,0,0,0,0,0,0,0,0,0,0
120,1601381619,2020-09-29 12:13:39,738063.6,51.519137,5.857951,31.0,1.0,12001.0,27.349903,44.553626,76.0,0.466667,0,1,0,0,0,1,0,0,0,0,0,0,0,0,0,0
121,1601381622,2020-09-29 12:13:42,738063.6,51.519137,5.857951,31.0,2.0,1.0,13.833420000000002,82.10785200000002,362.0,0.4333329999999999,1,1,0,0,1,0,0,0,0,0,0,0,0,0,0,0
122,1601381622,2020-09-29 12:13:42,0.0,0.0,0.0,0.0,0.0,0.0,9.714953,82.10785200000002,581.0,0.126995,1,0,1,0,1,0,0,0,0,0,0,0,0,0,0,0
123,1601381624,2020-09-29 12:13:44,738063.6,51.519137,5.857951,31.0,3.0,0.0,15.462166,81.295866,300.0,0.181442,2,0,1,0,1,0,0,0,0,0,0,0,0,0,0,0
124,1601381628,2020-09-29 12:13:48,738063.6,51.519137,5.857951,31.0,1.0,12001.0,24.89421,47.622168,101.0,0.4,0,1,0,0,0,1,0,0,0,0,0,0,0,0,0,0
125,1601381628,2020-09-29 12:13:48,0.0,0.0,0.0,0.0,0.0,20000.0,21.539366,47.622168,149.0,0.5,0,0,1,0,0,0,1,0,0,0,0,0,0,0,0,0
126,1601381634,2020-09-29 12:13:54,738063.6,51.519137,5.857951,31.0,3.0,0.0,16.569925,81.262362,264.0,0.2333329999999999,2,0,1,0,1,0,0,0,0,0,0,0,0,0,0,0
127,1601381634,2020-09-29 12:13:54,0.0,0.0,0.0,0.0,0.0,0.0,11.598276,81.262362,468.0,0.257663,2,0,1,0,1,0,0,0,0,0,0,0,0,0,0,0
128,1601381637,2020-09-29 12:13:57,0.0,0.0,0.0,0.0,0.0,12000.0,20.948088,50.391539,159.0,0.462425,0,0,1,0,0,1,0,0,0,0,0,0,0,0,0,0
129,1601381637,2020-09-29 12:13:57,738063.6,51.519137,5.857951,31.0,1.0,12001.0,26.4324,50.391539,84.0,0.333333,0,1,0,0,0,1,0,0,0,0,0,0,0,0,0,0
130,1601381640,2020-09-29 12:14:00,738063.6,51.519137,5.857951,31.0,2.0,12000.0,14.132629,21.837016,349.0,0.421401,1,0,1,0,0,1,0,0,0,0,0,0,0,0,0,0
131,1601381640,2020-09-29 12:14:00,0.0,0.0,0.0,0.0,0.0,12000.0,13.960733,21.837016,356.0,0.447004,1,0,1,0,0,1,0,0,0,0,0,0,0,0,0,0
132,1601381640,2020-09-29 12:14:00,0.0,0.0,0.0,0.0,0.0,12000.0,9.812871,21.837016,575.0,0.7,1,0,1,0,0,1,0,0,0,0,0,0,0,0,0,0
133,1601381642,2020-09-29 12:14:02,738063.6,51.519137,5.857951,31.0,3.0,0.0,15.873813,80.933701,286.0,0.214775,2,0,1,0,1,0,0,0,0,0,0,0,0,0,0,0
134,1601381646,2020-09-29 12:14:06,738063.6,51.519137,5.857951,31.0,1.0,12001.0,25.903316,51.506095,90.0,0.466667,0,1,0,0,0,1,0,0,0,0,0,0,0,0,0,0
135,1601381646,2020-09-29 12:14:06,0.0,0.0,0.0,0.0,0.0,0.0,11.587162,51.506095,468.0,0.333333,0,0,1,0,1,0,0,0,0,0,0,0,0,0,0,0
136,1601381649,2020-09-29 12:14:09,0.0,0.0,0.0,0.0,0.0,12000.0,9.600479,5.1790970000000005,589.0,0.421401,1,0,1,0,0,1,0,0,0,0,0,0,0,0,0,0
137,1601381649,2020-09-29 12:14:09,738063.6,51.519137,5.857951,31.0,2.0,12000.0,9.850958,5.1790970000000005,572.0,0.4110609999999999,1,0,1,0,0,1,0,0,0,0,0,0,0,0,0,0
138,1601381649,2020-09-29 12:14:09,0.0,0.0,0.0,0.0,0.0,0.0,9.321905,5.1790970000000005,608.0,0.276895,1,0,1,0,1,0,0,0,0,0,0,0,0,0,0,0
139,1601381652,2020-09-29 12:14:12,0.0,0.0,0.0,0.0,0.0,12000.0,14.930007000000002,81.586221,319.0,0.466667,2,0,1,0,0,1,0,0,0,0,0,0,0,0,0,0
140,1601381652,2020-09-29 12:14:12,738063.6,51.519137,5.857951,31.0,3.0,0.0,15.635201,81.586221,294.0,0.266667,2,0,1,0,1,0,0,0,0,0,0,0,0,0,0,0
141,1601381655,2020-09-29 12:14:15,738063.6,51.519137,5.857951,31.0,1.0,1.0,17.261582,58.01689200000001,244.0,0.2333329999999999,0,1,0,0,1,0,0,0,0,0,0,0,0,0,0,0
142,1601381655,2020-09-29 12:14:15,0.0,0.0,0.0,0.0,0.0,0.0,17.586747,58.01689200000001,235.0,0.186423,0,0,1,0,1,0,0,0,0,0,0,0,0,0,0,0
143,1601381658,2020-09-29 12:14:18,738063.6,51.519137,5.857951,31.0,2.0,12000.0,16.300241,4.5225300000000015,272.0,0.384934,1,0,1,0,0,1,0,0,0,0,0,0,0,0,0,0
144,1601381658,2020-09-29 12:14:18,0.0,0.0,0.0,0.0,0.0,12000.0,15.145482,4.5225300000000015,311.0,0.325719,1,0,1,0,0,1,0,0,0,0,0,0,0,0,0,0
145,1601381660,2020-09-29 12:14:20,738063.6,51.519137,5.857951,31.0,3.0,12000.0,15.147675,91.375736,311.0,0.388421,2,0,1,0,0,1,0,0,0,0,0,0,0,0,0,0
146,1601381664,2020-09-29 12:14:24,738063.6,51.519137,5.857951,31.0,1.0,12001.0,14.461425,60.669288,336.0,0.366667,0,1,0,0,0,1,0,0,0,0,0,0,0,0,0,0
147,1601381664,2020-09-29 12:14:24,0.0,0.0,0.0,0.0,0.0,0.0,21.657441,60.669288,147.0,0.208717,0,0,1,0,1,0,0,0,0,0,0,0,0,0,0,0
148,1601381666,2020-09-29 12:14:26,738063.6,51.519137,5.857951,31.0,2.0,0.0,12.324398,-1.689183,430.0,0.350049,1,0,1,0,1,0,0,0,0,0,0,0,0,0,0,0
149,1601381669,2020-09-29 12:14:29,738063.6,51.519137,5.857951,31.0,3.0,0.0,0.0,0.0,0.0,0.0,2,0,0,0,0,0,0,0,0,0,0,0,0,0,0,0
150,1601381673,2020-09-29 12:14:33,0.0,0.0,0.0,0.0,0.0,12000.0,19.307488,10.395157,192.0,0.414671,0,0,1,0,0,1,0,0,0,0,0,0,0,0,0,0
151,1601381673,2020-09-29 12:14:33,738063.6,51.519137,5.857951,31.0,1.0,1001.0,17.362682999999997,10.395157,241.0,0.366667,0,1,0,0,0,0,0,1,0,0,0,0,0,0,0,0
152,1601381673,2020-09-29 12:14:33,0.0,0.0,0.0,0.0,0.0,20000.0,23.220291,10.395157,122.0,0.6,0,0,1,0,0,0,1,0,0,0,0,0,0,0,0,0
153,1601381676,2020-09-29 12:14:36,738063.6,51.519137,5.857951,31.0,2.0,0.0,12.493874,82.568608,422.0,0.0,1,0,1,0,1,0,0,0,0,0,0,0,0,0,0,0
154,1601381676,2020-09-29 12:14:36,0.0,0.0,0.0,0.0,0.0,12000.0,15.288728,82.568608,306.0,0.336226,1,0,1,0,0,1,0,0,0,0,0,0,0,0,0,0
155,1601381676,2020-09-29 12:14:36,0.0,0.0,0.0,0.0,0.0,12000.0,9.736478,82.568608,580.0,0.381337,1,0,1,0,0,1,0,0,0,0,0,0,0,0,0,0
156,1601381678,2020-09-29 12:14:38,738063.6,51.519137,5.857951,31.0,3.0,12000.0,8.517475,98.445174,667.0,0.3855909999999999,2,0,1,0,0,1,0,0,0,0,0,0,0,0,0,0
157,1601381682,2020-09-29 12:14:42,738063.6,51.519137,5.857951,31.0,1.0,1.0,13.027457,56.308765,397.0,0.366667,0,1,0,0,1,0,0,0,0,0,0,0,0,0,0,0
158,1601381682,2020-09-29 12:14:42,0.0,0.0,0.0,0.0,0.0,0.0,21.198884,56.308765,155.0,0.208717,0,0,1,0,1,0,0,0,0,0,0,0,0,0,0,0
159,1601381682,2020-09-29 12:14:42,0.0,0.0,0.0,0.0,0.0,0.0,10.291431,56.308765,544.0,0.171051,0,0,1,0,1,0,0,0,0,0,0,0,0,0,0,0
160,1601381685,2020-09-29 12:14:45,0.0,0.0,0.0,0.0,0.0,0.0,10.212222,82.307783,549.0,0.126995,1,0,1,0,1,0,0,0,0,0,0,0,0,0,0,0
161,1601381685,2020-09-29 12:14:45,738063.6,51.519137,5.857951,31.0,2.0,1.0,14.668323,82.307783,328.0,0.4333329999999999,1,1,0,0,1,0,0,0,0,0,0,0,0,0,0,0
162,1601381687,2020-09-29 12:14:47,738063.6,51.519137,5.857951,31.0,3.0,0.0,0.0,0.0,0.0,0.0,2,0,0,0,0,0,0,0,0,0,0,0,0,0,0,0
163,1601381691,2020-09-29 12:14:51,738063.6,51.519137,5.857951,31.0,1.0,12001.0,12.601383,55.622085,417.0,0.4,0,1,0,0,0,1,0,0,0,0,0,0,0,0,0,0
164,1601381691,2020-09-29 12:14:51,0.0,0.0,0.0,0.0,0.0,12000.0,9.255998,55.622085,613.0,0.447004,0,0,1,0,0,1,0,0,0,0,0,0,0,0,0,0
165,1601381694,2020-09-29 12:14:54,738063.6,51.519137,5.857951,31.0,2.0,1.0,15.551188,83.058616,297.0,0.258483,1,1,0,0,1,0,0,0,0,0,0,0,0,0,0,0
166,1601381694,2020-09-29 12:14:54,0.0,0.0,0.0,0.0,0.0,12000.0,17.029260999999998,83.058616,250.0,0.359464,1,0,1,0,0,1,0,0,0,0,0,0,0,0,0,0
167,1601381694,2020-09-29 12:14:54,0.0,0.0,0.0,0.0,0.0,12000.0,16.434515,83.058616,268.0,0.3975889999999999,1,0,1,0,0,1,0,0,0,0,0,0,0,0,0,0
168,1601381700,2020-09-29 12:15:00,0.0,0.0,0.0,0.0,0.0,0.0,22.608185,7.886319,131.0,0.366667,0,0,1,0,1,0,0,0,0,0,0,0,0,0,0,0
169,1601381700,2020-09-29 12:15:00,0.0,0.0,0.0,0.0,0.0,12000.0,8.798567,7.886319,646.0,0.421401,0,0,1,0,0,1,0,0,0,0,0,0,0,0,0,0
170,1601381700,2020-09-29 12:15:00,738063.6,51.519137,5.857951,31.0,1.0,12001.0,17.644703,7.886319,233.0,0.333333,0,1,0,0,0,1,0,0,0,0,0,0,0,0,0,0
171,1601381703,2020-09-29 12:15:03,738063.6,51.519137,5.857951,31.0,2.0,1.0,15.654962,83.383717,293.0,0.3,1,1,0,0,1,0,0,0,0,0,0,0,0,0,0,0
172,1601381703,2020-09-29 12:15:03,0.0,0.0,0.0,0.0,0.0,0.0,15.430084,83.383717,301.0,0.362426,1,0,1,0,1,0,0,0,0,0,0,0,0,0,0,0
173,1601381703,2020-09-29 12:15:03,0.0,0.0,0.0,0.0,0.0,0.0,8.922438,83.383717,637.0,0.2,1,0,1,0,1,0,0,0,0,0,0,0,0,0,0,0
174,1601381706,2020-09-29 12:15:06,738063.6,51.519137,5.857951,31.0,3.0,0.0,14.503243,80.57980500000002,335.0,0.185925,2,0,1,0,1,0,0,0,0,0,0,0,0,0,0,0
175,1601381706,2020-09-29 12:15:06,0.0,0.0,0.0,0.0,0.0,0.0,10.573266,80.57980500000002,527.0,0.243227,2,0,1,0,1,0,0,0,0,0,0,0,0,0,0,0
176,1601381709,2020-09-29 12:15:09,0.0,0.0,0.0,0.0,0.0,0.0,13.076879,58.172164,395.0,0.2,0,0,1,0,1,0,0,0,0,0,0,0,0,0,0,0
177,1601381709,2020-09-29 12:15:09,738063.6,51.519137,5.857951,31.0,1.0,11001.0,15.362743,58.172164,303.0,0.7,0,1,0,0,0,0,0,0,0,1,0,0,0,0,0,0
178,1601381711,2020-09-29 12:15:11,738063.6,51.519137,5.857951,31.0,2.0,0.0,20.576776,29.439665,166.0,0.2249489999999999,1,0,1,0,1,0,0,0,0,0,0,0,0,0,0,0
179,1601381714,2020-09-29 12:15:14,738063.6,51.519137,5.857951,31.0,3.0,0.0,15.104001,81.366314,312.0,0.214775,2,0,1,0,1,0,0,0,0,0,0,0,0,0,0,0
180,1601381718,2020-09-29 12:15:18,0.0,0.0,0.0,0.0,0.0,0.0,8.120797,21.18569500000001,699.0,0.4,0,0,1,0,1,0,0,0,0,0,0,0,0,0,0,0
181,1601381718,2020-09-29 12:15:18,738063.6,51.519137,5.857951,31.0,1.0,20000.0,25.69996,21.18569500000001,92.0,0.633333,0,0,1,0,0,0,1,0,0,0,0,0,0,0,0,0
182,1601381718,2020-09-29 12:15:18,0.0,0.0,0.0,0.0,0.0,1.0,9.899403,21.18569500000001,569.0,0.0,0,1,0,0,1,0,0,0,0,0,0,0,0,0,0,0
183,1601381721,2020-09-29 12:15:21,738063.6,51.519137,5.857951,31.0,2.0,12000.0,16.470195,104.814386,267.0,0.384934,1,0,1,0,0,1,0,0,0,0,0,0,0,0,0,0
184,1601381721,2020-09-29 12:15:21,0.0,0.0,0.0,0.0,0.0,12000.0,16.365014000000002,104.814386,270.0,0.352383,1,0,1,0,0,1,0,0,0,0,0,0,0,0,0,0
185,1601381721,2020-09-29 12:15:21,0.0,0.0,0.0,0.0,0.0,12000.0,15.611543,104.814386,295.0,0.3975889999999999,1,0,1,0,0,1,0,0,0,0,0,0,0,0,0,0
186,1601381723,2020-09-29 12:15:23,738063.6,51.519137,5.857951,31.0,3.0,0.0,15.322183,81.517713,305.0,0.247955,2,0,1,0,1,0,0,0,0,0,0,0,0,0,0,0
187,1601381727,2020-09-29 12:15:27,738063.6,51.519137,5.857951,31.0,1.0,0.0,21.774578,16.912008,145.0,0.175363,0,0,1,0,1,0,0,0,0,0,0,0,0,0,0,0
188,1601381727,2020-09-29 12:15:27,0.0,0.0,0.0,0.0,0.0,0.0,19.595747,16.912008,186.0,0.317745,0,0,1,0,1,0,0,0,0,0,0,0,0,0,0,0
189,1601381727,2020-09-29 12:15:27,0.0,0.0,0.0,0.0,0.0,12000.0,17.814509,16.912008,228.0,0.41665,0,0,1,0,0,1,0,0,0,0,0,0,0,0,0,0
190,1601381730,2020-09-29 12:15:30,0.0,0.0,0.0,0.0,0.0,12000.0,17.022051,6.579833,250.0,0.416706,1,0,1,0,0,1,0,0,0,0,0,0,0,0,0,0
191,1601381730,2020-09-29 12:15:30,0.0,0.0,0.0,0.0,0.0,12000.0,18.238018,6.579833,218.0,0.36878,1,0,1,0,0,1,0,0,0,0,0,0,0,0,0,0
192,1601381730,2020-09-29 12:15:30,738063.6,51.519137,5.857951,31.0,2.0,1.0,15.072635,6.579833,313.0,0.370979,1,1,0,0,1,0,0,0,0,0,0,0,0,0,0,0
193,1601381732,2020-09-29 12:15:32,738063.6,51.519137,5.857951,31.0,3.0,0.0,15.71257,81.263795,291.0,0.2195369999999999,2,0,1,0,1,0,0,0,0,0,0,0,0,0,0,0
194,1601381736,2020-09-29 12:15:36,738063.6,51.519137,5.857951,31.0,1.0,1.0,18.437301,10.431787,213.0,0.466667,0,1,0,0,1,0,0,0,0,0,0,0,0,0,0,0
195,1601381736,2020-09-29 12:15:36,0.0,0.0,0.0,0.0,0.0,12000.0,25.093156,10.431787,99.0,0.409915,0,0,1,0,0,1,0,0,0,0,0,0,0,0,0,0
196,1601381736,2020-09-29 12:15:36,0.0,0.0,0.0,0.0,0.0,0.0,20.677691,10.431787,164.0,0.309489,0,0,1,0,1,0,0,0,0,0,0,0,0,0,0,0
197,1601381739,2020-09-29 12:15:39,738063.6,51.519137,5.857951,31.0,2.0,12000.0,17.867721,99.730927,227.0,0.355993,1,0,1,0,0,1,0,0,0,0,0,0,0,0,0,0
198,1601381739,2020-09-29 12:15:39,0.0,0.0,0.0,0.0,0.0,12000.0,17.754751000000006,99.730927,230.0,0.421401,1,0,1,0,0,1,0,0,0,0,0,0,0,0,0,0
199,1601381739,2020-09-29 12:15:39,0.0,0.0,0.0,0.0,0.0,12000.0,17.565859,99.730927,235.0,0.3975889999999999,1,0,1,0,0,1,0,0,0,0,0,0,0,0,0,0
200,1601381742,2020-09-29 12:15:42,0.0,0.0,0.0,0.0,0.0,12000.0,21.574083,6.404911,148.0,0.383896,2,0,1,0,0,1,0,0,0,0,0,0,0,0,0,0
201,1601381742,2020-09-29 12:15:42,738063.6,51.519137,5.857951,31.0,3.0,12000.0,23.124774,6.404911,124.0,0.377728,2,0,1,0,0,1,0,0,0,0,0,0,0,0,0,0
202,1601381742,2020-09-29 12:15:42,0.0,0.0,0.0,0.0,0.0,12000.0,22.841155,6.404911,128.0,0.3789,2,0,1,0,0,1,0,0,0,0,0,0,0,0,0,0
203,1601381746,2020-09-29 12:15:46,738063.6,51.519137,5.857951,31.0,1.0,1001.0,13.139214,56.327484,392.0,0.333333,0,1,0,0,0,0,0,1,0,0,0,0,0,0,0,0
204,1601381746,2020-09-29 12:15:46,0.0,0.0,0.0,0.0,0.0,0.0,14.343682,56.327484,341.0,0.4333329999999999,0,0,1,0,1,0,0,0,0,0,0,0,0,0,0,0
205,1601381746,2020-09-29 12:15:46,0.0,0.0,0.0,0.0,0.0,12000.0,7.383421,56.327484,760.0,0.380917,0,0,1,0,0,1,0,0,0,0,0,0,0,0,0,0
206,1601381748,2020-09-29 12:15:48,738063.6,51.519137,5.857951,31.0,2.0,1.0,14.835201,34.915304,322.0,0.333333,1,1,0,0,1,0,0,0,0,0,0,0,0,0,0,0
207,1601381748,2020-09-29 12:15:48,0.0,0.0,0.0,0.0,0.0,0.0,7.135649000000001,34.915304,782.0,0.333333,1,0,1,0,1,0,0,0,0,0,0,0,0,0,0,0
208,1601381754,2020-09-29 12:15:54,738063.6,51.519137,5.857951,31.0,1.0,12000.0,26.125694,56.43973100000001,87.0,0.3734139999999999,0,0,1,0,0,1,0,0,0,0,0,0,0,0,0,0
209,1601381754,2020-09-29 12:15:54,0.0,0.0,0.0,0.0,0.0,16001.0,15.33431,56.43973100000001,304.0,0.366667,0,1,0,0,0,0,0,0,1,0,0,0,0,0,0,0
210,1601381757,2020-09-29 12:15:57,738063.6,51.519137,5.857951,31.0,2.0,12000.0,28.562052,10.841411,66.0,0.733333,1,0,1,0,0,1,0,0,0,0,0,0,0,0,0,0
211,1601381757,2020-09-29 12:15:57,0.0,0.0,0.0,0.0,0.0,12000.0,26.301038,10.841411,86.0,0.47718,1,0,1,0,0,1,0,0,0,0,0,0,0,0,0,0
212,1601381759,2020-09-29 12:15:59,738063.6,51.519137,5.857951,31.0,3.0,12000.0,21.173742,6.452768,155.0,0.3630739999999999,2,0,1,0,0,1,0,0,0,0,0,0,0,0,0,0
213,1601381764,2020-09-29 12:16:04,738063.6,51.519137,5.857951,31.0,1.0,12001.0,16.724427,56.97861999999999,259.0,0.3,0,1,0,0,0,1,0,0,0,0,0,0,0,0,0,0
214,1601381764,2020-09-29 12:16:04,0.0,0.0,0.0,0.0,0.0,20000.0,22.941502,56.97861999999999,126.0,0.566667,0,0,1,0,0,0,1,0,0,0,0,0,0,0,0,0
215,1601381764,2020-09-29 12:16:04,0.0,0.0,0.0,0.0,0.0,12000.0,17.390653,56.97861999999999,240.0,0.414671,0,0,1,0,0,1,0,0,0,0,0,0,0,0,0,0
216,1601381766,2020-09-29 12:16:06,0.0,0.0,0.0,0.0,0.0,0.0,14.708723999999998,79.047191,327.0,0.144488,1,0,1,0,1,0,0,0,0,0,0,0,0,0,0,0
217,1601381766,2020-09-29 12:16:06,0.0,0.0,0.0,0.0,0.0,12000.0,20.515676000000006,79.047191,167.0,0.331762,1,0,1,0,0,1,0,0,0,0,0,0,0,0,0,0
218,1601381766,2020-09-29 12:16:06,738063.6,51.519137,5.857951,31.0,2.0,12000.0,24.148105,79.047191,110.0,0.358319,1,0,1,0,0,1,0,0,0,0,0,0,0,0,0,0
219,1601381772,2020-09-29 12:16:12,0.0,0.0,0.0,0.0,0.0,11000.0,6.870365,10.674982,807.0,0.5,0,0,1,0,0,0,0,0,0,1,0,0,0,0,0,0
220,1601381772,2020-09-29 12:16:12,738063.6,51.519137,5.857951,31.0,1.0,1.0,17.239494,10.674982,244.0,0.4,0,1,0,0,1,0,0,0,0,0,0,0,0,0,0,0
221,1601381772,2020-09-29 12:16:12,0.0,0.0,0.0,0.0,0.0,12000.0,20.022567,10.674982,177.0,0.766667,0,0,1,0,0,1,0,0,0,0,0,0,0,0,0,0
222,1601381775,2020-09-29 12:16:15,738063.6,51.519137,5.857951,31.0,2.0,12000.0,27.157626,94.982107,78.0,0.7,1,0,1,0,0,1,0,0,0,0,0,0,0,0,0,0
223,1601381775,2020-09-29 12:16:15,0.0,0.0,0.0,0.0,0.0,12000.0,26.224698,94.982107,86.0,0.426167,1,0,1,0,0,1,0,0,0,0,0,0,0,0,0,0
224,1601381775,2020-09-29 12:16:15,0.0,0.0,0.0,0.0,0.0,0.0,20.002337,94.982107,177.0,0.366667,1,0,1,0,1,0,0,0,0,0,0,0,0,0,0,0
225,1601381777,2020-09-29 12:16:17,738063.6,51.519137,5.857951,31.0,3.0,0.0,0.0,0.0,0.0,0.0,2,0,0,0,0,0,0,0,0,0,0,0,0,0,0,0
226,1601381781,2020-09-29 12:16:21,738063.6,51.519137,5.857951,31.0,1.0,1.0,25.327433,-7.829172,96.0,0.3,0,1,0,0,1,0,0,0,0,0,0,0,0,0,0,0
227,1601381781,2020-09-29 12:16:21,0.0,0.0,0.0,0.0,0.0,12000.0,27.24398,-7.829172,77.0,0.442249,0,0,1,0,0,1,0,0,0,0,0,0,0,0,0,0
228,1601381784,2020-09-29 12:16:24,0.0,0.0,0.0,0.0,0.0,12000.0,29.538391,95.963466,59.0,0.506093,1,0,1,0,0,1,0,0,0,0,0,0,0,0,0,0
229,1601381784,2020-09-29 12:16:24,0.0,0.0,0.0,0.0,0.0,12000.0,30.222329,95.963466,54.0,0.409915,1,0,1,0,0,1,0,0,0,0,0,0,0,0,0,0
230,1601381784,2020-09-29 12:16:24,738063.6,51.519137,5.857951,31.0,2.0,12000.0,29.284595,95.963466,61.0,0.4333329999999999,1,0,1,0,0,1,0,0,0,0,0,0,0,0,0,0
231,1601381787,2020-09-29 12:16:27,738063.6,51.519137,5.857951,31.0,3.0,12000.0,24.846835,84.567722,101.0,0.733333,2,0,1,0,0,1,0,0,0,0,0,0,0,0,0,0
232,1601381787,2020-09-29 12:16:27,0.0,0.0,0.0,0.0,0.0,0.0,14.98431,84.567722,317.0,0.185925,2,0,1,0,1,0,0,0,0,0,0,0,0,0,0,0
233,1601381787,2020-09-29 12:16:27,0.0,0.0,0.0,0.0,0.0,0.0,11.013776,84.567722,500.0,0.22433,2,0,1,0,1,0,0,0,0,0,0,0,0,0,0,0
234,1601381790,2020-09-29 12:16:30,738063.6,51.519137,5.857951,31.0,1.0,12001.0,19.197537,57.295357,195.0,0.4,0,1,0,0,0,1,0,0,0,0,0,0,0,0,0,0
235,1601381790,2020-09-29 12:16:30,0.0,0.0,0.0,0.0,0.0,12000.0,27.631924,57.295357,73.0,0.409915,0,0,1,0,0,1,0,0,0,0,0,0,0,0,0,0
236,1601381790,2020-09-29 12:16:30,0.0,0.0,0.0,0.0,0.0,20000.0,23.753628,57.295357,115.0,0.733333,0,0,1,0,0,0,1,0,0,0,0,0,0,0,0,0
237,1601381792,2020-09-29 12:16:32,738063.6,51.519137,5.857951,31.0,2.0,0.0,8.239969,99.078552,689.0,0.0,1,0,1,0,1,0,0,0,0,0,0,0,0,0,0,0
238,1601381796,2020-09-29 12:16:36,0.0,0.0,0.0,0.0,0.0,0.0,11.474454,81.300849,475.0,0.190997,2,0,1,0,1,0,0,0,0,0,0,0,0,0,0,0
239,1601381796,2020-09-29 12:16:36,738063.6,51.519137,5.857951,31.0,3.0,0.0,15.977409,81.300849,282.0,0.1819619999999999,2,0,1,0,1,0,0,0,0,0,0,0,0,0,0,0
240,1601381799,2020-09-29 12:16:39,738063.6,51.519137,5.857951,31.0,1.0,1.0,18.919298,8.426055,201.0,0.3,0,1,0,0,1,0,0,0,0,0,0,0,0,0,0,0
241,1601381799,2020-09-29 12:16:39,0.0,0.0,0.0,0.0,0.0,12000.0,25.553255,8.426055,93.0,0.409915,0,0,1,0,0,1,0,0,0,0,0,0,0,0,0,0
242,1601381799,2020-09-29 12:16:39,0.0,0.0,0.0,0.0,0.0,0.0,18.831984,8.426055,203.0,0.208805,0,0,1,0,1,0,0,0,0,0,0,0,0,0,0,0
243,1601381801,2020-09-29 12:16:41,738063.6,51.519137,5.857951,31.0,2.0,12000.0,27.860095,99.601268,72.0,0.401045,1,0,1,0,0,1,0,0,0,0,0,0,0,0,0,0
244,1601381806,2020-09-29 12:16:46,738063.6,51.519137,5.857951,31.0,3.0,0.0,15.466276,81.980104,300.0,0.185925,2,0,1,0,1,0,0,0,0,0,0,0,0,0,0,0
245,1601381806,2020-09-29 12:16:46,0.0,0.0,0.0,0.0,0.0,12000.0,21.103634,81.980104,156.0,0.356525,2,0,1,0,0,1,0,0,0,0,0,0,0,0,0,0
246,1601381806,2020-09-29 12:16:46,0.0,0.0,0.0,0.0,0.0,0.0,11.144256,81.980104,493.0,0.190997,2,0,1,0,1,0,0,0,0,0,0,0,0,0,0,0
247,1601381808,2020-09-29 12:16:48,738063.6,51.519137,5.857951,31.0,1.0,1.0,20.909841,10.392951,160.0,0.333333,0,1,0,0,1,0,0,0,0,0,0,0,0,0,0,0
248,1601381808,2020-09-29 12:16:48,0.0,0.0,0.0,0.0,0.0,0.0,25.34176,10.392951,96.0,0.366667,0,0,1,0,1,0,0,0,0,0,0,0,0,0,0,0
249,1601381808,2020-09-29 12:16:48,0.0,0.0,0.0,0.0,0.0,0.0,7.853242999999999,10.392951,720.0,0.1845099999999999,0,0,1,0,1,0,0,0,0,0,0,0,0,0,0,0
250,1601381811,2020-09-29 12:16:51,738063.6,51.519137,5.857951,31.0,2.0,12000.0,22.798906,93.614064,128.0,0.366667,1,0,1,0,0,1,0,0,0,0,0,0,0,0,0,0
251,1601381811,2020-09-29 12:16:51,0.0,0.0,0.0,0.0,0.0,12000.0,27.44373,93.614064,75.0,0.316614,1,0,1,0,0,1,0,0,0,0,0,0,0,0,0,0
252,1601381811,2020-09-29 12:16:51,0.0,0.0,0.0,0.0,0.0,0.0,8.814642,93.614064,645.0,0.186784,1,0,1,0,1,0,0,0,0,0,0,0,0,0,0,0
253,1601381814,2020-09-29 12:16:54,738063.6,51.519137,5.857951,31.0,3.0,0.0,21.818339,90.338537,144.0,0.3,2,0,1,0,1,0,0,0,0,0,0,0,0,0,0,0
254,1601381814,2020-09-29 12:16:54,0.0,0.0,0.0,0.0,0.0,12000.0,26.326416,90.338537,85.0,0.331471,2,0,1,0,0,1,0,0,0,0,0,0,0,0,0,0
255,1601381817,2020-09-29 12:16:57,0.0,0.0,0.0,0.0,0.0,12000.0,29.067029,9.563647,62.0,0.408915,0,0,1,0,0,1,0,0,0,0,0,0,0,0,0,0
256,1601381817,2020-09-29 12:16:57,738063.6,51.519137,5.857951,31.0,1.0,11001.0,25.200487,9.563647,97.0,0.566667,0,1,0,0,0,0,0,0,0,1,0,0,0,0,0,0
257,1601381817,2020-09-29 12:16:57,0.0,0.0,0.0,0.0,0.0,0.0,25.683055,9.563647,92.0,0.1988869999999999,0,0,1,0,1,0,0,0,0,0,0,0,0,0,0,0
258,1601381820,2020-09-29 12:17:00,0.0,0.0,0.0,0.0,0.0,12000.0,29.345627,93.816065,60.0,0.36769,1,0,1,0,0,1,0,0,0,0,0,0,0,0,0,0
259,1601381820,2020-09-29 12:17:00,738063.6,51.519137,5.857951,31.0,2.0,12000.0,29.585285,93.816065,59.0,0.376582,1,0,1,0,0,1,0,0,0,0,0,0,0,0,0,0
260,1601381820,2020-09-29 12:17:00,0.0,0.0,0.0,0.0,0.0,12000.0,28.521142,93.816065,66.0,0.420625,1,0,1,0,0,1,0,0,0,0,0,0,0,0,0,0
261,1601381825,2020-09-29 12:17:05,738063.6,51.519137,5.857951,31.0,1.0,12001.0,22.517254,10.53302,133.0,0.366667,0,1,0,0,0,1,0,0,0,0,0,0,0,0,0,0
262,1601381829,2020-09-29 12:17:09,738063.6,51.519137,5.857951,31.0,2.0,12000.0,29.241553000000003,95.836394,61.0,0.409915,1,0,1,0,0,1,0,0,0,0,0,0,0,0,0,0
263,1601381829,2020-09-29 12:17:09,0.0,0.0,0.0,0.0,0.0,12000.0,29.281845,95.836394,61.0,0.376582,1,0,1,0,0,1,0,0,0,0,0,0,0,0,0,0
264,1601381829,2020-09-29 12:17:09,0.0,0.0,0.0,0.0,0.0,12000.0,29.144831,95.836394,62.0,0.406672,1,0,1,0,0,1,0,0,0,0,0,0,0,0,0,0
265,1601381831,2020-09-29 12:17:11,738063.6,51.519137,5.857951,31.0,3.0,12000.0,26.152206,92.309738,87.0,0.4408109999999999,2,0,1,0,0,1,0,0,0,0,0,0,0,0,0,0
266,1601381835,2020-09-29 12:17:15,738063.6,51.519137,5.857951,31.0,1.0,11001.0,20.644406,57.401104,165.0,0.633333,0,1,0,0,0,0,0,0,0,1,0,0,0,0,0,0
267,1601381835,2020-09-29 12:17:15,0.0,0.0,0.0,0.0,0.0,0.0,22.722535,57.401104,130.0,0.3,0,0,1,0,1,0,0,0,0,0,0,0,0,0,0,0
268,1601381838,2020-09-29 12:17:18,738063.6,51.519137,5.857951,31.0,2.0,12000.0,29.714476,95.332373,58.0,0.442249,1,0,1,0,0,1,0,0,0,0,0,0,0,0,0,0
269,1601381838,2020-09-29 12:17:18,0.0,0.0,0.0,0.0,0.0,12000.0,29.590472,95.332373,59.0,0.409915,1,0,1,0,0,1,0,0,0,0,0,0,0,0,0,0
270,1601381838,2020-09-29 12:17:18,0.0,0.0,0.0,0.0,0.0,12000.0,29.149206,95.332373,62.0,0.397039,1,0,1,0,0,1,0,0,0,0,0,0,0,0,0,0
271,1601381841,2020-09-29 12:17:21,0.0,0.0,0.0,0.0,0.0,12000.0,25.904358,6.663293,90.0,0.4408109999999999,2,0,1,0,0,1,0,0,0,0,0,0,0,0,0,0
272,1601381841,2020-09-29 12:17:21,738063.6,51.519137,5.857951,31.0,3.0,12000.0,26.737281,6.663293,81.0,0.358319,2,0,1,0,0,1,0,0,0,0,0,0,0,0,0,0
273,1601381844,2020-09-29 12:17:24,738063.6,51.519137,5.857951,31.0,1.0,1.0,22.538216,56.023227,132.0,0.3,0,1,0,0,1,0,0,0,0,0,0,0,0,0,0,0
274,1601381844,2020-09-29 12:17:24,0.0,0.0,0.0,0.0,0.0,0.0,14.970201,56.023227,317.0,0.3,0,0,1,0,1,0,0,0,0,0,0,0,0,0,0,0
275,1601381847,2020-09-29 12:17:27,738063.6,51.519137,5.857951,31.0,2.0,1.0,19.885638,92.314665,180.0,0.2333329999999999,1,1,0,0,1,0,0,0,0,0,0,0,0,0,0,0
276,1601381847,2020-09-29 12:17:27,0.0,0.0,0.0,0.0,0.0,0.0,20.639645,92.314665,165.0,0.310041,1,0,1,0,1,0,0,0,0,0,0,0,0,0,0,0
277,1601381847,2020-09-29 12:17:27,0.0,0.0,0.0,0.0,0.0,0.0,22.584375,92.314665,132.0,0.370949,1,0,1,0,1,0,0,0,0,0,0,0,0,0,0,0
278,1601381853,2020-09-29 12:17:33,738063.6,51.519137,5.857951,31.0,1.0,1.0,23.162165,56.626254,123.0,0.366667,0,1,0,0,1,0,0,0,0,0,0,0,0,0,0,0
279,1601381853,2020-09-29 12:17:33,0.0,0.0,0.0,0.0,0.0,20000.0,15.981144,56.626254,282.0,0.5,0,0,1,0,0,0,1,0,0,0,0,0,0,0,0,0
280,1601381853,2020-09-29 12:17:33,0.0,0.0,0.0,0.0,0.0,0.0,8.223025999999999,56.626254,690.0,0.333333,0,0,1,0,1,0,0,0,0,0,0,0,0,0,0,0
281,1601381856,2020-09-29 12:17:36,0.0,0.0,0.0,0.0,0.0,0.0,16.006564,93.197972,281.0,0.1813799999999999,1,0,1,0,1,0,0,0,0,0,0,0,0,0,0,0
282,1601381856,2020-09-29 12:17:36,738063.6,51.519137,5.857951,31.0,2.0,12000.0,24.73825,93.197972,103.0,0.5,1,0,1,0,0,1,0,0,0,0,0,0,0,0,0,0
283,1601381856,2020-09-29 12:17:36,0.0,0.0,0.0,0.0,0.0,12000.0,25.496463,93.197972,94.0,0.47718,1,0,1,0,0,1,0,0,0,0,0,0,0,0,0,0
284,1601381862,2020-09-29 12:17:42,738063.6,51.519137,5.857951,31.0,1.0,1.0,22.06398900000001,57.65350600000001,140.0,0.273863,0,1,0,0,1,0,0,0,0,0,0,0,0,0,0,0
285,1601381862,2020-09-29 12:17:42,0.0,0.0,0.0,0.0,0.0,0.0,21.226098,57.65350600000001,154.0,0.2333329999999999,0,0,1,0,1,0,0,0,0,0,0,0,0,0,0,0
286,1601381865,2020-09-29 12:17:45,738063.6,51.519137,5.857951,31.0,2.0,0.0,17.919473999999994,91.70142,226.0,0.333333,1,0,1,0,1,0,0,0,0,0,0,0,0,0,0,0
287,1601381865,2020-09-29 12:17:45,0.0,0.0,0.0,0.0,0.0,12000.0,22.727497,91.70142,130.0,0.445284,1,0,1,0,0,1,0,0,0,0,0,0,0,0,0,0
288,1601381865,2020-09-29 12:17:45,0.0,0.0,0.0,0.0,0.0,12000.0,22.413873,91.70142,134.0,0.443249,1,0,1,0,0,1,0,0,0,0,0,0,0,0,0,0
289,1601381868,2020-09-29 12:17:48,738063.6,51.519137,5.857951,31.0,3.0,0.0,16.087487,82.064068,279.0,0.366667,2,0,1,0,1,0,0,0,0,0,0,0,0,0,0,0
290,1601381868,2020-09-29 12:17:48,0.0,0.0,0.0,0.0,0.0,0.0,12.47054,82.064068,423.0,0.333333,2,0,1,0,1,0,0,0,0,0,0,0,0,0,0,0
291,1601381868,2020-09-29 12:17:48,0.0,0.0,0.0,0.0,0.0,12000.0,11.797965,82.064068,457.0,0.3855909999999999,2,0,1,0,0,1,0,0,0,0,0,0,0,0,0,0
292,1601381871,2020-09-29 12:17:51,738063.6,51.519137,5.857951,31.0,1.0,1001.0,23.406731,56.157594,120.0,0.4,0,1,0,0,0,0,0,1,0,0,0,0,0,0,0,0
293,1601381871,2020-09-29 12:17:51,0.0,0.0,0.0,0.0,0.0,0.0,24.072918,56.157594,111.0,0.208717,0,0,1,0,1,0,0,0,0,0,0,0,0,0,0,0
294,1601381871,2020-09-29 12:17:51,0.0,0.0,0.0,0.0,0.0,0.0,8.294326,56.157594,685.0,0.202926,0,0,1,0,1,0,0,0,0,0,0,0,0,0,0,0
295,1601381874,2020-09-29 12:17:54,738063.6,51.519137,5.857951,31.0,2.0,1.0,22.67111,82.718319,130.0,0.3,1,1,0,0,1,0,0,0,0,0,0,0,0,0,0,0
296,1601381874,2020-09-29 12:17:54,0.0,0.0,0.0,0.0,0.0,0.0,15.827028,82.718319,287.0,0.2333329999999999,1,0,1,0,1,0,0,0,0,0,0,0,0,0,0,0
297,1601381877,2020-09-29 12:17:57,738063.6,51.519137,5.857951,31.0,3.0,0.0,16.127661,81.983071,278.0,0.181967,2,0,1,0,1,0,0,0,0,0,0,0,0,0,0,0
298,1601381877,2020-09-29 12:17:57,0.0,0.0,0.0,0.0,0.0,0.0,10.592141,81.983071,525.0,0.258353,2,0,1,0,1,0,0,0,0,0,0,0,0,0,0,0
299,1601381880,2020-09-29 12:18:00,0.0,0.0,0.0,0.0,0.0,12000.0,17.538664,55.62274,236.0,0.7,0,0,1,0,0,1,0,0,0,0,0,0,0,0,0,0
300,1601381880,2020-09-29 12:18:00,738063.6,51.519137,5.857951,31.0,1.0,12001.0,21.697867,55.62274,146.0,0.4,0,1,0,0,0,1,0,0,0,0,0,0,0,0,0,0
301,1601381883,2020-09-29 12:18:03,0.0,0.0,0.0,0.0,0.0,0.0,17.014183,9.376846,251.0,0.249125,1,0,1,0,1,0,0,0,0,0,0,0,0,0,0,0
302,1601381883,2020-09-29 12:18:03,738063.6,51.519137,5.857951,31.0,2.0,12000.0,20.24272,9.376846,173.0,0.358319,1,0,1,0,0,1,0,0,0,0,0,0,0,0,0,0
303,1601381883,2020-09-29 12:18:03,0.0,0.0,0.0,0.0,0.0,12000.0,19.628049,9.376846,185.0,0.380917,1,0,1,0,0,1,0,0,0,0,0,0,0,0,0,0
304,1601381886,2020-09-29 12:18:06,738063.6,51.519137,5.857951,31.0,3.0,0.0,15.538141,81.873827,297.0,0.1819619999999999,2,0,1,0,1,0,0,0,0,0,0,0,0,0,0,0
305,1601381886,2020-09-29 12:18:06,0.0,0.0,0.0,0.0,0.0,0.0,10.81101,81.873827,512.0,0.209515,2,0,1,0,1,0,0,0,0,0,0,0,0,0,0,0
306,1601381889,2020-09-29 12:18:09,738063.6,51.519137,5.857951,31.0,1.0,1001.0,26.687321,54.605198,82.0,0.4,0,1,0,0,0,0,0,1,0,0,0,0,0,0,0,0
307,1601381889,2020-09-29 12:18:09,0.0,0.0,0.0,0.0,0.0,0.0,19.859772,54.605198,180.0,0.175472,0,0,1,0,1,0,0,0,0,0,0,0,0,0,0,0
308,1601381889,2020-09-29 12:18:09,0.0,0.0,0.0,0.0,0.0,12000.0,17.221725,54.605198,245.0,0.380917,0,0,1,0,0,1,0,0,0,0,0,0,0,0,0,0
309,1601381892,2020-09-29 12:18:12,738063.6,51.519137,5.857951,31.0,2.0,12000.0,15.211326,5.398788,308.0,0.414671,1,0,1,0,0,1,0,0,0,0,0,0,0,0,0,0
310,1601381892,2020-09-29 12:18:12,0.0,0.0,0.0,0.0,0.0,12000.0,14.620276,5.398788,330.0,0.3975889999999999,1,0,1,0,0,1,0,0,0,0,0,0,0,0,0,0
311,1601381895,2020-09-29 12:18:15,0.0,0.0,0.0,0.0,0.0,0.0,10.592296,81.573053,525.0,0.366667,2,0,1,0,1,0,0,0,0,0,0,0,0,0,0,0
312,1601381895,2020-09-29 12:18:15,738063.6,51.519137,5.857951,31.0,3.0,0.0,14.689142000000002,81.573053,328.0,0.1819619999999999,2,0,1,0,1,0,0,0,0,0,0,0,0,0,0,0
313,1601381898,2020-09-29 12:18:18,738063.6,51.519137,5.857951,31.0,1.0,12001.0,27.679664,53.90665300000001,73.0,0.4333329999999999,0,1,0,0,0,1,0,0,0,0,0,0,0,0,0,0
314,1601381898,2020-09-29 12:18:18,0.0,0.0,0.0,0.0,0.0,0.0,27.0389,53.90665300000001,79.0,0.308915,0,0,1,0,1,0,0,0,0,0,0,0,0,0,0,0
315,1601381901,2020-09-29 12:18:21,738063.6,51.519137,5.857951,31.0,2.0,12000.0,29.293906,94.266096,61.0,0.8,1,0,1,0,0,1,0,0,0,0,0,0,0,0,0,0
316,1601381901,2020-09-29 12:18:21,0.0,0.0,0.0,0.0,0.0,12000.0,28.83803,94.266096,64.0,0.733333,1,0,1,0,0,1,0,0,0,0,0,0,0,0,0,0
317,1601381901,2020-09-29 12:18:21,0.0,0.0,0.0,0.0,0.0,0.0,20.080516,94.266096,176.0,0.2,1,0,1,0,1,0,0,0,0,0,0,0,0,0,0,0
318,1601381904,2020-09-29 12:18:24,738063.6,51.519137,5.857951,31.0,3.0,12000.0,25.229262,94.897145,97.0,0.321737,2,0,1,0,0,1,0,0,0,0,0,0,0,0,0,0
319,1601381904,2020-09-29 12:18:24,0.0,0.0,0.0,0.0,0.0,12000.0,21.334993,94.897145,152.0,0.356525,2,0,1,0,0,1,0,0,0,0,0,0,0,0,0,0
320,1601381904,2020-09-29 12:18:24,0.0,0.0,0.0,0.0,0.0,0.0,12.520893,94.897145,421.0,0.319457,2,0,1,0,1,0,0,0,0,0,0,0,0,0,0,0
321,1601381907,2020-09-29 12:18:27,0.0,0.0,0.0,0.0,0.0,0.0,11.51765,52.57252,472.0,0.17762,0,0,1,0,1,0,0,0,0,0,0,0,0,0,0,0
322,1601381907,2020-09-29 12:18:27,738063.6,51.519137,5.857951,31.0,1.0,1001.0,28.71633,52.57252,65.0,0.3,0,1,0,0,0,0,0,1,0,0,0,0,0,0,0,0
323,1601381907,2020-09-29 12:18:27,0.0,0.0,0.0,0.0,0.0,0.0,15.046153,52.57252,314.0,0.208805,0,0,1,0,1,0,0,0,0,0,0,0,0,0,0,0
324,1601381910,2020-09-29 12:18:30,738063.6,51.519137,5.857951,31.0,2.0,12000.0,24.425773,10.360793,106.0,0.379656,1,0,1,0,0,1,0,0,0,0,0,0,0,0,0,0
325,1601381910,2020-09-29 12:18:30,0.0,0.0,0.0,0.0,0.0,12000.0,24.270094,10.360793,108.0,0.399547,1,0,1,0,0,1,0,0,0,0,0,0,0,0,0,0
326,1601381910,2020-09-29 12:18:30,0.0,0.0,0.0,0.0,0.0,12000.0,23.804292,10.360793,114.0,0.445593,1,0,1,0,0,1,0,0,0,0,0,0,0,0,0,0
327,1601381914,2020-09-29 12:18:34,738063.6,51.519137,5.857951,31.0,3.0,12000.0,22.816098,12.571195,128.0,0.376582,2,0,1,0,0,1,0,0,0,0,0,0,0,0,0,0
328,1601381914,2020-09-29 12:18:34,0.0,0.0,0.0,0.0,0.0,12000.0,22.389775,12.571195,135.0,0.357436,2,0,1,0,0,1,0,0,0,0,0,0,0,0,0,0
329,1601381914,2020-09-29 12:18:34,0.0,0.0,0.0,0.0,0.0,12000.0,22.089583,12.571195,139.0,0.4438470000000001,2,0,1,0,0,1,0,0,0,0,0,0,0,0,0,0
330,1601381916,2020-09-29 12:18:36,738063.6,51.519137,5.857951,31.0,1.0,12001.0,28.715914,52.078919,65.0,0.4,0,1,0,0,0,1,0,0,0,0,0,0,0,0,0,0
331,1601381916,2020-09-29 12:18:36,0.0,0.0,0.0,0.0,0.0,12000.0,26.211935,52.078919,87.0,0.428356,0,0,1,0,0,1,0,0,0,0,0,0,0,0,0,0
332,1601381916,2020-09-29 12:18:36,0.0,0.0,0.0,0.0,0.0,0.0,24.136922,52.078919,110.0,0.279456,0,0,1,0,1,0,0,0,0,0,0,0,0,0,0,0
333,1601381919,2020-09-29 12:18:39,738063.6,51.519137,5.857951,31.0,2.0,1.0,31.698264,50.773675,46.0,0.3,1,1,0,0,1,0,0,0,0,0,0,0,0,0,0,0
334,1601381919,2020-09-29 12:18:39,0.0,0.0,0.0,0.0,0.0,0.0,27.171444,50.773675,77.0,0.25755,1,0,1,0,1,0,0,0,0,0,0,0,0,0,0,0
335,1601381919,2020-09-29 12:18:39,0.0,0.0,0.0,0.0,0.0,0.0,22.58017000000001,50.773675,132.0,0.2112239999999999,1,0,1,0,1,0,0,0,0,0,0,0,0,0,0,0
336,1601381922,2020-09-29 12:18:42,738063.6,51.519137,5.857951,31.0,3.0,1.0,32.788342,0.743992,40.0,0.3,2,1,0,0,1,0,0,0,0,0,0,0,0,0,0,0
337,1601381922,2020-09-29 12:18:42,0.0,0.0,0.0,0.0,0.0,0.0,21.059024,0.743992,157.0,0.333333,2,0,1,0,1,0,0,0,0,0,0,0,0,0,0,0
338,1601381925,2020-09-29 12:18:45,0.0,0.0,0.0,0.0,0.0,12000.0,11.327315,1.442915,483.0,0.447004,0,0,1,0,0,1,0,0,0,0,0,0,0,0,0,0
339,1601381925,2020-09-29 12:18:45,738063.6,51.519137,5.857951,31.0,1.0,0.0,24.554712,1.442915,105.0,0.4,0,0,1,0,1,0,0,0,0,0,0,0,0,0,0,0
340,1601381925,2020-09-29 12:18:45,0.0,0.0,0.0,0.0,0.0,12000.0,9.962983,1.442915,565.0,0.421401,0,0,1,0,0,1,0,0,0,0,0,0,0,0,0,0
341,1601381928,2020-09-29 12:18:48,0.0,0.0,0.0,0.0,0.0,0.0,19.523661,42.774928,188.0,0.333333,1,0,1,0,1,0,0,0,0,0,0,0,0,0,0,0
342,1601381928,2020-09-29 12:18:48,738063.6,51.519137,5.857951,31.0,2.0,1001.0,32.28788,42.774928,43.0,0.366667,1,1,0,0,0,0,0,1,0,0,0,0,0,0,0,0
343,1601381932,2020-09-29 12:18:52,738063.6,51.519137,5.857951,31.0,3.0,0.0,33.801372,39.26595800000001,36.0,0.333333,2,0,1,0,1,0,0,0,0,0,0,0,0,0,0,0
344,1601381932,2020-09-29 12:18:52,0.0,0.0,0.0,0.0,0.0,0.0,22.528926,39.26595800000001,133.0,0.4333329999999999,2,0,1,0,1,0,0,0,0,0,0,0,0,0,0,0
345,1601381932,2020-09-29 12:18:52,0.0,0.0,0.0,0.0,0.0,12000.0,19.513001000000006,39.26595800000001,188.0,0.666667,2,0,1,0,0,1,0,0,0,0,0,0,0,0,0,0
346,1601381934,2020-09-29 12:18:54,738063.6,51.519137,5.857951,31.0,1.0,0.0,29.183879,13.769167,61.0,0.266667,0,0,1,0,1,0,0,0,0,0,0,0,0,0,0,0
347,1601381934,2020-09-29 12:18:54,0.0,0.0,0.0,0.0,0.0,0.0,23.111038,13.769167,124.0,0.1492369999999999,0,0,1,0,1,0,0,0,0,0,0,0,0,0,0,0
348,1601381934,2020-09-29 12:18:54,0.0,0.0,0.0,0.0,0.0,12000.0,20.661838,13.769167,164.0,0.388544,0,0,1,0,0,1,0,0,0,0,0,0,0,0,0,0
349,1601381938,2020-09-29 12:18:58,0.0,0.0,0.0,0.0,0.0,0.0,22.010625,26.712069,141.0,0.275804,1,0,1,0,1,0,0,0,0,0,0,0,0,0,0,0
350,1601381938,2020-09-29 12:18:58,0.0,0.0,0.0,0.0,0.0,12000.0,20.467378,26.712069,168.0,0.409915,1,0,1,0,0,1,0,0,0,0,0,0,0,0,0,0
351,1601381938,2020-09-29 12:18:58,738063.6,51.519137,5.857951,31.0,2.0,1.0,32.959294,26.712069,40.0,0.4,1,1,0,0,1,0,0,0,0,0,0,0,0,0,0,0
352,1601381940,2020-09-29 12:19:00,738063.6,51.519137,5.857951,31.0,3.0,0.0,25.909199,19.699032,90.0,0.266667,2,0,1,0,1,0,0,0,0,0,0,0,0,0,0,0
353,1601381940,2020-09-29 12:19:00,0.0,0.0,0.0,0.0,0.0,0.0,30.603145,19.699032,52.0,0.333333,2,0,1,0,1,0,0,0,0,0,0,0,0,0,0,0
354,1601381940,2020-09-29 12:19:00,0.0,0.0,0.0,0.0,0.0,0.0,15.057686,19.699032,314.0,0.2333329999999999,2,0,1,0,1,0,0,0,0,0,0,0,0,0,0,0
355,1601381946,2020-09-29 12:19:06,738063.6,51.519137,5.857951,31.0,2.0,1001.0,36.410666,38.087005,26.0,0.466667,1,1,0,0,0,0,0,1,0,0,0,0,0,0,0,0
356,1601381946,2020-09-29 12:19:06,0.0,0.0,0.0,0.0,0.0,0.0,26.276991,38.087005,86.0,0.4333329999999999,1,0,1,0,1,0,0,0,0,0,0,0,0,0,0,0
357,1601381950,2020-09-29 12:19:10,0.0,0.0,0.0,0.0,0.0,12000.0,26.029151,44.050894,88.0,0.4438470000000001,2,0,1,0,0,1,0,0,0,0,0,0,0,0,0,0
358,1601381950,2020-09-29 12:19:10,738063.6,51.519137,5.857951,31.0,3.0,1001.0,36.659494,44.050894,26.0,0.4333329999999999,2,1,0,0,0,0,0,1,0,0,0,0,0,0,0,0
359,1601381950,2020-09-29 12:19:10,0.0,0.0,0.0,0.0,0.0,0.0,26.649942,44.050894,82.0,0.4333329999999999,2,0,1,0,1,0,0,0,0,0,0,0,0,0,0,0
360,1601381952,2020-09-29 12:19:12,0.0,0.0,0.0,0.0,0.0,12000.0,26.457967,11.920712,84.0,0.352761,0,0,1,0,0,1,0,0,0,0,0,0,0,0,0,0
361,1601381952,2020-09-29 12:19:12,0.0,0.0,0.0,0.0,0.0,12000.0,26.02758,11.920712,88.0,0.427918,0,0,1,0,0,1,0,0,0,0,0,0,0,0,0,0
362,1601381952,2020-09-29 12:19:12,738063.6,51.519137,5.857951,31.0,1.0,12000.0,26.759596,11.920712,81.0,0.766667,0,0,1,0,0,1,0,0,0,0,0,0,0,0,0,0
363,1601381955,2020-09-29 12:19:15,738063.6,51.519137,5.857951,31.0,2.0,1001.0,31.990654,46.60827800000001,44.0,0.3,1,1,0,0,0,0,0,1,0,0,0,0,0,0,0,0
364,1601381955,2020-09-29 12:19:15,0.0,0.0,0.0,0.0,0.0,0.0,23.825572,46.60827800000001,114.0,0.178576,1,0,1,0,1,0,0,0,0,0,0,0,0,0,0,0
365,1601381958,2020-09-29 12:19:18,738063.6,51.519137,5.857951,31.0,3.0,0.0,29.919587,47.241903,56.0,0.4,2,0,1,0,1,0,0,0,0,0,0,0,0,0,0,0
366,1601381958,2020-09-29 12:19:18,0.0,0.0,0.0,0.0,0.0,0.0,27.99441400000001,47.241903,70.0,0.374145,2,0,1,0,1,0,0,0,0,0,0,0,0,0,0,0
367,1601381958,2020-09-29 12:19:18,0.0,0.0,0.0,0.0,0.0,0.0,18.594194,47.241903,209.0,0.266667,2,0,1,0,1,0,0,0,0,0,0,0,0,0,0,0
368,1601381960,2020-09-29 12:19:20,738063.6,51.519137,5.857951,31.0,1.0,0.0,26.973243,26.798454,79.0,0.366667,0,0,1,0,1,0,0,0,0,0,0,0,0,0,0,0
369,1601381964,2020-09-29 12:19:24,0.0,0.0,0.0,0.0,0.0,0.0,18.453223,55.100838,212.0,0.3,1,0,1,0,1,0,0,0,0,0,0,0,0,0,0,0
370,1601381964,2020-09-29 12:19:24,738063.6,51.519137,5.857951,31.0,2.0,1001.0,30.610857,55.100838,52.0,0.733333,1,1,0,0,0,0,0,1,0,0,0,0,0,0,0,0
371,1601381967,2020-09-29 12:19:27,0.0,0.0,0.0,0.0,0.0,12000.0,23.867249,55.529137,114.0,0.358319,2,0,1,0,0,1,0,0,0,0,0,0,0,0,0,0
372,1601381967,2020-09-29 12:19:27,0.0,0.0,0.0,0.0,0.0,12000.0,26.614084,55.529137,83.0,0.4,2,0,1,0,0,1,0,0,0,0,0,0,0,0,0,0
373,1601381967,2020-09-29 12:19:27,738063.6,51.519137,5.857951,31.0,3.0,0.0,24.252168,55.529137,109.0,0.3,2,0,1,0,1,0,0,0,0,0,0,0,0,0,0,0
374,1601381970,2020-09-29 12:19:30,738063.6,51.519137,5.857951,31.0,1.0,0.0,28.510442,17.298787,66.0,0.366667,0,0,1,0,1,0,0,0,0,0,0,0,0,0,0,0
375,1601381970,2020-09-29 12:19:30,0.0,0.0,0.0,0.0,0.0,12000.0,25.328911,17.298787,96.0,0.376582,0,0,1,0,0,1,0,0,0,0,0,0,0,0,0,0
376,1601381970,2020-09-29 12:19:30,0.0,0.0,0.0,0.0,0.0,12000.0,24.706385,17.298787,103.0,0.409915,0,0,1,0,0,1,0,0,0,0,0,0,0,0,0,0
377,1601381974,2020-09-29 12:19:34,0.0,0.0,0.0,0.0,0.0,0.0,24.520857,58.760029,105.0,0.2,1,0,1,0,1,0,0,0,0,0,0,0,0,0,0,0
378,1601381974,2020-09-29 12:19:34,738063.6,51.519137,5.857951,31.0,2.0,1001.0,27.769848,58.760029,72.0,0.5,1,1,0,0,0,0,0,1,0,0,0,0,0,0,0,0
379,1601381974,2020-09-29 12:19:34,0.0,0.0,0.0,0.0,0.0,12000.0,26.929851,58.760029,80.0,0.409915,1,0,1,0,0,1,0,0,0,0,0,0,0,0,0,0
380,1601381976,2020-09-29 12:19:36,0.0,0.0,0.0,0.0,0.0,0.0,18.503365,58.117578,211.0,0.2,2,0,1,0,1,0,0,0,0,0,0,0,0,0,0,0
381,1601381976,2020-09-29 12:19:36,738063.6,51.519137,5.857951,31.0,3.0,0.0,28.842788,58.117578,64.0,0.466667,2,0,1,0,1,0,0,0,0,0,0,0,0,0,0,0
382,1601381979,2020-09-29 12:19:39,0.0,0.0,0.0,0.0,0.0,12000.0,29.591604,14.254801,59.0,0.409915,0,0,1,0,0,1,0,0,0,0,0,0,0,0,0,0
383,1601381979,2020-09-29 12:19:39,738063.6,51.519137,5.857951,31.0,1.0,12000.0,31.913956,14.254801,45.0,0.733333,0,0,1,0,0,1,0,0,0,0,0,0,0,0,0,0
384,1601381979,2020-09-29 12:19:39,0.0,0.0,0.0,0.0,0.0,12000.0,31.796749,14.254801,45.0,0.4333329999999999,0,0,1,0,0,1,0,0,0,0,0,0,0,0,0,0
385,1601381982,2020-09-29 12:19:42,738063.6,51.519137,5.857951,31.0,2.0,1001.0,26.299288,61.10041999999999,86.0,0.3,1,1,0,0,0,0,0,1,0,0,0,0,0,0,0,0
386,1601381982,2020-09-29 12:19:42,0.0,0.0,0.0,0.0,0.0,12000.0,23.970639,61.10041999999999,112.0,0.403114,1,0,1,0,0,1,0,0,0,0,0,0,0,0,0,0
387,1601381982,2020-09-29 12:19:42,0.0,0.0,0.0,0.0,0.0,0.0,17.682714999999995,61.10041999999999,232.0,0.185796,1,0,1,0,1,0,0,0,0,0,0,0,0,0,0,0
388,1601381986,2020-09-29 12:19:46,738063.6,51.519137,5.857951,31.0,3.0,0.0,27.046786,60.664635,79.0,0.3,2,0,1,0,1,0,0,0,0,0,0,0,0,0,0,0
389,1601381986,2020-09-29 12:19:46,0.0,0.0,0.0,0.0,0.0,0.0,16.906867000000002,60.664635,254.0,0.3,2,0,1,0,1,0,0,0,0,0,0,0,0,0,0,0
390,1601381986,2020-09-29 12:19:46,0.0,0.0,0.0,0.0,0.0,12000.0,16.522679,60.664635,265.0,0.3819349999999999,2,0,1,0,0,1,0,0,0,0,0,0,0,0,0,0
391,1601381988,2020-09-29 12:19:48,0.0,0.0,0.0,0.0,0.0,12000.0,23.136499,12.322327,124.0,0.4333329999999999,0,0,1,0,0,1,0,0,0,0,0,0,0,0,0,0
392,1601381988,2020-09-29 12:19:48,0.0,0.0,0.0,0.0,0.0,12000.0,22.301636,12.322327,136.0,0.390533,0,0,1,0,0,1,0,0,0,0,0,0,0,0,0,0
393,1601381988,2020-09-29 12:19:48,738063.6,51.519137,5.857951,31.0,1.0,0.0,22.873414,12.322327,127.0,0.1610069999999999,0,0,1,0,1,0,0,0,0,0,0,0,0,0,0,0
394,1601381991,2020-09-29 12:19:51,738063.6,51.519137,5.857951,31.0,2.0,1.0,24.578743,61.313743,105.0,0.3,1,1,0,0,1,0,0,0,0,0,0,0,0,0,0,0
395,1601381991,2020-09-29 12:19:51,0.0,0.0,0.0,0.0,0.0,12000.0,25.912997,61.313743,90.0,0.449979,1,0,1,0,0,1,0,0,0,0,0,0,0,0,0,0
396,1601381991,2020-09-29 12:19:51,0.0,0.0,0.0,0.0,0.0,0.0,20.279693,61.313743,172.0,0.167991,1,0,1,0,1,0,0,0,0,0,0,0,0,0,0,0
397,1601381994,2020-09-29 12:19:54,738063.6,51.519137,5.857951,31.0,3.0,0.0,27.974088,61.276395,71.0,0.333333,2,0,1,0,1,0,0,0,0,0,0,0,0,0,0,0
398,1601381994,2020-09-29 12:19:54,0.0,0.0,0.0,0.0,0.0,12000.0,19.779328,61.276395,182.0,0.377728,2,0,1,0,0,1,0,0,0,0,0,0,0,0,0,0
399,1601381994,2020-09-29 12:19:54,0.0,0.0,0.0,0.0,0.0,12000.0,19.73982,61.276395,183.0,0.4110609999999999,2,0,1,0,0,1,0,0,0,0,0,0,0,0,0,0
400,1601381998,2020-09-29 12:19:58,0.0,0.0,0.0,0.0,0.0,0.0,13.96376,12.699244,356.0,0.208763,0,0,1,0,1,0,0,0,0,0,0,0,0,0,0,0
401,1601381998,2020-09-29 12:19:58,738063.6,51.519137,5.857951,31.0,1.0,12000.0,23.176806,12.699244,123.0,0.3,0,0,1,0,0,1,0,0,0,0,0,0,0,0,0,0
402,1601381998,2020-09-29 12:19:58,0.0,0.0,0.0,0.0,0.0,0.0,17.937417,12.699244,225.0,0.3,0,0,1,0,1,0,0,0,0,0,0,0,0,0,0,0
403,1601382000,2020-09-29 12:20:00,738063.6,51.519137,5.857951,31.0,2.0,12000.0,26.386157,9.27017,85.0,0.331471,1,0,1,0,0,1,0,0,0,0,0,0,0,0,0,0
404,1601382000,2020-09-29 12:20:00,0.0,0.0,0.0,0.0,0.0,12000.0,25.510547,9.27017,94.0,0.416646,1,0,1,0,0,1,0,0,0,0,0,0,0,0,0,0
405,1601382000,2020-09-29 12:20:00,0.0,0.0,0.0,0.0,0.0,12000.0,24.426921,9.27017,106.0,0.387872,1,0,1,0,0,1,0,0,0,0,0,0,0,0,0,0
406,1601382003,2020-09-29 12:20:03,738063.6,51.519137,5.857951,31.0,3.0,1.0,25.1538,10.959321,98.0,0.4,2,1,0,0,1,0,0,0,0,0,0,0,0,0,0,0
407,1601382003,2020-09-29 12:20:03,0.0,0.0,0.0,0.0,0.0,12000.0,27.075921,10.959321,78.0,0.376582,2,0,1,0,0,1,0,0,0,0,0,0,0,0,0,0
408,1601382003,2020-09-29 12:20:03,0.0,0.0,0.0,0.0,0.0,12000.0,26.406604,10.959321,85.0,0.4408109999999999,2,0,1,0,0,1,0,0,0,0,0,0,0,0,0,0
409,1601382006,2020-09-29 12:20:06,738063.6,51.519137,5.857951,31.0,1.0,12000.0,26.677082,11.516433,82.0,0.376582,0,0,1,0,0,1,0,0,0,0,0,0,0,0,0,0
410,1601382006,2020-09-29 12:20:06,0.0,0.0,0.0,0.0,0.0,0.0,11.088503,11.516433,496.0,0.266667,0,0,1,0,1,0,0,0,0,0,0,0,0,0,0,0
411,1601382009,2020-09-29 12:20:09,738063.6,51.519137,5.857951,31.0,2.0,12000.0,25.860103,7.04868,90.0,0.376582,1,0,1,0,0,1,0,0,0,0,0,0,0,0,0,0
412,1601382009,2020-09-29 12:20:09,0.0,0.0,0.0,0.0,0.0,12000.0,25.430326,7.04868,95.0,0.3499469999999999,1,0,1,0,0,1,0,0,0,0,0,0,0,0,0,0
413,1601382009,2020-09-29 12:20:09,0.0,0.0,0.0,0.0,0.0,12000.0,24.90497,7.04868,101.0,0.426167,1,0,1,0,0,1,0,0,0,0,0,0,0,0,0,0
414,1601382012,2020-09-29 12:20:12,0.0,0.0,0.0,0.0,0.0,12000.0,18.251769,62.692078,217.0,0.3789,2,0,1,0,0,1,0,0,0,0,0,0,0,0,0,0
415,1601382012,2020-09-29 12:20:12,738063.6,51.519137,5.857951,31.0,3.0,1001.0,21.859446,62.692078,143.0,0.633333,2,1,0,0,0,0,0,1,0,0,0,0,0,0,0,0
416,1601382012,2020-09-29 12:20:12,0.0,0.0,0.0,0.0,0.0,12000.0,18.671931,62.692078,207.0,0.414671,2,0,1,0,0,1,0,0,0,0,0,0,0,0,0,0
417,1601382016,2020-09-29 12:20:16,0.0,0.0,0.0,0.0,0.0,12000.0,26.008219,12.057183,89.0,0.666667,0,0,1,0,0,1,0,0,0,0,0,0,0,0,0,0
418,1601382016,2020-09-29 12:20:16,0.0,0.0,0.0,0.0,0.0,0.0,13.409623000000002,12.057183,380.0,0.139521,0,0,1,0,1,0,0,0,0,0,0,0,0,0,0,0
419,1601382016,2020-09-29 12:20:16,738063.6,51.519137,5.857951,31.0,1.0,0.0,27.004377,12.057183,79.0,0.366667,0,0,1,0,1,0,0,0,0,0,0,0,0,0,0,0
420,1601382018,2020-09-29 12:20:18,0.0,0.0,0.0,0.0,0.0,12000.0,27.059027,95.464411,78.0,0.376582,1,0,1,0,0,1,0,0,0,0,0,0,0,0,0,0
421,1601382018,2020-09-29 12:20:18,0.0,0.0,0.0,0.0,0.0,12000.0,27.170192,95.464411,77.0,0.387872,1,0,1,0,0,1,0,0,0,0,0,0,0,0,0,0
422,1601382018,2020-09-29 12:20:18,738063.6,51.519137,5.857951,31.0,2.0,12000.0,28.23388,95.464411,68.0,0.442249,1,0,1,0,0,1,0,0,0,0,0,0,0,0,0,0
423,1601382021,2020-09-29 12:20:21,0.0,0.0,0.0,0.0,0.0,0.0,12.203045,63.31346600000001,436.0,0.2,2,0,1,0,1,0,0,0,0,0,0,0,0,0,0,0
424,1601382021,2020-09-29 12:20:21,738063.6,51.519137,5.857951,31.0,3.0,1001.0,23.884497,63.31346600000001,113.0,0.7,2,1,0,0,0,0,0,1,0,0,0,0,0,0,0,0
425,1601382021,2020-09-29 12:20:21,0.0,0.0,0.0,0.0,0.0,12000.0,24.474746,63.31346600000001,106.0,0.419188,2,0,1,0,0,1,0,0,0,0,0,0,0,0,0,0
426,1601382024,2020-09-29 12:20:24,738063.6,51.519137,5.857951,31.0,1.0,0.0,11.541892,131.304643,471.0,0.17762,0,0,1,0,1,0,0,0,0,0,0,0,0,0,0,0
427,1601382024,2020-09-29 12:20:24,0.0,0.0,0.0,0.0,0.0,0.0,9.2607,131.304643,613.0,0.19309,0,0,1,0,1,0,0,0,0,0,0,0,0,0,0,0
428,1601382028,2020-09-29 12:20:28,738063.6,51.519137,5.857951,31.0,2.0,0.0,27.476482,91.118734,75.0,0.3236699999999999,1,0,1,0,1,0,0,0,0,0,0,0,0,0,0,0
429,1601382028,2020-09-29 12:20:28,0.0,0.0,0.0,0.0,0.0,12000.0,27.800642,91.118734,72.0,0.424737,1,0,1,0,0,1,0,0,0,0,0,0,0,0,0,0
430,1601382028,2020-09-29 12:20:28,0.0,0.0,0.0,0.0,0.0,12000.0,27.601333,91.118734,74.0,0.47718,1,0,1,0,0,1,0,0,0,0,0,0,0,0,0,0
431,1601382029,2020-09-29 12:20:29,0.0,0.0,0.0,0.0,0.0,12000.0,24.474746,63.31346600000001,106.0,0.419188,2,0,1,0,0,1,0,0,0,0,0,0,0,0,0,0
432,1601382029,2020-09-29 12:20:29,0.0,0.0,0.0,0.0,0.0,0.0,12.203045,63.31346600000001,436.0,0.2,2,0,1,0,1,0,0,0,0,0,0,0,0,0,0,0
433,1601382029,2020-09-29 12:20:29,738063.6,51.519137,5.857951,31.0,3.0,1001.0,23.884497,63.31346600000001,113.0,0.7,2,1,0,0,0,0,0,1,0,0,0,0,0,0,0,0
434,1601382033,2020-09-29 12:20:33,738063.6,51.519137,5.857951,31.0,1.0,0.0,24.14736700000001,16.22079,110.0,0.1610069999999999,0,0,1,0,1,0,0,0,0,0,0,0,0,0,0,0
435,1601382033,2020-09-29 12:20:33,0.0,0.0,0.0,0.0,0.0,12000.0,17.5916,16.22079,234.0,0.421401,0,0,1,0,0,1,0,0,0,0,0,0,0,0,0,0
436,1601382036,2020-09-29 12:20:36,738063.6,51.519137,5.857951,31.0,2.0,12000.0,25.70096400000001,93.544268,92.0,0.47718,1,0,1,0,0,1,0,0,0,0,0,0,0,0,0,0
437,1601382036,2020-09-29 12:20:36,0.0,0.0,0.0,0.0,0.0,12000.0,25.80091,93.544268,91.0,0.443249,1,0,1,0,0,1,0,0,0,0,0,0,0,0,0,0
438,1601382036,2020-09-29 12:20:36,0.0,0.0,0.0,0.0,0.0,12000.0,25.291965,93.544268,96.0,0.474145,1,0,1,0,0,1,0,0,0,0,0,0,0,0,0,0
439,1601382039,2020-09-29 12:20:39,738063.6,51.519137,5.857951,31.0,3.0,1.0,23.516268,62.008463,118.0,0.2333329999999999,2,1,0,0,1,0,0,0,0,0,0,0,0,0,0,0
440,1601382039,2020-09-29 12:20:39,0.0,0.0,0.0,0.0,0.0,0.0,21.531065,62.008463,149.0,0.281009,2,0,1,0,1,0,0,0,0,0,0,0,0,0,0,0
441,1601382041,2020-09-29 12:20:41,738063.6,51.519137,5.857951,31.0,1.0,0.0,16.374228,17.656315,270.0,0.4,0,0,1,0,1,0,0,0,0,0,0,0,0,0,0,0
442,1601382045,2020-09-29 12:20:45,0.0,0.0,0.0,0.0,0.0,12000.0,27.812887,94.690846,72.0,0.409915,1,0,1,0,0,1,0,0,0,0,0,0,0,0,0,0
443,1601382045,2020-09-29 12:20:45,0.0,0.0,0.0,0.0,0.0,12000.0,25.139222,94.690846,98.0,0.319347,1,0,1,0,0,1,0,0,0,0,0,0,0,0,0,0
444,1601382045,2020-09-29 12:20:45,738063.6,51.519137,5.857951,31.0,2.0,12000.0,28.066382,94.690846,70.0,0.4167439999999999,1,0,1,0,0,1,0,0,0,0,0,0,0,0,0,0
445,1601382048,2020-09-29 12:20:48,738063.6,51.519137,5.857951,31.0,3.0,1.0,15.81232,71.717288,288.0,0.266667,2,1,0,0,1,0,0,0,0,0,0,0,0,0,0,0
446,1601382048,2020-09-29 12:20:48,0.0,0.0,0.0,0.0,0.0,1.0,16.044045,71.717288,280.0,0.466667,2,1,0,0,1,0,0,0,0,0,0,0,0,0,0,0
447,1601382048,2020-09-29 12:20:48,0.0,0.0,0.0,0.0,0.0,0.0,14.006554,71.717288,354.0,0.266667,2,0,1,0,1,0,0,0,0,0,0,0,0,0,0,0
448,1601382051,2020-09-29 12:20:51,738063.6,51.519137,5.857951,31.0,1.0,12000.0,28.647599,96.782897,65.0,0.4073739999999999,0,0,1,0,0,1,0,0,0,0,0,0,0,0,0,0
449,1601382051,2020-09-29 12:20:51,0.0,0.0,0.0,0.0,0.0,12000.0,28.344629,96.782897,68.0,0.392833,0,0,1,0,0,1,0,0,0,0,0,0,0,0,0,0
450,1601382051,2020-09-29 12:20:51,0.0,0.0,0.0,0.0,0.0,0.0,21.349388,96.782897,152.0,0.285059,0,0,1,0,1,0,0,0,0,0,0,0,0,0,0,0
451,1601382054,2020-09-29 12:20:54,0.0,0.0,0.0,0.0,0.0,12000.0,24.696334,95.020167,103.0,0.398559,1,0,1,0,0,1,0,0,0,0,0,0,0,0,0,0
452,1601382054,2020-09-29 12:20:54,0.0,0.0,0.0,0.0,0.0,12000.0,25.269934,95.020167,97.0,0.47718,1,0,1,0,0,1,0,0,0,0,0,0,0,0,0,0
453,1601382054,2020-09-29 12:20:54,738063.6,51.519137,5.857951,31.0,2.0,12000.0,27.953632,95.020167,71.0,0.397039,1,0,1,0,0,1,0,0,0,0,0,0,0,0,0,0
454,1601382057,2020-09-29 12:20:57,738063.6,51.519137,5.857951,31.0,3.0,1.0,22.350554,62.968715,135.0,0.366667,2,1,0,0,1,0,0,0,0,0,0,0,0,0,0,0
455,1601382057,2020-09-29 12:20:57,0.0,0.0,0.0,0.0,0.0,0.0,15.944074,62.968715,284.0,0.266667,2,0,1,0,1,0,0,0,0,0,0,0,0,0,0,0
456,1601382057,2020-09-29 12:20:57,0.0,0.0,0.0,0.0,0.0,0.0,10.877141,62.968715,508.0,0.176182,2,0,1,0,1,0,0,0,0,0,0,0,0,0,0,0
457,1601382060,2020-09-29 12:21:00,738063.6,51.519137,5.857951,31.0,1.0,0.0,28.134892,10.644175,69.0,0.4,0,0,1,0,1,0,0,0,0,0,0,0,0,0,0,0
458,1601382060,2020-09-29 12:21:00,0.0,0.0,0.0,0.0,0.0,12000.0,29.592052,10.644175,59.0,0.566667,0,0,1,0,0,1,0,0,0,0,0,0,0,0,0,0
459,1601382060,2020-09-29 12:21:00,0.0,0.0,0.0,0.0,0.0,12000.0,28.280349,10.644175,68.0,0.383789,0,0,1,0,0,1,0,0,0,0,0,0,0,0,0,0
460,1601382063,2020-09-29 12:21:03,0.0,0.0,0.0,0.0,0.0,0.0,24.912163,12.311439,101.0,0.2094909999999999,1,0,1,0,1,0,0,0,0,0,0,0,0,0,0,0
461,1601382063,2020-09-29 12:21:03,0.0,0.0,0.0,0.0,0.0,0.0,20.610309,12.311439,165.0,0.213644,1,0,1,0,1,0,0,0,0,0,0,0,0,0,0,0
462,1601382063,2020-09-29 12:21:03,738063.6,51.519137,5.857951,31.0,2.0,12000.0,28.999191,12.311439,63.0,0.409915,1,0,1,0,0,1,0,0,0,0,0,0,0,0,0,0
463,1601382066,2020-09-29 12:21:06,0.0,0.0,0.0,0.0,0.0,0.0,7.355666,64.017048,763.0,0.4333329999999999,2,0,1,0,1,0,0,0,0,0,0,0,0,0,0,0
464,1601382066,2020-09-29 12:21:06,0.0,0.0,0.0,0.0,0.0,0.0,14.767876,64.017048,325.0,0.4333329999999999,2,0,1,0,1,0,0,0,0,0,0,0,0,0,0,0
465,1601382066,2020-09-29 12:21:06,738063.6,51.519137,5.857951,31.0,3.0,1001.0,17.045141,64.017048,250.0,0.5,2,1,0,0,0,0,0,1,0,0,0,0,0,0,0,0
466,1601382069,2020-09-29 12:21:09,738063.6,51.519137,5.857951,31.0,1.0,20000.0,26.465233,14.212216,84.0,0.6,0,0,1,0,0,0,1,0,0,0,0,0,0,0,0,0
467,1601382069,2020-09-29 12:21:09,0.0,0.0,0.0,0.0,0.0,12000.0,24.512311,14.212216,105.0,0.388544,0,0,1,0,0,1,0,0,0,0,0,0,0,0,0,0
468,1601382069,2020-09-29 12:21:09,0.0,0.0,0.0,0.0,0.0,12000.0,23.967269,14.212216,112.0,0.358319,0,0,1,0,0,1,0,0,0,0,0,0,0,0,0,0
469,1601382072,2020-09-29 12:21:12,738063.6,51.519137,5.857951,31.0,2.0,1001.0,27.00837000000001,94.450307,79.0,0.3,1,1,0,0,0,0,0,1,0,0,0,0,0,0,0,0
470,1601382072,2020-09-29 12:21:12,0.0,0.0,0.0,0.0,0.0,12000.0,28.869061,94.450307,64.0,0.319347,1,0,1,0,0,1,0,0,0,0,0,0,0,0,0,0
471,1601382072,2020-09-29 12:21:12,0.0,0.0,0.0,0.0,0.0,0.0,7.52345,94.450307,748.0,0.366667,1,0,1,0,1,0,0,0,0,0,0,0,0,0,0,0
472,1601382075,2020-09-29 12:21:15,0.0,0.0,0.0,0.0,0.0,0.0,9.688402,64.9606,583.0,0.2333329999999999,2,0,1,0,1,0,0,0,0,0,0,0,0,0,0,0
473,1601382075,2020-09-29 12:21:15,738063.6,51.519137,5.857951,31.0,3.0,12001.0,19.536479,64.9606,187.0,0.466667,2,1,0,0,0,1,0,0,0,0,0,0,0,0,0,0
474,1601382078,2020-09-29 12:21:18,738063.6,51.519137,5.857951,31.0,1.0,12000.0,29.260837,97.258206,61.0,0.369879,0,0,1,0,0,1,0,0,0,0,0,0,0,0,0,0
475,1601382078,2020-09-29 12:21:18,0.0,0.0,0.0,0.0,0.0,12000.0,29.062768,97.258206,62.0,0.3951199999999999,0,0,1,0,0,1,0,0,0,0,0,0,0,0,0,0
476,1601382081,2020-09-29 12:21:21,738063.6,51.519137,5.857951,31.0,2.0,12000.0,31.10105900000001,10.189792,49.0,0.409915,1,0,1,0,0,1,0,0,0,0,0,0,0,0,0,0
477,1601382081,2020-09-29 12:21:21,0.0,0.0,0.0,0.0,0.0,12000.0,30.641634000000003,10.189792,52.0,0.4073739999999999,1,0,1,0,0,1,0,0,0,0,0,0,0,0,0,0
478,1601382081,2020-09-29 12:21:21,0.0,0.0,0.0,0.0,0.0,12000.0,30.001386,10.189792,56.0,0.393946,1,0,1,0,0,1,0,0,0,0,0,0,0,0,0,0
479,1601382084,2020-09-29 12:21:24,0.0,0.0,0.0,0.0,0.0,0.0,6.4476510000000005,10.636276,847.0,0.226102,2,0,1,0,1,0,0,0,0,0,0,0,0,0,0,0
480,1601382084,2020-09-29 12:21:24,738063.6,51.519137,5.857951,31.0,3.0,1001.0,18.220062,10.636276,218.0,0.466667,2,1,0,0,0,0,0,1,0,0,0,0,0,0,0,0
481,1601382084,2020-09-29 12:21:24,0.0,0.0,0.0,0.0,0.0,0.0,8.52097,10.636276,667.0,0.150557,2,0,1,0,1,0,0,0,0,0,0,0,0,0,0,0
482,1601382088,2020-09-29 12:21:28,0.0,0.0,0.0,0.0,0.0,12000.0,26.099415,14.506075,88.0,0.380917,0,0,1,0,0,1,0,0,0,0,0,0,0,0,0,0
483,1601382088,2020-09-29 12:21:28,0.0,0.0,0.0,0.0,0.0,0.0,23.680824,14.506075,116.0,0.4,0,0,1,0,1,0,0,0,0,0,0,0,0,0,0,0
484,1601382088,2020-09-29 12:21:28,738063.6,51.519137,5.857951,31.0,1.0,12000.0,28.748956,14.506075,65.0,0.533333,0,0,1,0,0,1,0,0,0,0,0,0,0,0,0,0
485,1601382090,2020-09-29 12:21:30,738063.6,51.519137,5.857951,31.0,2.0,12000.0,26.140939000000003,95.119117,87.0,0.4407069999999999,1,0,1,0,0,1,0,0,0,0,0,0,0,0,0,0
486,1601382090,2020-09-29 12:21:30,0.0,0.0,0.0,0.0,0.0,12000.0,25.787081,95.119117,91.0,0.358319,1,0,1,0,0,1,0,0,0,0,0,0,0,0,0,0
487,1601382090,2020-09-29 12:21:30,0.0,0.0,0.0,0.0,0.0,12000.0,24.849318,95.119117,101.0,0.449979,1,0,1,0,0,1,0,0,0,0,0,0,0,0,0,0
488,1601382093,2020-09-29 12:21:33,738063.6,51.519137,5.857951,31.0,3.0,1.0,20.070924,13.275946,176.0,0.2333329999999999,2,1,0,0,1,0,0,0,0,0,0,0,0,0,0,0
489,1601382093,2020-09-29 12:21:33,0.0,0.0,0.0,0.0,0.0,7000.0,8.13632,13.275946,697.0,0.633333,2,0,1,0,0,0,0,0,0,0,0,1,0,0,0,0
490,1601382095,2020-09-29 12:21:35,738063.6,51.519137,5.857951,31.0,1.0,0.0,23.823372,25.810077,114.0,0.3,0,0,1,0,1,0,0,0,0,0,0,0,0,0,0,0
491,1601382099,2020-09-29 12:21:39,0.0,0.0,0.0,0.0,0.0,12000.0,25.983594,94.103107,89.0,0.416646,1,0,1,0,0,1,0,0,0,0,0,0,0,0,0,0
492,1601382099,2020-09-29 12:21:39,0.0,0.0,0.0,0.0,0.0,12000.0,26.445747,94.103107,84.0,0.401045,1,0,1,0,0,1,0,0,0,0,0,0,0,0,0,0
493,1601382099,2020-09-29 12:21:39,738063.6,51.519137,5.857951,31.0,2.0,0.0,22.949974,94.103107,126.0,0.310041,1,0,1,0,1,0,0,0,0,0,0,0,0,0,0,0
494,1601382102,2020-09-29 12:21:42,738063.6,51.519137,5.857951,31.0,3.0,1.0,19.8452,63.556057,181.0,0.260392,2,1,0,0,1,0,0,0,0,0,0,0,0,0,0,0
495,1601382102,2020-09-29 12:21:42,0.0,0.0,0.0,0.0,0.0,12000.0,22.856918,63.556057,128.0,0.6,2,0,1,0,0,1,0,0,0,0,0,0,0,0,0,0
496,1601382102,2020-09-29 12:21:42,0.0,0.0,0.0,0.0,0.0,0.0,9.903969,63.556057,569.0,0.3,2,0,1,0,1,0,0,0,0,0,0,0,0,0,0,0
497,1601382105,2020-09-29 12:21:45,738063.6,51.519137,5.857951,31.0,1.0,12000.0,26.889501,96.09361,80.0,0.397039,0,0,1,0,0,1,0,0,0,0,0,0,0,0,0,0
498,1601382105,2020-09-29 12:21:45,0.0,0.0,0.0,0.0,0.0,12000.0,27.047318,96.09361,79.0,0.409915,0,0,1,0,0,1,0,0,0,0,0,0,0,0,0,0
499,1601382105,2020-09-29 12:21:45,0.0,0.0,0.0,0.0,0.0,12000.0,25.56666,96.09361,93.0,0.47276,0,0,1,0,0,1,0,0,0,0,0,0,0,0,0,0
500,1601382108,2020-09-29 12:21:48,0.0,0.0,0.0,0.0,0.0,12000.0,28.136561,93.883124,69.0,0.409915,1,0,1,0,0,1,0,0,0,0,0,0,0,0,0,0
501,1601382108,2020-09-29 12:21:48,0.0,0.0,0.0,0.0,0.0,12000.0,27.592362,93.883124,74.0,0.400925,1,0,1,0,0,1,0,0,0,0,0,0,0,0,0,0
502,1601382108,2020-09-29 12:21:48,738063.6,51.519137,5.857951,31.0,2.0,12000.0,28.563892,93.883124,66.0,0.442249,1,0,1,0,0,1,0,0,0,0,0,0,0,0,0,0
503,1601382111,2020-09-29 12:21:51,0.0,0.0,0.0,0.0,0.0,0.0,17.66968,14.024859,232.0,0.279737,2,0,1,0,1,0,0,0,0,0,0,0,0,0,0,0
504,1601382111,2020-09-29 12:21:51,0.0,0.0,0.0,0.0,0.0,0.0,22.991157,14.024859,126.0,0.380337,2,0,1,0,1,0,0,0,0,0,0,0,0,0,0,0
505,1601382111,2020-09-29 12:21:51,738063.6,51.519137,5.857951,31.0,3.0,0.0,24.9701,14.024859,100.0,0.3,2,0,1,0,1,0,0,0,0,0,0,0,0,0,0,0
506,1601382114,2020-09-29 12:21:54,738063.6,51.519137,5.857951,31.0,1.0,0.0,27.450576,12.623439,75.0,0.333333,0,0,1,0,1,0,0,0,0,0,0,0,0,0,0,0
507,1601382114,2020-09-29 12:21:54,0.0,0.0,0.0,0.0,0.0,12000.0,26.386648,12.623439,85.0,0.36263,0,0,1,0,0,1,0,0,0,0,0,0,0,0,0,0
508,1601382114,2020-09-29 12:21:54,0.0,0.0,0.0,0.0,0.0,0.0,23.355252,12.623439,120.0,0.205198,0,0,1,0,1,0,0,0,0,0,0,0,0,0,0,0
509,1601382117,2020-09-29 12:21:57,738063.6,51.519137,5.857951,31.0,2.0,1001.0,22.139877,95.540693,139.0,0.308606,1,1,0,0,0,0,0,1,0,0,0,0,0,0,0,0
510,1601382117,2020-09-29 12:21:57,0.0,0.0,0.0,0.0,0.0,12000.0,29.934629,95.540693,56.0,0.331471,1,0,1,0,0,1,0,0,0,0,0,0,0,0,0,0
511,1601382117,2020-09-29 12:21:57,0.0,0.0,0.0,0.0,0.0,0.0,28.383131,95.540693,67.0,0.383312,1,0,1,0,1,0,0,0,0,0,0,0,0,0,0,0
512,1601382120,2020-09-29 12:22:00,738063.6,51.519137,5.857951,31.0,3.0,0.0,15.962617000000002,78.34742800000002,283.0,0.366667,2,0,1,0,1,0,0,0,0,0,0,0,0,0,0,0
513,1601382120,2020-09-29 12:22:00,0.0,0.0,0.0,0.0,0.0,7000.0,8.930344,78.34742800000002,636.0,0.5,2,0,1,0,0,0,0,0,0,0,0,1,0,0,0,0
514,1601382123,2020-09-29 12:22:03,0.0,0.0,0.0,0.0,0.0,12000.0,29.392906,98.506333,60.0,0.396769,0,0,1,0,0,1,0,0,0,0,0,0,0,0,0,0
515,1601382123,2020-09-29 12:22:03,738063.6,51.519137,5.857951,31.0,1.0,0.0,29.316779,98.506333,60.0,0.266667,0,0,1,0,1,0,0,0,0,0,0,0,0,0,0,0
516,1601382123,2020-09-29 12:22:03,0.0,0.0,0.0,0.0,0.0,12000.0,30.287425,98.506333,54.0,0.4073739999999999,0,0,1,0,0,1,0,0,0,0,0,0,0,0,0,0
517,1601382126,2020-09-29 12:22:06,738063.6,51.519137,5.857951,31.0,2.0,1.0,24.158069,10.3906,110.0,0.333333,1,1,0,0,1,0,0,0,0,0,0,0,0,0,0,0
518,1601382126,2020-09-29 12:22:06,0.0,0.0,0.0,0.0,0.0,0.0,13.91844,10.3906,358.0,0.222209,1,0,1,0,1,0,0,0,0,0,0,0,0,0,0,0
519,1601382129,2020-09-29 12:22:09,738063.6,51.519137,5.857951,31.0,3.0,12000.0,28.942713,9.230013,63.0,0.633333,2,0,1,0,0,1,0,0,0,0,0,0,0,0,0,0
520,1601382129,2020-09-29 12:22:09,0.0,0.0,0.0,0.0,0.0,0.0,19.052035,9.230013,198.0,0.4333329999999999,2,0,1,0,1,0,0,0,0,0,0,0,0,0,0,0
521,1601382129,2020-09-29 12:22:09,0.0,0.0,0.0,0.0,0.0,12000.0,25.951358,9.230013,89.0,0.376582,2,0,1,0,0,1,0,0,0,0,0,0,0,0,0,0
522,1601382132,2020-09-29 12:22:12,0.0,0.0,0.0,0.0,0.0,0.0,22.569815,11.323379,132.0,0.1988869999999999,0,0,1,0,1,0,0,0,0,0,0,0,0,0,0,0
523,1601382132,2020-09-29 12:22:12,738063.6,51.519137,5.857951,31.0,1.0,0.0,28.169863,11.323379,69.0,0.2333329999999999,0,0,1,0,1,0,0,0,0,0,0,0,0,0,0,0
524,1601382135,2020-09-29 12:22:15,0.0,0.0,0.0,0.0,0.0,12000.0,29.617106,11.123679,58.0,0.354538,1,0,1,0,0,1,0,0,0,0,0,0,0,0,0,0
525,1601382135,2020-09-29 12:22:15,738063.6,51.519137,5.857951,31.0,2.0,1.0,24.836645,11.123679,102.0,0.366667,1,1,0,0,1,0,0,0,0,0,0,0,0,0,0,0
526,1601382135,2020-09-29 12:22:15,0.0,0.0,0.0,0.0,0.0,12000.0,30.062581,11.123679,55.0,0.443249,1,0,1,0,0,1,0,0,0,0,0,0,0,0,0,0
527,1601382138,2020-09-29 12:22:18,738063.6,51.519137,5.857951,31.0,3.0,0.0,22.475049,8.986094,133.0,0.2442409999999999,2,0,1,0,1,0,0,0,0,0,0,0,0,0,0,0
528,1601382138,2020-09-29 12:22:18,0.0,0.0,0.0,0.0,0.0,0.0,26.512407,8.986094,84.0,0.374041,2,0,1,0,1,0,0,0,0,0,0,0,0,0,0,0
529,1601382138,2020-09-29 12:22:18,0.0,0.0,0.0,0.0,0.0,12000.0,26.227513,8.986094,86.0,0.419188,2,0,1,0,0,1,0,0,0,0,0,0,0,0,0,0
530,1601382140,2020-09-29 12:22:20,738063.6,51.519137,5.857951,31.0,1.0,11001.0,12.913519,-0.432943,402.0,0.566667,0,1,0,0,0,0,0,0,0,1,0,0,0,0,0,0
531,1601382144,2020-09-29 12:22:24,738063.6,51.519137,5.857951,31.0,2.0,1.0,22.951815,95.676975,126.0,0.3,1,1,0,0,1,0,0,0,0,0,0,0,0,0,0,0
532,1601382144,2020-09-29 12:22:24,0.0,0.0,0.0,0.0,0.0,12000.0,29.229639,95.676975,61.0,0.633333,1,0,1,0,0,1,0,0,0,0,0,0,0,0,0,0
533,1601382144,2020-09-29 12:22:24,0.0,0.0,0.0,0.0,0.0,12000.0,28.137156,95.676975,69.0,0.409915,1,0,1,0,0,1,0,0,0,0,0,0,0,0,0,0
534,1601382147,2020-09-29 12:22:27,0.0,0.0,0.0,0.0,0.0,7000.0,8.579889,62.717469,663.0,0.5,2,0,1,0,0,0,0,0,0,0,0,1,0,0,0,0
535,1601382147,2020-09-29 12:22:27,738063.6,51.519137,5.857951,31.0,3.0,1000.0,16.022948,62.717469,281.0,0.466667,2,0,1,0,0,0,0,1,0,0,0,0,0,0,0,0
536,1601382150,2020-09-29 12:22:30,738063.6,51.519137,5.857951,31.0,1.0,12000.0,25.430165,6.304944,95.0,0.380917,0,0,1,0,0,1,0,0,0,0,0,0,0,0,0,0
537,1601382150,2020-09-29 12:22:30,0.0,0.0,0.0,0.0,0.0,12000.0,24.127967,6.304944,110.0,0.421401,0,0,1,0,0,1,0,0,0,0,0,0,0,0,0,0
538,1601382154,2020-09-29 12:22:34,738063.6,51.519137,5.857951,31.0,2.0,1001.0,16.386798000000002,11.889584,269.0,0.5,1,1,0,0,0,0,0,1,0,0,0,0,0,0,0,0
539,1601382154,2020-09-29 12:22:34,0.0,0.0,0.0,0.0,0.0,12000.0,23.296336,11.889584,121.0,0.442249,1,0,1,0,0,1,0,0,0,0,0,0,0,0,0,0
540,1601382154,2020-09-29 12:22:34,0.0,0.0,0.0,0.0,0.0,12000.0,22.668211,11.889584,130.0,0.409915,1,0,1,0,0,1,0,0,0,0,0,0,0,0,0,0
541,1601382156,2020-09-29 12:22:36,0.0,0.0,0.0,0.0,0.0,0.0,20.61512,14.608985,165.0,0.380337,2,0,1,0,1,0,0,0,0,0,0,0,0,0,0,0
542,1601382156,2020-09-29 12:22:36,0.0,0.0,0.0,0.0,0.0,12000.0,18.414343,14.608985,213.0,0.412233,2,0,1,0,0,1,0,0,0,0,0,0,0,0,0,0
543,1601382156,2020-09-29 12:22:36,738063.6,51.519137,5.857951,31.0,3.0,0.0,15.57889,14.608985,296.0,0.333333,2,0,1,0,1,0,0,0,0,0,0,0,0,0,0,0
544,1601382159,2020-09-29 12:22:39,0.0,0.0,0.0,0.0,0.0,0.0,17.013424,8.634797,251.0,0.21101,0,0,1,0,1,0,0,0,0,0,0,0,0,0,0,0
545,1601382159,2020-09-29 12:22:39,0.0,0.0,0.0,0.0,0.0,0.0,20.632044,8.634797,165.0,0.229334,0,0,1,0,1,0,0,0,0,0,0,0,0,0,0,0
546,1601382159,2020-09-29 12:22:39,738063.6,51.519137,5.857951,31.0,1.0,12000.0,25.08155,8.634797,99.0,0.409915,0,0,1,0,0,1,0,0,0,0,0,0,0,0,0,0
547,1601382162,2020-09-29 12:22:42,738063.6,51.519137,5.857951,31.0,2.0,12001.0,19.459432,8.359053999999999,189.0,0.3,1,1,0,0,0,1,0,0,0,0,0,0,0,0,0,0
548,1601382162,2020-09-29 12:22:42,0.0,0.0,0.0,0.0,0.0,12000.0,23.138245,8.359053999999999,124.0,0.359598,1,0,1,0,0,1,0,0,0,0,0,0,0,0,0,0
549,1601382162,2020-09-29 12:22:42,0.0,0.0,0.0,0.0,0.0,12000.0,23.71061700000001,8.359053999999999,116.0,0.424737,1,0,1,0,0,1,0,0,0,0,0,0,0,0,0,0
550,1601382164,2020-09-29 12:22:44,738063.6,51.519137,5.857951,31.0,3.0,0.0,18.202372,58.63786800000001,218.0,0.240976,2,0,1,0,1,0,0,0,0,0,0,0,0,0,0,0
551,1601382168,2020-09-29 12:22:48,738063.6,51.519137,5.857951,31.0,1.0,12000.0,30.359984000000004,9.508812,54.0,0.383789,0,0,1,0,0,1,0,0,0,0,0,0,0,0,0,0
552,1601382168,2020-09-29 12:22:48,0.0,0.0,0.0,0.0,0.0,0.0,30.259467,9.508812,54.0,0.366171,0,0,1,0,1,0,0,0,0,0,0,0,0,0,0,0
553,1601382168,2020-09-29 12:22:48,0.0,0.0,0.0,0.0,0.0,12000.0,29.350852000000003,9.508812,60.0,0.416646,0,0,1,0,0,1,0,0,0,0,0,0,0,0,0,0
554,1601382171,2020-09-29 12:22:51,0.0,0.0,0.0,0.0,0.0,0.0,13.050603,65.27474000000001,396.0,0.3,1,0,1,0,1,0,0,0,0,0,0,0,0,0,0,0
555,1601382171,2020-09-29 12:22:51,738063.6,51.519137,5.857951,31.0,2.0,1001.0,23.063238,65.27474000000001,125.0,0.5,1,1,0,0,0,0,0,1,0,0,0,0,0,0,0,0
556,1601382174,2020-09-29 12:22:54,738063.6,51.519137,5.857951,31.0,3.0,0.0,18.753836,64.367005,205.0,0.366667,2,0,1,0,1,0,0,0,0,0,0,0,0,0,0,0
557,1601382174,2020-09-29 12:22:54,0.0,0.0,0.0,0.0,0.0,0.0,10.783779,64.367005,514.0,0.266667,2,0,1,0,1,0,0,0,0,0,0,0,0,0,0,0
558,1601382177,2020-09-29 12:22:57,738063.6,51.519137,5.857951,31.0,1.0,12000.0,27.950526,10.435836,71.0,0.533333,0,0,1,0,0,1,0,0,0,0,0,0,0,0,0,0
559,1601382177,2020-09-29 12:22:57,0.0,0.0,0.0,0.0,0.0,12000.0,27.10946400000001,10.435836,78.0,0.428356,0,0,1,0,0,1,0,0,0,0,0,0,0,0,0,0
560,1601382177,2020-09-29 12:22:57,0.0,0.0,0.0,0.0,0.0,12000.0,26.481958,10.435836,84.0,0.409915,0,0,1,0,0,1,0,0,0,0,0,0,0,0,0,0
561,1601382180,2020-09-29 12:23:00,738063.6,51.519137,5.857951,31.0,2.0,1001.0,24.525231,65.251554,105.0,0.466667,1,1,0,0,0,0,0,1,0,0,0,0,0,0,0,0
562,1601382180,2020-09-29 12:23:00,0.0,0.0,0.0,0.0,0.0,7000.0,14.125717000000002,65.251554,350.0,0.533333,1,0,1,0,0,0,0,0,0,0,0,1,0,0,0,0
563,1601382183,2020-09-29 12:23:03,0.0,0.0,0.0,0.0,0.0,0.0,14.902428,63.2459,320.0,0.333333,2,0,1,0,1,0,0,0,0,0,0,0,0,0,0,0
564,1601382183,2020-09-29 12:23:03,738063.6,51.519137,5.857951,31.0,3.0,0.0,24.803444,63.2459,102.0,0.3,2,0,1,0,1,0,0,0,0,0,0,0,0,0,0,0
565,1601382186,2020-09-29 12:23:06,738063.6,51.519137,5.857951,31.0,1.0,12000.0,27.638025,10.136315,73.0,0.397487,0,0,1,0,0,1,0,0,0,0,0,0,0,0,0,0
566,1601382186,2020-09-29 12:23:06,0.0,0.0,0.0,0.0,0.0,12000.0,27.082137,10.136315,78.0,0.409915,0,0,1,0,0,1,0,0,0,0,0,0,0,0,0,0
567,1601382186,2020-09-29 12:23:06,0.0,0.0,0.0,0.0,0.0,0.0,25.871176,10.136315,90.0,0.29858,0,0,1,0,1,0,0,0,0,0,0,0,0,0,0,0
568,1601382189,2020-09-29 12:23:09,738063.6,51.519137,5.857951,31.0,2.0,1.0,26.034851,10.247561,88.0,0.3,1,1,0,0,1,0,0,0,0,0,0,0,0,0,0,0
569,1601382189,2020-09-29 12:23:09,0.0,0.0,0.0,0.0,0.0,12000.0,29.478553,10.247561,59.0,0.409915,1,0,1,0,0,1,0,0,0,0,0,0,0,0,0,0
570,1601382189,2020-09-29 12:23:09,0.0,0.0,0.0,0.0,0.0,0.0,24.124241,10.247561,110.0,0.205284,1,0,1,0,1,0,0,0,0,0,0,0,0,0,0,0
571,1601382192,2020-09-29 12:23:12,738063.6,51.519137,5.857951,31.0,3.0,12000.0,29.09859,10.220584,62.0,0.4333329999999999,2,0,1,0,0,1,0,0,0,0,0,0,0,0,0,0
572,1601382192,2020-09-29 12:23:12,0.0,0.0,0.0,0.0,0.0,0.0,22.737581,10.220584,129.0,0.287292,2,0,1,0,1,0,0,0,0,0,0,0,0,0,0,0
573,1601382192,2020-09-29 12:23:12,0.0,0.0,0.0,0.0,0.0,0.0,11.042834,10.220584,499.0,0.4,2,0,1,0,1,0,0,0,0,0,0,0,0,0,0,0
574,1601382195,2020-09-29 12:23:15,738063.6,51.519137,5.857951,31.0,1.0,12000.0,29.24961,10.019551,61.0,0.442249,0,0,1,0,0,1,0,0,0,0,0,0,0,0,0,0
575,1601382195,2020-09-29 12:23:15,0.0,0.0,0.0,0.0,0.0,12000.0,28.92875,10.019551,63.0,0.331471,0,0,1,0,0,1,0,0,0,0,0,0,0,0,0,0
576,1601382195,2020-09-29 12:23:15,0.0,0.0,0.0,0.0,0.0,12000.0,28.774597,10.019551,64.0,0.428356,0,0,1,0,0,1,0,0,0,0,0,0,0,0,0,0
577,1601382198,2020-09-29 12:23:18,0.0,0.0,0.0,0.0,0.0,12000.0,29.238279,60.196421,61.0,0.409915,1,0,1,0,0,1,0,0,0,0,0,0,0,0,0,0
578,1601382198,2020-09-29 12:23:18,738063.6,51.519137,5.857951,31.0,2.0,1.0,28.285366,60.196421,68.0,0.366667,1,1,0,0,1,0,0,0,0,0,0,0,0,0,0,0
579,1601382198,2020-09-29 12:23:18,0.0,0.0,0.0,0.0,0.0,0.0,15.346197,60.196421,304.0,0.2,1,0,1,0,1,0,0,0,0,0,0,0,0,0,0,0
580,1601382201,2020-09-29 12:23:21,0.0,0.0,0.0,0.0,0.0,0.0,15.490048000000002,57.80798100000001,299.0,0.333333,2,0,1,0,1,0,0,0,0,0,0,0,0,0,0,0
581,1601382201,2020-09-29 12:23:21,738063.6,51.519137,5.857951,31.0,3.0,0.0,25.719472,57.80798100000001,92.0,0.266667,2,0,1,0,1,0,0,0,0,0,0,0,0,0,0,0
582,1601382204,2020-09-29 12:23:24,0.0,0.0,0.0,0.0,0.0,12000.0,26.968111,96.627052,79.0,0.4407069999999999,0,0,1,0,0,1,0,0,0,0,0,0,0,0,0,0
583,1601382204,2020-09-29 12:23:24,0.0,0.0,0.0,0.0,0.0,12000.0,26.163775,96.627052,87.0,0.331471,0,0,1,0,0,1,0,0,0,0,0,0,0,0,0,0
584,1601382204,2020-09-29 12:23:24,738063.6,51.519137,5.857951,31.0,1.0,12000.0,27.125683,96.627052,78.0,0.376582,0,0,1,0,0,1,0,0,0,0,0,0,0,0,0,0
585,1601382207,2020-09-29 12:23:27,0.0,0.0,0.0,0.0,0.0,0.0,16.457054,50.21943,267.0,0.231989,1,0,1,0,1,0,0,0,0,0,0,0,0,0,0,0
586,1601382207,2020-09-29 12:23:27,0.0,0.0,0.0,0.0,0.0,12000.0,28.715303,50.21943,65.0,0.833333,1,0,1,0,0,1,0,0,0,0,0,0,0,0,0,0
587,1601382207,2020-09-29 12:23:27,738063.6,51.519137,5.857951,31.0,2.0,1001.0,28.491729,50.21943,66.0,0.333333,1,1,0,0,0,0,0,1,0,0,0,0,0,0,0,0
588,1601382210,2020-09-29 12:23:30,738063.6,51.519137,5.857951,31.0,3.0,1.0,30.184772,42.23807100000001,55.0,0.4333329999999999,2,1,0,0,1,0,0,0,0,0,0,0,0,0,0,0
589,1601382210,2020-09-29 12:23:30,0.0,0.0,0.0,0.0,0.0,12000.0,27.054234,42.23807100000001,79.0,0.666667,2,0,1,0,0,1,0,0,0,0,0,0,0,0,0,0
590,1601382210,2020-09-29 12:23:30,0.0,0.0,0.0,0.0,0.0,7000.0,20.996685,42.23807100000001,158.0,0.5,2,0,1,0,0,0,0,0,0,0,0,1,0,0,0,0
591,1601382213,2020-09-29 12:23:33,738063.6,51.519137,5.857951,31.0,1.0,12000.0,26.750465,14.613956,81.0,0.409915,0,0,1,0,0,1,0,0,0,0,0,0,0,0,0,0
592,1601382213,2020-09-29 12:23:33,0.0,0.0,0.0,0.0,0.0,0.0,23.759196,14.613956,115.0,0.266667,0,0,1,0,1,0,0,0,0,0,0,0,0,0,0,0
593,1601382213,2020-09-29 12:23:33,0.0,0.0,0.0,0.0,0.0,0.0,20.03264,14.613956,177.0,0.244344,0,0,1,0,1,0,0,0,0,0,0,0,0,0,0,0
594,1601382216,2020-09-29 12:23:36,0.0,0.0,0.0,0.0,0.0,12000.0,29.267083000000003,24.215787,61.0,0.733333,1,0,1,0,0,1,0,0,0,0,0,0,0,0,0,0
595,1601382216,2020-09-29 12:23:36,0.0,0.0,0.0,0.0,0.0,0.0,26.093027,24.215787,88.0,0.365247,1,0,1,0,1,0,0,0,0,0,0,0,0,0,0,0
596,1601382216,2020-09-29 12:23:36,738063.6,51.519137,5.857951,31.0,2.0,1.0,24.018917,24.215787,112.0,0.4333329999999999,1,1,0,0,1,0,0,0,0,0,0,0,0,0,0,0
597,1601382219,2020-09-29 12:23:39,738063.6,51.519137,5.857951,31.0,3.0,0.0,21.416371,26.497696,151.0,0.4,2,0,1,0,1,0,0,0,0,0,0,0,0,0,0,0
598,1601382219,2020-09-29 12:23:39,0.0,0.0,0.0,0.0,0.0,12000.0,27.133215000000003,26.497696,78.0,0.666667,2,0,1,0,0,1,0,0,0,0,0,0,0,0,0,0
599,1601382219,2020-09-29 12:23:39,0.0,0.0,0.0,0.0,0.0,7000.0,12.798713,26.497696,407.0,0.5,2,0,1,0,0,0,0,0,0,0,0,1,0,0,0,0
600,1601382222,2020-09-29 12:23:42,738063.6,51.519137,5.857951,31.0,1.0,12000.0,26.493544,11.400821,84.0,0.409915,0,0,1,0,0,1,0,0,0,0,0,0,0,0,0,0
601,1601382222,2020-09-29 12:23:42,0.0,0.0,0.0,0.0,0.0,12000.0,24.85804,11.400821,101.0,0.424436,0,0,1,0,0,1,0,0,0,0,0,0,0,0,0,0
602,1601382222,2020-09-29 12:23:42,0.0,0.0,0.0,0.0,0.0,12000.0,21.149854,11.400821,155.0,0.4,0,0,1,0,0,1,0,0,0,0,0,0,0,0,0,0
603,1601382226,2020-09-29 12:23:46,0.0,0.0,0.0,0.0,0.0,12000.0,28.570797,18.011014000000007,66.0,0.409915,1,0,1,0,0,1,0,0,0,0,0,0,0,0,0,0
604,1601382226,2020-09-29 12:23:46,738063.6,51.519137,5.857951,31.0,2.0,1.0,27.480382,18.011014000000007,75.0,0.333333,1,1,0,0,1,0,0,0,0,0,0,0,0,0,0,0
605,1601382226,2020-09-29 12:23:46,0.0,0.0,0.0,0.0,0.0,12000.0,28.554537,18.011014000000007,66.0,0.442249,1,0,1,0,0,1,0,0,0,0,0,0,0,0,0,0
606,1601382228,2020-09-29 12:23:48,0.0,0.0,0.0,0.0,0.0,7000.0,15.264164,12.779814,307.0,0.6,2,0,1,0,0,0,0,0,0,0,0,1,0,0,0,0
607,1601382228,2020-09-29 12:23:48,738063.6,51.519137,5.857951,31.0,3.0,0.0,24.146987,12.779814,110.0,0.4333329999999999,2,0,1,0,1,0,0,0,0,0,0,0,0,0,0,0
608,1601382228,2020-09-29 12:23:48,0.0,0.0,0.0,0.0,0.0,12000.0,28.972822,12.779814,63.0,0.633333,2,0,1,0,0,1,0,0,0,0,0,0,0,0,0,0
609,1601382231,2020-09-29 12:23:51,738063.6,51.519137,5.857951,31.0,1.0,1.0,18.830301,4.837092,203.0,0.291593,0,1,0,0,1,0,0,0,0,0,0,0,0,0,0,0
610,1601382231,2020-09-29 12:23:51,0.0,0.0,0.0,0.0,0.0,0.0,22.428065,4.837092,134.0,0.2,0,0,1,0,1,0,0,0,0,0,0,0,0,0,0,0
611,1601382231,2020-09-29 12:23:51,0.0,0.0,0.0,0.0,0.0,0.0,21.57544,4.837092,148.0,0.208763,0,0,1,0,1,0,0,0,0,0,0,0,0,0,0,0
612,1601382234,2020-09-29 12:23:54,738063.6,51.519137,5.857951,31.0,2.0,1001.0,32.165645,9.794705,43.0,0.366667,1,1,0,0,0,0,0,1,0,0,0,0,0,0,0,0
613,1601382234,2020-09-29 12:23:54,0.0,0.0,0.0,0.0,0.0,0.0,27.923633,9.794705,71.0,0.283789,1,0,1,0,1,0,0,0,0,0,0,0,0,0,0,0
614,1601382234,2020-09-29 12:23:54,0.0,0.0,0.0,0.0,0.0,0.0,20.476498,9.794705,168.0,0.2,1,0,1,0,1,0,0,0,0,0,0,0,0,0,0,0
615,1601382237,2020-09-29 12:23:57,0.0,0.0,0.0,0.0,0.0,0.0,22.835601,97.54537,128.0,0.2333329999999999,2,0,1,0,1,0,0,0,0,0,0,0,0,0,0,0
616,1601382237,2020-09-29 12:23:57,738063.6,51.519137,5.857951,31.0,3.0,0.0,32.614128,97.54537,41.0,0.333333,2,0,1,0,1,0,0,0,0,0,0,0,0,0,0,0
617,1601382240,2020-09-29 12:24:00,738063.6,51.519137,5.857951,31.0,1.0,0.0,22.059486,18.944831,140.0,0.1753839999999999,0,0,1,0,1,0,0,0,0,0,0,0,0,0,0,0
618,1601382240,2020-09-29 12:24:00,0.0,0.0,0.0,0.0,0.0,0.0,16.680831,18.944831,260.0,0.283563,0,0,1,0,1,0,0,0,0,0,0,0,0,0,0,0
619,1601382240,2020-09-29 12:24:00,0.0,0.0,0.0,0.0,0.0,12000.0,14.263326,18.944831,344.0,0.421401,0,0,1,0,0,1,0,0,0,0,0,0,0,0,0,0
620,1601382243,2020-09-29 12:24:03,738063.6,51.519137,5.857951,31.0,2.0,1001.0,36.680218,96.812124,26.0,0.5,1,1,0,0,0,0,0,1,0,0,0,0,0,0,0,0
621,1601382243,2020-09-29 12:24:03,0.0,0.0,0.0,0.0,0.0,0.0,26.107723,96.812124,88.0,0.2,1,0,1,0,1,0,0,0,0,0,0,0,0,0,0,0
622,1601382246,2020-09-29 12:24:06,738063.6,51.519137,5.857951,31.0,3.0,0.0,18.858211,17.704983,203.0,0.333333,2,0,1,0,1,0,0,0,0,0,0,0,0,0,0,0
623,1601382246,2020-09-29 12:24:06,0.0,0.0,0.0,0.0,0.0,7000.0,11.325912,17.704983,483.0,0.533333,2,0,1,0,0,0,0,0,0,0,0,1,0,0,0,0
624,1601382248,2020-09-29 12:24:08,738063.6,51.519137,5.857951,31.0,1.0,0.0,7.821071000000001,1.410147,723.0,0.172401,0,0,1,0,1,0,0,0,0,0,0,0,0,0,0,0
625,1601382252,2020-09-29 12:24:12,0.0,0.0,0.0,0.0,0.0,12000.0,13.733842999999998,100.211761,366.0,0.381365,1,0,1,0,0,1,0,0,0,0,0,0,0,0,0,0
626,1601382252,2020-09-29 12:24:12,0.0,0.0,0.0,0.0,0.0,0.0,20.038098,100.211761,177.0,0.2,1,0,1,0,1,0,0,0,0,0,0,0,0,0,0,0
627,1601382252,2020-09-29 12:24:12,738063.6,51.519137,5.857951,31.0,2.0,1.0,32.933622,100.211761,40.0,0.366667,1,1,0,0,1,0,0,0,0,0,0,0,0,0,0,0
