,datetime(utc),Unnamed: 0,Unnamed: 0.1,Unnamed: 0.1.1,Unnamed: 0.1.1.1,Unnamed: 0.16,Unnamed: 0.15,Unnamed: 0.14,Unnamed: 0.13,Unnamed: 0.12,Unnamed: 0.11,Unnamed: 0.10,Unnamed: 0.1.1.1.1,Unnamed: 0.1.1.1.1.1,Unnamed: 0.9,Unnamed: 0.8,Unnamed: 0.7,Unnamed: 0.6,Unnamed: 0.5,Unnamed: 0.1.1.1.1.1.1,Unnamed: 0.1.1.1.1.1.1.1,Unnamed: 0.1.1.1.1.1.1.1.1,Unnamed: 0.4,Unnamed: 0.3,Unnamed: 0.2,Unnamed: 0.1.1.1.1.1.1.1.1.1,Unnamed: 0.1.1.1.1.1.1.1.1.1.1,Unnamed: 0.1.1.1.1.1.1.1.1.1.1.1,Unnamed: 0.1.1.1.1.1.1.1.1.1.1.1.1,Unnamed: 0.1.1.1.1.1.1.1.1.1.1.1.1.1,Unnamed: 0.1.1.1.1.1.1.1.1.1.1.1.1.1.1,total in seconds,channels,ArcusPotentialDronPlot_id,ArcusPotentialDronPlot_rcs,ArcusPotentiaDronPlotPlotPosition_altitude,ArcusPotentialDronPlotsPlotPosition_latitude,ArcusPotentialDronPlotsPlotPosition_longitude,ArcusTracksTrack_id,ArcusTracksTrackPosition_Latitude,ArcusTracksTrackPosition_Longitude,ArcusTracksTrackPosition_Altitude,ArcusTracksTrackVelocity_Azimuth,ArcusTracksTrackVelocity_Elevation,ArcusTracksTrackVelocity_Speed,ArcusTracksTrack_Reflection,ArcusTracksTrack_Score,ArcusSystemStatusSensorPosition_Latitude,ArcusSystemStatusSensorPosition_Longitude,ArcusSystemStatusSensorPosition_Altitude,ArcusSystemStatusSensorStatusOrientetation_Azimuth,ArcusSystemStatusSensorStatusOrientetation_Elevation,ArcusSystemStatusSensorStatusBlankSector_Angle,ArcusSystemStatusSensorStatusBlankSector_Span,ArcusSystemStatusSensorStatusProcessing_Sensitivity,Arcus_OperationalState_NaN,Arcus_OperationalState_Idle,Arcus_OperationalState_Operational,Arcus_Classification_NaN,Arcus_Classification_UNKNOWN,Arcus_Classification_VEHICLE,Arcus_Classification_OTHER,Arcus_Classification_DRONE,Arcus_Classification_SUSPECTED_DRONE,Arcus_Classification_HELICOPTER,Arcus_Alarm_NaN,Arcus_Alarm_FALSE,Arcus_Alarm_TRUE
0,2020-09-29 11:58:33,0.0,0.0,0.0,0.0,0.0,0.0,0.0,0.0,0.0,0.0,0.0,0.0,0.0,0.0,0.0,0.0,0.0,0.0,0.0,0.0,0.0,0.0,0.0,0.0,0.0,0.0,0.0,0.0,446.0,446.0,1601380713.0,0.0,0.0,0.0,0.0,0.0,0.0,0.0,51.52212771027805,5.868345445446927,83.59842990681564,140.80489630832403,-3.692308508826816,9.536805102011174,-30.30535645726257,0.4927627653631284,0.0,0.0,0.0,0.0,0.0,0.0,0.0,0.0,1.0,0.0,0.0,0.0111731843575419,0.5363128491620112,0.0167597765363128,0.435754189944134,0.0,0.0,0.0,1.0,0.0,0.0
1,2020-09-29 11:58:37,1.0,1.0,1.0,1.0,1.0,1.0,1.0,1.0,1.0,1.0,1.0,1.0,1.0,1.0,1.0,1.0,1.0,1.0,1.0,1.0,1.0,1.0,1.0,1.0,1.0,1.0,1.0,1.0,1177.0,1177.0,1601380717.0,0.0,0.0,0.0,0.0,0.0,0.0,0.0,51.52212771027805,5.8684232722513086,84.15108669502618,139.67540497455497,-3.158067481099476,9.399317502408378,-29.910151676596858,0.4860125912041885,0.0,0.0,0.0,0.0,0.0,0.0,0.0,0.0,1.0,0.0,0.0,0.0104712041884816,0.5602094240837696,0.0157068062827225,0.4136125654450261,0.0,0.0,0.0,1.0,0.0,0.0
2,2020-09-29 11:58:46,2.0,2.0,2.0,2.0,2.0,2.0,2.0,2.0,2.0,2.0,2.0,2.0,2.0,2.0,2.0,2.0,2.0,2.0,2.0,2.0,2.0,2.0,2.0,2.0,2.0,2.0,2.0,2.0,2882.0,2882.0,1601380726.0,0.0,0.0,0.0,0.0,0.0,0.0,0.0,51.522118756323536,5.868529630106952,92.13173128695186,138.75637797470588,-3.845907726791444,9.68917593342246,-29.635458553101603,0.4882046613368984,0.0,0.0,0.0,0.0,0.0,0.0,0.0,0.0,1.0,0.0,0.0,0.0106951871657754,0.5294117647058824,0.0160427807486631,0.4438502673796791,0.0,0.0,0.0,1.0,0.0,0.0
3,2020-09-29 11:58:50,3.0,3.0,3.0,3.0,3.0,3.0,3.0,3.0,3.0,3.0,3.0,3.0,3.0,3.0,3.0,3.0,3.0,3.0,3.0,3.0,3.0,3.0,3.0,3.0,3.0,3.0,3.0,3.0,3631.0,3631.0,1601380730.0,0.0,2007.5573770491803,0.086903306284153,2.0786217861748635,0.0004308542076502,-0.3466261516939891,0.0,51.52210152801913,5.868555914234972,91.74848188688524,137.71956604792348,-1.8691100123497268,9.656123556284152,-28.99047922453552,0.5106091361748634,0.2815381967213115,0.0320797359016393,0.1639344262295081,-0.85036956284153,0.0,0.021458966830601,0.0128753797814207,0.546448087431694,0.994535519125683,0.0,0.0054644808743169,0.0218579234972677,0.4863387978142076,0.0109289617486338,0.4808743169398907,0.0,0.0,0.0,1.0,0.0,0.0
4,2020-09-29 11:58:54,4.0,4.0,4.0,4.0,4.0,4.0,4.0,4.0,4.0,4.0,4.0,4.0,4.0,4.0,4.0,4.0,4.0,4.0,4.0,4.0,4.0,4.0,4.0,4.0,4.0,4.0,4.0,4.0,4349.0,4349.0,1601380734.0,0.0,4113.513966480447,-0.2783193961452514,1.972852427206704,0.1674677749162011,-0.6119902854748603,0.0,51.52211134420391,5.868631213467049,92.1418001035754,139.900277389162,-2.0556639865363127,10.058628009553072,-28.795421962905024,0.4990084890502793,0.0,0.0,0.0,0.0,0.0,0.0,0.0,0.0,1.0,0.0,0.0,0.0167597765363128,0.5083798882681564,0.0111731843575419,0.4636871508379888,0.0,0.0,0.0,1.0,0.0,0.0
5,2020-09-29 11:58:58,5.0,5.0,5.0,5.0,5.0,5.0,5.0,5.0,5.0,5.0,5.0,5.0,5.0,5.0,5.0,5.0,5.0,5.0,5.0,5.0,5.0,5.0,5.0,5.0,5.0,5.0,5.0,5.0,5083.5,5083.5,1601380738.0,0.0,0.0,0.0,0.0,0.0,0.0,0.0,51.52212759481183,5.868594556075268,93.53629521795698,154.4582172504301,-3.4427300068817206,9.935018734462366,-29.63847818682796,0.4693203590860215,0.0,0.0,0.0,0.0,0.0,0.0,0.0,0.0,1.0,0.0,0.0,0.010752688172043,0.553763440860215,0.0,0.4354838709677419,0.0,0.0,0.0,1.0,0.0,0.0
6,2020-09-29 11:59:03,6.0,6.0,6.0,6.0,6.0,6.0,6.0,6.0,6.0,6.0,6.0,6.0,6.0,6.0,6.0,6.0,6.0,6.0,6.0,6.0,6.0,6.0,6.0,6.0,6.0,6.0,6.0,6.0,6063.5,6063.5,1601380743.0,0.0,0.0,0.0,0.0,0.0,0.0,0.0,51.52206221805288,5.868596231442307,95.85121199620193,152.14236740177884,-1.6345320452884615,10.33910483528846,-29.70360150716346,0.4477029339903846,0.0,0.0,0.0,0.0,0.0,0.0,0.0,0.0,1.0,0.0,0.0,0.0096153846153846,0.6009615384615384,0.0048076923076923,0.3846153846153846,0.0,0.0,0.0,1.0,0.0,0.0
7,2020-09-29 11:59:07,7.0,7.0,7.0,7.0,7.0,7.0,7.0,7.0,7.0,7.0,7.0,7.0,7.0,7.0,7.0,7.0,7.0,7.0,7.0,7.0,7.0,7.0,7.0,7.0,7.0,7.0,7.0,7.0,6961.5,6961.5,1601380747.0,0.0,26985.83486238532,-1.1503196506880735,158.64241545798166,0.1188116325229357,-1.3480831464220184,0.0,51.52201037963302,5.868488383761468,88.20050047481652,137.3312828922477,-3.954981691880734,9.295774474266056,-27.971254821192662,0.4307263357339449,0.0,0.0,0.0,0.0,0.0,0.0,0.0,0.0,1.0,0.0,0.0,0.0779816513761468,0.5596330275229358,0.0045871559633027,0.3577981651376147,0.0,0.0,0.0,1.0,0.0,0.0
8,2020-09-29 11:59:11,8.0,8.0,8.0,8.0,8.0,8.0,8.0,8.0,8.0,8.0,8.0,8.0,8.0,8.0,8.0,8.0,8.0,8.0,8.0,8.0,8.0,8.0,8.0,8.0,8.0,8.0,8.0,8.0,7753.5,7753.5,1601380751.0,0.0,0.0,0.0,0.0,0.0,0.0,0.0,51.52212771027805,5.868631213467049,88.24736180736842,149.35444993384212,-6.134244146578947,9.67104119636842,-29.767495085157893,0.5076635389473684,0.2711657368421052,0.0308978508947368,0.1578947368421052,-0.8190401578947368,0.0,0.0206683733157894,0.0124010236842105,0.5263157894736842,0.9947368421052633,0.0,0.0052631578947368,0.0210526315789473,0.5157894736842106,0.0052631578947368,0.4578947368421052,0.0,0.0,0.0,1.0,0.0,0.0
9,2020-09-29 11:59:15,9.0,9.0,9.0,9.0,9.0,9.0,9.0,9.0,9.0,9.0,9.0,9.0,9.0,9.0,9.0,9.0,9.0,9.0,9.0,9.0,9.0,9.0,9.0,9.0,9.0,9.0,9.0,9.0,8482.5,8482.5,1601380755.0,0.0,0.0,0.0,0.0,0.0,0.0,0.0,51.52205148521506,5.868631213467049,81.23615416854838,151.00075540301074,-4.851035059462365,9.865002657473118,-30.327172556290325,0.5074805026344087,0.0,0.0,0.0,0.0,0.0,0.0,0.0,0.0,1.0,0.0,0.0,0.010752688172043,0.4946236559139785,0.0,0.4946236559139785,0.0,0.0,0.0,1.0,0.0,0.0
10,2020-09-29 11:59:20,10.0,10.0,10.0,10.0,10.0,10.0,10.0,10.0,10.0,10.0,10.0,10.0,10.0,10.0,10.0,10.0,10.0,10.0,10.0,10.0,10.0,10.0,10.0,10.0,10.0,10.0,10.0,10.0,9435.0,9435.0,1601380760.0,0.0,0.0,0.0,0.0,0.0,0.0,0.0,51.5220318521282,5.868436927410256,82.91012927892308,135.84843811994872,-1.113629365025641,10.45875575174359,-29.784978543641028,0.4680287726666666,0.2642127692307692,0.0301055983076923,0.1538461538461538,-0.7980391282051281,0.0,0.020138415025641,0.0120830487179487,0.5128205128205128,0.9948717948717948,0.0,0.0051282051282051,0.0205128205128205,0.5538461538461539,0.0051282051282051,0.4153846153846154,0.0051282051282051,0.0,0.0,0.9948717948717948,0.0,0.0
11,2020-09-29 11:59:24,11.0,11.0,11.0,11.0,11.0,11.0,11.0,11.0,11.0,11.0,11.0,11.0,11.0,11.0,11.0,11.0,11.0,11.0,11.0,11.0,11.0,11.0,11.0,11.0,11.0,11.0,11.0,11.0,10213.5,10213.5,1601380764.0,0.0,0.0,0.0,0.0,0.0,0.0,0.0,51.52198045324192,5.868274264020618,88.4921725772165,127.3308441877835,-3.091202001134021,10.458155553041236,-30.07755999185567,0.4617346057731959,0.0,0.0,0.0,0.0,0.0,0.0,0.0,0.0,1.0,0.0,0.0,0.0103092783505154,0.5618556701030928,0.0051546391752577,0.4175257731958763,0.0,0.0051546391752577,0.0,0.9948453608247424,0.0,0.0
12,2020-09-29 11:59:28,12.0,12.0,12.0,12.0,12.0,12.0,12.0,12.0,12.0,12.0,12.0,12.0,12.0,12.0,12.0,12.0,12.0,12.0,12.0,12.0,12.0,12.0,12.0,12.0,12.0,12.0,12.0,12.0,10979.0,10979.0,1601380768.0,0.0,2012.8930481283423,-0.395145436684492,0.0191384190374331,0.0378106511764705,0.0702265936363636,0.0,51.52198470795455,5.868238328113845,91.16462628524064,144.43990352037432,-2.0841428251871656,10.496522755882353,-30.259200600748663,0.4597419028342246,0.0,0.0,0.0,0.0,0.0,0.0,0.0,0.0,1.0,0.0,0.0,0.0106951871657754,0.5828877005347594,0.0053475935828877,0.3957219251336898,0.0,0.0053475935828877,0.0,0.9946524064171124,0.0,0.0
13,2020-09-29 11:59:32,13.0,13.0,13.0,13.0,13.0,13.0,13.0,13.0,13.0,13.0,13.0,13.0,13.0,13.0,13.0,13.0,13.0,13.0,13.0,13.0,13.0,13.0,13.0,13.0,13.0,13.0,13.0,13.0,11737.5,11737.5,1601380772.0,0.0,9729.91237113402,-0.198399415927835,63.79719024345361,0.5070981204639176,-2.8625677949484536,0.0,51.52198045324192,5.868238328113845,89.31316229974226,141.57152245690722,-0.4718566594845358,10.372671758762886,-28.92175302783505,0.4713464358762887,0.2655746907216494,0.0302607818041237,0.1546391752577319,-0.8021527319587628,0.0,0.0202422212886597,0.0121453324742268,0.5154639175257731,0.9948453608247424,0.0,0.0051546391752577,0.0412371134020618,0.5412371134020618,0.0051546391752577,0.4072164948453608,0.0,0.0051546391752577,0.0,0.9948453608247424,0.0,0.0
14,2020-09-29 11:59:37,14.0,14.0,14.0,14.0,14.0,14.0,14.0,14.0,14.0,14.0,14.0,14.0,14.0,14.0,14.0,14.0,14.0,14.0,14.0,14.0,14.0,14.0,14.0,14.0,14.0,14.0,14.0,14.0,12713.0,12713.0,1601380777.0,0.0,0.0,0.0,0.0,0.0,0.0,0.0,51.52211740744872,5.868238328113845,95.11011009482051,143.6115926108718,1.1359004950256413,10.5822356765641,-29.83530062148718,0.4807348604102564,0.0,0.0,0.0,0.0,0.0,0.0,0.0,0.0,1.0,0.0,0.0,0.0102564102564102,0.5794871794871795,0.0051282051282051,0.4,0.0,0.0051282051282051,0.0,0.9948717948717948,0.0,0.0
15,2020-09-29 11:59:45,15.0,15.0,15.0,15.0,15.0,15.0,15.0,15.0,15.0,15.0,15.0,15.0,15.0,15.0,15.0,15.0,15.0,15.0,15.0,15.0,15.0,15.0,15.0,15.0,15.0,15.0,15.0,15.0,14426.0,14426.0,1601380785.0,0.0,0.0,0.0,0.0,0.0,0.0,0.0,51.52212771027805,5.868485726742081,92.43991101950226,144.96374451520362,-1.840010427239819,10.494058932081447,-29.67835656746606,0.4622892926696832,0.0,0.0,0.0,0.0,0.0,0.0,0.0,0.0,1.0,0.0,0.0,0.0090497737556561,0.5882352941176471,0.0,0.3981900452488687,0.0,0.004524886877828,0.0,0.995475113122172,0.0,0.0
16,2020-09-29 11:59:49,16.0,16.0,16.0,16.0,16.0,16.0,16.0,16.0,16.0,16.0,16.0,16.0,16.0,16.0,16.0,16.0,16.0,16.0,16.0,16.0,16.0,16.0,16.0,16.0,16.0,16.0,16.0,16.0,15291.0,15291.0,1601380789.0,0.0,1744.0460829493088,-0.0991583265898617,1.906650947557604,0.0360202970046083,-0.3587415194930875,0.0,51.52212771027805,5.8683867667511525,95.89028446207374,139.9972283532719,-3.3571691243778803,10.454243889447003,-29.85804996400922,0.4743474834101382,0.0,0.0,0.0,0.0,0.0,0.0,0.0,0.0,1.0,0.0,0.0,0.0092165898617511,0.576036866359447,0.0,0.4101382488479262,0.0,0.0046082949308755,0.0,0.9953917050691244,0.0,0.0
17,2020-09-29 11:59:54,17.0,17.0,17.0,17.0,17.0,17.0,17.0,17.0,17.0,17.0,17.0,17.0,17.0,17.0,17.0,17.0,17.0,17.0,17.0,17.0,17.0,17.0,17.0,17.0,17.0,17.0,17.0,17.0,16386.5,16386.5,1601380794.0,0.0,0.0,0.0,0.0,0.0,0.0,0.0,51.52212771027805,5.86842024474537,94.4578870937037,137.22286000648148,-3.495302979722222,10.59676878425926,-29.5279613775926,0.5078228068055556,0.0,0.0,0.0,0.0,0.0,0.0,0.0,0.0,1.0,0.0,0.0,0.0092592592592592,0.5648148148148148,0.0,0.4212962962962963,0.0046296296296296,0.0,0.0,0.9953703703703703,0.0,0.0
18,2020-09-29 11:59:58,18.0,18.0,18.0,18.0,18.0,18.0,18.0,18.0,18.0,18.0,18.0,18.0,18.0,18.0,18.0,18.0,18.0,18.0,18.0,18.0,18.0,18.0,18.0,18.0,18.0,18.0,18.0,18.0,17263.5,17263.5,1601380798.0,0.0,1809.5235849056603,-0.1448411041981132,1.5498072786320756,0.0449568608962264,-0.2888080112264151,0.0,51.52212771027805,5.868339723207548,91.91261506617924,144.7326646767453,-5.605089892075472,10.701555460471695,-29.638613809245285,0.5169961769811321,0.0,0.0,0.0,0.0,0.0,0.0,0.0,0.0,1.0,0.0,0.0,0.0094339622641509,0.5377358490566038,0.0,0.4481132075471698,0.0047169811320754,0.0,0.0,0.9952830188679244,0.0,0.0
19,2020-09-29 12:00:02,19.0,19.0,19.0,19.0,19.0,19.0,19.0,19.0,19.0,19.0,19.0,19.0,19.0,19.0,19.0,19.0,19.0,19.0,19.0,19.0,19.0,19.0,19.0,19.0,19.0,19.0,19.0,19.0,18087.5,18087.5,1601380802.0,0.0,0.0,0.0,0.0,0.0,0.0,0.0,51.52212771027805,5.868238328113845,93.7524651709434,142.78503001867924,-4.634516140896227,9.760149004150945,-29.668725409481134,0.5118397700943397,0.2430258962264151,0.0276914701415094,0.1415094339622641,-0.7340454245283018,0.0,0.0185235421226415,0.0111141249999999,0.4716981132075472,0.9952830188679244,0.0,0.0047169811320754,0.0188679245283018,0.5283018867924528,0.0,0.4481132075471698,0.0047169811320754,0.0,0.0,0.9952830188679244,0.0,0.0
20,2020-09-29 12:00:06,20.0,20.0,20.0,20.0,20.0,20.0,20.0,20.0,20.0,20.0,20.0,20.0,20.0,20.0,20.0,20.0,20.0,20.0,20.0,20.0,20.0,20.0,20.0,20.0,20.0,20.0,20.0,20.0,18918.5,18918.5,1601380806.0,0.0,0.0,0.0,0.0,0.0,0.0,0.0,51.52212771027805,5.868238328113845,92.32343963038834,153.02388900121358,-3.5616831366990294,9.748934347184466,-29.7308554234466,0.5365367326699029,0.0,0.0,0.0,0.0,0.0,0.0,0.0,0.0,1.0,0.0,0.0,0.0097087378640776,0.4951456310679611,0.0,0.4902912621359223,0.0,0.0048543689320388,0.0,0.9951456310679612,0.0,0.0
21,2020-09-29 12:00:08,21.0,21.0,21.0,21.0,21.0,21.0,21.0,21.0,21.0,21.0,21.0,21.0,21.0,21.0,21.0,21.0,21.0,21.0,21.0,21.0,21.0,21.0,21.0,21.0,21.0,21.0,21.0,21.0,19231.0,19231.0,1601380808.0,0.0,0.0,0.0,0.0,0.0,0.0,0.0,51.52198045324192,5.868238328113845,0.0,0.0,0.0,0.0,0.0,0.0,0.0,0.0,0.0,0.0,0.0,0.0,0.0,0.0,1.0,0.0,0.0,1.0,0.0,0.0,0.0,0.0,0.0,0.0,1.0,0.0,0.0
22,2020-09-29 12:01:02,22.0,22.0,22.0,22.0,22.0,22.0,22.0,22.0,22.0,22.0,22.0,22.0,22.0,22.0,22.0,22.0,22.0,22.0,22.0,22.0,22.0,22.0,22.0,22.0,22.0,22.0,22.0,22.0,19558.5,19558.5,1601380862.0,0.0,0.0,0.0,0.0,0.0,0.0,0.0,51.5221185455531,5.868396138650442,82.75402062097345,139.6198373780531,-0.2653382739380531,10.383619920884955,-28.79631665300885,0.5276991981415929,0.2279711946902655,0.0259760693362831,0.1327433628318584,-0.6885735840707964,0.0,0.0173760660619469,0.0104256393805309,0.4424778761061947,0.995575221238938,0.0,0.0044247787610619,0.0176991150442477,0.4734513274336283,0.0132743362831858,0.495575221238938,0.0,0.0,0.0,1.0,0.0,0.0
23,2020-09-29 12:01:06,23.0,23.0,23.0,23.0,23.0,23.0,23.0,23.0,23.0,23.0,23.0,23.0,23.0,23.0,23.0,23.0,23.0,23.0,23.0,23.0,23.0,23.0,23.0,23.0,23.0,23.0,23.0,23.0,20378.5,20378.5,1601380866.0,0.0,0.0,0.0,0.0,0.0,0.0,0.0,51.52212771027805,5.868430940266666,82.78004640406667,137.29341926602223,-3.8451005835555554,11.122726365088887,-29.20425878737778,0.5470132060888889,0.0,0.0,0.0,0.0,0.0,0.0,0.0,0.0,1.0,0.0,0.0,0.0044444444444444,0.4866666666666667,0.0133333333333333,0.4955555555555556,0.0,0.0,0.0,1.0,0.0,0.0
24,2020-09-29 12:01:10,24.0,24.0,24.0,24.0,24.0,24.0,24.0,24.0,24.0,24.0,24.0,24.0,24.0,24.0,24.0,24.0,24.0,24.0,24.0,24.0,24.0,24.0,24.0,24.0,24.0,24.0,24.0,24.0,21399.5,21399.5,1601380870.0,0.0,0.0,0.0,0.0,0.0,0.0,0.0,51.52212771027805,5.868284035592104,84.60878734070175,126.82242706434212,-0.5352760629824563,10.81525267364035,-28.690728388245613,0.5311544385087719,0.0,0.0,0.0,0.0,0.0,0.0,0.0,0.0,1.0,0.0,0.0,0.0087719298245614,0.4736842105263157,0.0131578947368421,0.5043859649122807,0.0,0.0,0.0,1.0,0.0,0.0
25,2020-09-29 12:01:14,25.0,25.0,25.0,25.0,25.0,25.0,25.0,25.0,25.0,25.0,25.0,25.0,25.0,25.0,25.0,25.0,25.0,25.0,25.0,25.0,25.0,25.0,25.0,25.0,25.0,25.0,25.0,25.0,22316.0,22316.0,1601380874.0,0.0,0.0,0.0,0.0,0.0,0.0,0.0,51.52212313461791,5.868238328113845,87.26160574441047,125.79764910912664,-0.5118421354585155,10.30886006069869,-28.36076431624454,0.5263966361572052,0.2249846724890829,0.0256357714847161,0.131004366812227,-0.6795529694323144,0.0,0.0171484320087336,0.010289058951965,0.4366812227074236,0.9956331877729258,0.0,0.0043668122270742,0.0174672489082969,0.4847161572052402,0.0131004366812227,0.4847161572052402,0.0,0.0,0.0,1.0,0.0,0.0
26,2020-09-29 12:01:19,26.0,26.0,26.0,26.0,26.0,26.0,26.0,26.0,26.0,26.0,26.0,26.0,26.0,26.0,26.0,26.0,26.0,26.0,26.0,26.0,26.0,26.0,26.0,26.0,26.0,26.0,26.0,26.0,23440.5,23440.5,1601380879.0,0.0,0.0,0.0,0.0,0.0,0.0,0.0,51.52209361215476,5.868238328113845,91.20192762085712,134.99595672290477,-2.755660886952381,10.213117348190476,-28.99320182795238,0.5292981052857143,0.0,0.0,0.0,0.0,0.0,0.0,0.0,0.0,1.0,0.0,0.0,0.0095238095238095,0.4857142857142857,0.0047619047619047,0.5,0.0,0.0,0.0,1.0,0.0,0.0
27,2020-09-29 12:01:23,27.0,27.0,27.0,27.0,27.0,27.0,27.0,27.0,27.0,27.0,27.0,27.0,27.0,27.0,27.0,27.0,27.0,27.0,27.0,27.0,27.0,27.0,27.0,27.0,27.0,27.0,27.0,27.0,24166.5,24166.5,1601380883.0,0.0,996.3366336633665,-0.053523091980198,0.5805274283415841,0.0331287209653465,-0.1521506716584158,0.0,51.52208926574877,5.868238328113845,93.44645213215348,148.21144502923266,-1.141619605990099,10.184924993737624,-28.963800902425746,0.5264749775247525,0.1275284405940594,0.0145311674999999,0.0742574257425742,-0.3851921534653465,0.0,0.0097202745792079,0.0058321646039603,0.2475247524752475,0.9975247524752476,0.0,0.0024752475247524,0.0099009900990099,0.4826732673267326,0.0,0.5024752475247525,0.0049504950495049,0.0,0.0,0.995049504950495,0.0,0.0
28,2020-09-29 12:01:27,28.0,28.0,28.0,28.0,28.0,28.0,28.0,28.0,28.0,28.0,28.0,28.0,28.0,28.0,28.0,28.0,28.0,28.0,28.0,28.0,28.0,28.0,28.0,28.0,28.0,28.0,28.0,28.0,25074.0,25074.0,1601380887.0,0.0,2067.5435897435896,-0.0939819335897435,1.2885978503076925,0.0649791535384615,-0.3493327429743589,0.0,51.522081259884615,5.868238328113845,94.17238700076923,153.58026659082051,-2.9003450031794875,10.264797173333331,-29.212880178717946,0.5282884862051282,0.0,0.0,0.0,0.0,0.0,0.0,0.0,0.0,1.0,0.0,0.0,0.0102564102564102,0.5230769230769231,0.0,0.4615384615384615,0.0051282051282051,0.0,0.0,0.9948717948717948,0.0,0.0
29,2020-09-29 12:01:31,29.0,29.0,29.0,29.0,29.0,29.0,29.0,29.0,29.0,29.0,29.0,29.0,29.0,29.0,29.0,29.0,29.0,29.0,29.0,29.0,29.0,29.0,29.0,29.0,29.0,29.0,29.0,29.0,25862.0,25862.0,1601380891.0,0.0,2029.5829145728644,-0.0558896471859296,1.3643010584924622,0.0615591349748743,-0.3707333300502512,0.0,51.52212771027805,5.868456719748743,92.6025547339196,143.44445843180904,-2.016825920552764,9.877164884422111,-29.7378873780402,0.5188493459296483,0.0,0.0,0.0,0.0,0.0,0.0,0.0,0.0,1.0,0.0,0.0,0.0100502512562814,0.5376884422110553,0.0,0.4472361809045226,0.0050251256281407,0.0,0.0,0.9949748743718592,0.0,0.0
30,2020-09-29 12:01:36,30.0,30.0,30.0,30.0,30.0,30.0,30.0,30.0,30.0,30.0,30.0,30.0,30.0,30.0,30.0,30.0,30.0,30.0,30.0,30.0,30.0,30.0,30.0,30.0,30.0,30.0,30.0,30.0,26820.5,26820.5,1601380896.0,0.0,2207.8641304347825,-0.0766378900543478,1.633344899076087,0.0577691971195652,-0.4339300116847826,0.0,51.52212771027805,5.868511533097825,86.91718612228262,143.74830842347825,-3.169204758913043,9.36665152923913,-29.870728285652174,0.51024685375,0.0,0.0,0.0,0.0,0.0,0.0,0.0,0.0,1.0,0.0,0.0,0.0108695652173913,0.532608695652174,0.0,0.4510869565217391,0.0054347826086956,0.0,0.0,0.9945652173913044,0.0,0.0
31,2020-09-29 12:01:40,31.0,31.0,31.0,31.0,31.0,31.0,31.0,31.0,31.0,31.0,31.0,31.0,31.0,31.0,31.0,31.0,31.0,31.0,31.0,31.0,31.0,31.0,31.0,31.0,31.0,31.0,31.0,31.0,27558.0,27558.0,1601380900.0,0.0,2223.8688524590166,-0.0683222285792349,1.7849743118579235,0.0527969703825136,-0.4575685149180328,0.0,51.5221167018306,5.868378947786885,88.81533642530054,148.55606601748633,-1.3640134480874315,9.075055655027322,-29.85754923989071,0.5066398672677596,0.0,0.0,0.0,0.0,0.0,0.0,0.0,0.0,1.0,0.0,0.0,0.0109289617486338,0.5191256830601093,0.0,0.4644808743169399,0.0054644808743169,0.0,0.0,0.994535519125683,0.0,0.0
32,2020-09-29 12:01:44,32.0,32.0,32.0,32.0,32.0,32.0,32.0,32.0,32.0,32.0,32.0,32.0,32.0,32.0,32.0,32.0,32.0,32.0,32.0,32.0,32.0,32.0,32.0,32.0,32.0,32.0,32.0,32.0,28289.5,28289.5,1601380904.0,0.0,4435.516304347826,-0.1775777651086956,8.962945025923913,0.05372850625,-0.9957317695652176,0.0,51.52204938228261,5.868238744293478,83.72754076304348,147.41315833505433,-3.2711043210869564,8.432490952934783,-29.371784977119567,0.4977269352173913,0.2800080978260869,0.0319053895108695,0.1630434782608695,-0.8457479891304347,0.0,0.0213423420108695,0.0128054048913043,0.5434782608695652,0.9945652173913044,0.0,0.0054347826086956,0.0271739130434782,0.4945652173913043,0.0,0.4728260869565217,0.0054347826086956,0.0,0.0,0.9945652173913044,0.0,0.0
33,2020-09-29 12:01:48,33.0,33.0,33.0,33.0,33.0,33.0,33.0,33.0,33.0,33.0,33.0,33.0,33.0,33.0,33.0,33.0,33.0,33.0,33.0,33.0,33.0,33.0,33.0,33.0,33.0,33.0,33.0,33.0,29148.5,29148.5,1601380908.0,0.0,2349.574712643678,-0.1369189558620689,2.2089682392528736,0.0468203579310344,-0.5166307309195403,0.0,51.52212771027805,5.868238328113845,93.31503650143678,143.25932919448277,-3.03444632591954,9.026031539712644,-29.85723686224138,0.4893787636206896,0.0,0.0,0.0,0.0,0.0,0.0,0.0,0.0,1.0,0.0,0.0,0.0114942528735632,0.5057471264367817,0.0,0.4770114942528735,0.0057471264367816,0.0,0.0,0.9942528735632185,0.0,0.0
34,2020-09-29 12:01:53,34.0,34.0,34.0,34.0,34.0,34.0,34.0,34.0,34.0,34.0,34.0,34.0,34.0,34.0,34.0,34.0,34.0,34.0,34.0,34.0,34.0,34.0,34.0,34.0,34.0,34.0,34.0,34.0,30029.0,30029.0,1601380913.0,0.0,2231.945355191257,-0.1009663232786885,2.31306716,0.0415446629508196,-0.5113400344262294,0.0,51.52207211713115,5.868238328113845,94.16058660508196,142.25064730404372,-4.85984052737705,9.05199634978142,-29.3107018604918,0.4987504334972678,0.2815381967213115,0.0320797359016393,0.1639344262295081,-0.85036956284153,0.0,0.021458966830601,0.0128753797814207,0.546448087431694,0.994535519125683,0.0,0.0054644808743169,0.0218579234972677,0.4972677595628415,0.0,0.4754098360655737,0.0054644808743169,0.0,0.0,0.994535519125683,0.0,0.0
35,2020-09-29 12:01:57,35.0,35.0,35.0,35.0,35.0,35.0,35.0,35.0,35.0,35.0,35.0,35.0,35.0,35.0,35.0,35.0,35.0,35.0,35.0,35.0,35.0,35.0,35.0,35.0,35.0,35.0,35.0,35.0,30765.0,30765.0,1601380917.0,0.0,2164.529100529101,-0.0837403151322751,2.411534062116402,0.0257818206349206,-0.5033621440740741,0.0,51.5220283505291,5.868238328113845,98.40005354253968,143.92557020804233,-4.074547309629629,9.078969263597884,-29.76114404291005,0.487421792010582,0.0,0.0,0.0,0.0,0.0,0.0,0.0,0.0,1.0,0.0,0.0,0.0105820105820105,0.5079365079365079,0.0,0.4761904761904761,0.0052910052910052,0.0,0.0,0.9947089947089948,0.0,0.0
36,2020-09-29 12:02:01,36.0,36.0,36.0,36.0,36.0,36.0,36.0,36.0,36.0,36.0,36.0,36.0,36.0,36.0,36.0,36.0,36.0,36.0,36.0,36.0,36.0,36.0,36.0,36.0,36.0,36.0,36.0,36.0,31528.0,31528.0,1601380921.0,0.0,0.0,0.0,0.0,0.0,0.0,0.0,51.52198045324192,5.868238328113845,98.83106169356022,135.06027536628272,-4.2842071786911,8.843403043141361,-30.03515874685864,0.4842199601570681,0.0,0.0,0.0,0.0,0.0,0.0,0.0,0.0,1.0,0.0,0.0,0.0104712041884816,0.5340314136125655,0.0,0.450261780104712,0.0052356020942408,0.0,0.0,0.9947643979057592,0.0,0.0
37,2020-09-29 12:02:05,37.0,37.0,37.0,37.0,37.0,37.0,37.0,37.0,37.0,37.0,37.0,37.0,37.0,37.0,37.0,37.0,37.0,37.0,37.0,37.0,37.0,37.0,37.0,37.0,37.0,37.0,37.0,37.0,32215.5,32215.5,1601380925.0,0.0,102633.5,-4.9545402525,131.1724090575,1.5288524675,-24.5641048725,0.0,51.52198045324192,5.868238328113845,0.0,0.0,0.0,0.0,0.0,0.0,12.8803725,1.4676479175,7.5,-38.9044075,0.0,0.9817477325,0.589048625,25.0,0.75,0.0,0.25,1.0,0.0,0.0,0.0,0.0,0.0,0.0,1.0,0.0,0.0
38,2020-09-29 12:02:10,38.0,38.0,38.0,38.0,38.0,38.0,38.0,38.0,38.0,38.0,38.0,38.0,38.0,38.0,38.0,38.0,38.0,38.0,38.0,38.0,38.0,38.0,38.0,38.0,38.0,38.0,38.0,38.0,33197.5,33197.5,1601380930.0,0.0,0.0,0.0,0.0,0.0,0.0,0.0,51.5220513115051,5.868338765229592,92.75105040438775,129.34137293785713,-4.226051176836735,9.252012278367348,-29.842176223061223,0.4836093375,0.0,0.0,0.0,0.0,0.0,0.0,0.0,0.0,1.0,0.0,0.0,0.010204081632653,0.5561224489795918,0.0,0.4285714285714285,0.0051020408163265,0.0,0.0,0.9948979591836736,0.0,0.0
39,2020-09-29 12:02:14,39.0,39.0,39.0,39.0,39.0,39.0,39.0,39.0,39.0,39.0,39.0,39.0,39.0,39.0,39.0,39.0,39.0,39.0,39.0,39.0,39.0,39.0,39.0,39.0,39.0,39.0,39.0,39.0,33959.5,33959.5,1601380934.0,0.0,0.0,0.0,0.0,0.0,0.0,0.0,51.52209607078947,5.868290454763158,89.04360970036842,136.81907778689472,-5.020639564947369,9.746316090210527,-29.49589879852632,0.4830115827368421,0.2711657368421052,0.0308978508947368,0.1578947368421052,-0.8190401578947368,0.0,0.0206683733157894,0.0124010236842105,0.5263157894736842,0.9947368421052633,0.0,0.0052631578947368,0.0210526315789473,0.5473684210526316,0.0,0.4263157894736842,0.0052631578947368,0.0,0.0,0.9947368421052633,0.0,0.0
40,2020-09-29 12:02:18,40.0,40.0,40.0,40.0,40.0,40.0,40.0,40.0,40.0,40.0,40.0,40.0,40.0,40.0,40.0,40.0,40.0,40.0,40.0,40.0,40.0,40.0,40.0,40.0,40.0,40.0,40.0,40.0,34669.5,34669.5,1601380938.0,0.0,2470.964285714286,-0.0427969069642857,22.361364455476192,-0.0312089409523809,-0.0825454032142857,0.0,51.52212771027805,5.868353391636905,86.22593441571428,136.1185403964881,-4.925528135654762,10.543600080892858,-29.872312114166665,0.501473935,0.0,0.0,0.0,0.0,0.0,0.0,0.0,0.0,1.0,0.0,0.0,0.0119047619047619,0.5357142857142857,0.0,0.4464285714285714,0.0059523809523809,0.0,0.0,0.9940476190476192,0.0,0.0
41,2020-09-29 12:02:23,41.0,41.0,41.0,41.0,41.0,41.0,41.0,41.0,41.0,41.0,41.0,41.0,41.0,41.0,41.0,41.0,41.0,41.0,41.0,41.0,41.0,41.0,41.0,41.0,41.0,41.0,41.0,41.0,35439.0,35439.0,1601380943.0,0.0,0.0,0.0,0.0,0.0,0.0,0.0,51.52207802281879,5.868242841711409,89.84376216523489,150.39142998812082,-3.1619222261073827,9.662213468120806,-29.05575740751678,0.496648038590604,0.3457818120805369,0.0393999440939597,0.2013422818791946,-1.0444136241610738,0.0,0.0263556438255033,0.0158133859060402,0.6711409395973155,0.9932885906040269,0.0,0.0067114093959731,0.0268456375838926,0.4899328859060403,0.0067114093959731,0.4697986577181208,0.0067114093959731,0.0,0.0,0.9932885906040269,0.0,0.0
42,2020-09-29 12:02:27,42.0,42.0,42.0,42.0,42.0,42.0,42.0,42.0,42.0,42.0,42.0,42.0,42.0,42.0,42.0,42.0,42.0,42.0,42.0,42.0,42.0,42.0,42.0,42.0,42.0,42.0,42.0,42.0,36049.0,36049.0,1601380947.0,0.0,5362.2,-0.124873450516129,22.207976310516127,0.2564193060645162,-0.6441434156129032,0.0,51.52204122127419,5.868238328113845,93.502387714,142.8336663035484,-3.308242122645161,9.314319070903226,-28.98098821335484,0.4913591678709677,0.0,0.0,0.0,0.0,0.0,0.0,0.0,0.0,1.0,0.0,0.0,0.0193548387096774,0.4903225806451612,0.0064516129032258,0.4774193548387097,0.0064516129032258,0.0,0.0,0.9935483870967742,0.0,0.0
43,2020-09-29 12:02:31,43.0,43.0,43.0,43.0,43.0,43.0,43.0,43.0,43.0,43.0,43.0,43.0,43.0,43.0,43.0,43.0,43.0,43.0,43.0,43.0,43.0,43.0,43.0,43.0,43.0,43.0,43.0,43.0,36674.0,36674.0,1601380951.0,0.0,0.0,0.0,0.0,0.0,0.0,0.0,51.52212771027805,5.868238328113845,96.89006281025809,144.27632193083872,-3.9423555645161295,9.78091267483871,-29.85762619529032,0.4784330724516129,0.0,0.0,0.0,0.0,0.0,0.0,0.0,0.0,1.0,0.0,0.0,0.0129032258064516,0.5225806451612903,0.0064516129032258,0.4516129032258064,0.0064516129032258,0.0,0.0,0.9935483870967742,0.0,0.0
44,2020-09-29 12:02:35,44.0,44.0,44.0,44.0,44.0,44.0,44.0,44.0,44.0,44.0,44.0,44.0,44.0,44.0,44.0,44.0,44.0,44.0,44.0,44.0,44.0,44.0,44.0,44.0,44.0,44.0,44.0,44.0,37329.5,37329.5,1601380955.0,0.0,0.0,0.0,0.0,0.0,0.0,0.0,51.52212771027805,5.868238328113845,95.08918422674418,148.26205747354652,-3.3104296273255813,9.34142362761628,-29.655181308255816,0.4498458519767442,0.2995435465116279,0.0341313469186046,0.1744186046511628,-0.9047536627906976,0.0,0.022831342616279,0.0136988052325581,0.5813953488372093,0.994186046511628,0.0,0.005813953488372,0.0232558139534883,0.5930232558139535,0.005813953488372,0.3720930232558139,0.005813953488372,0.0,0.0,0.994186046511628,0.0,0.0
45,2020-09-29 12:02:40,45.0,45.0,45.0,45.0,45.0,45.0,45.0,45.0,45.0,45.0,45.0,45.0,45.0,45.0,45.0,45.0,45.0,45.0,45.0,45.0,45.0,45.0,45.0,45.0,45.0,45.0,45.0,45.0,38184.0,38184.0,1601380960.0,0.0,0.0,0.0,0.0,0.0,0.0,0.0,51.52212771027805,5.868238328113845,93.49628799369697,147.67564646830303,-3.2106188485454545,9.594845549454543,-29.70347014951515,0.4748796029090909,0.0,0.0,0.0,0.0,0.0,0.0,0.0,0.0,1.0,0.0,0.0,0.0121212121212121,0.6303030303030303,0.0,0.3515151515151515,0.006060606060606,0.0,0.0,0.993939393939394,0.0,0.0
46,2020-09-29 12:02:44,46.0,46.0,46.0,46.0,46.0,46.0,46.0,46.0,46.0,46.0,46.0,46.0,46.0,46.0,46.0,46.0,46.0,46.0,46.0,46.0,46.0,46.0,46.0,46.0,46.0,46.0,46.0,46.0,38895.0,38895.0,1601380964.0,0.0,9076.572972972974,0.0485069481081081,75.70560335729729,0.6553956937297297,-2.926867699891892,0.0,51.522099563108114,5.868275432027027,89.83507116983783,138.15807504756756,-4.423612639837838,9.10612700308108,-28.755634101891893,0.4564703745405405,0.2784945405405405,0.0317329279459459,0.1621621621621621,-0.8411763783783783,0.0,0.021226978,0.0127361864864864,0.5405405405405406,0.9945945945945946,0.0,0.0054054054054054,0.0378378378378378,0.5675675675675675,0.0,0.3891891891891892,0.0054054054054054,0.0,0.0,0.9945945945945946,0.0,0.0
47,2020-09-29 12:02:48,47.0,47.0,47.0,47.0,47.0,47.0,47.0,47.0,47.0,47.0,47.0,47.0,47.0,47.0,47.0,47.0,47.0,47.0,47.0,47.0,47.0,47.0,47.0,47.0,47.0,47.0,47.0,47.0,39598.0,39598.0,1601380968.0,0.0,0.0,0.0,0.0,0.0,0.0,0.0,51.52202258998521,5.868238328113845,95.4433275091716,135.4982912274556,-5.735463208343195,9.38458711810651,-29.096663029289942,0.4841653050295857,0.0,0.0,0.0,0.0,0.0,0.0,0.0,0.0,1.0,0.0,0.0,0.0118343195266272,0.5325443786982249,0.0,0.4497041420118343,0.0059171597633136,0.0,0.0,0.9940828402366864,0.0,0.0
48,2020-09-29 12:02:52,48.0,48.0,48.0,48.0,48.0,48.0,48.0,48.0,48.0,48.0,48.0,48.0,48.0,48.0,48.0,48.0,48.0,48.0,48.0,48.0,48.0,48.0,48.0,48.0,48.0,48.0,48.0,48.0,40367.0,40367.0,1601380972.0,0.0,0.0,0.0,0.0,0.0,0.0,0.0,51.52202769411043,5.868238328113845,99.10225077674846,142.67606842276075,-5.797537864110429,9.83117971042945,-28.77695638263804,0.4871403412883435,0.0,0.0,0.0,0.0,0.0,0.0,0.0,0.0,1.0,0.0,0.0,0.0122699386503067,0.5276073619631901,0.0,0.4539877300613497,0.0061349693251533,0.0,0.0,0.9938650306748468,0.0,0.0
49,2020-09-29 12:02:57,49.0,49.0,49.0,49.0,49.0,49.0,49.0,49.0,49.0,49.0,49.0,49.0,49.0,49.0,49.0,49.0,49.0,49.0,49.0,49.0,49.0,49.0,49.0,49.0,49.0,49.0,49.0,49.0,41192.5,41192.5,1601380977.0,0.0,0.0,0.0,0.0,0.0,0.0,0.0,51.52198045324192,5.868238328113845,95.27261891172618,145.8816677817262,-1.9951164774404764,9.588774655178572,-28.536861669761905,0.5075588728571429,0.0,0.0,0.0,0.0,0.0,0.0,0.0,0.0,1.0,0.0,0.0,0.0119047619047619,0.5178571428571429,0.0,0.4702380952380952,0.0,0.0,0.0,0.9940476190476192,0.0,0.0
50,2020-09-29 12:03:01,50.0,50.0,50.0,50.0,50.0,50.0,50.0,50.0,50.0,50.0,50.0,50.0,50.0,50.0,50.0,50.0,50.0,50.0,50.0,50.0,50.0,50.0,50.0,50.0,50.0,50.0,50.0,50.0,41930.0,41930.0,1601380981.0,0.0,0.0,0.0,0.0,0.0,0.0,0.0,51.52198045324192,5.868238328113845,95.63281895233162,142.88989137233162,-5.4605629918652845,9.152050787875648,-28.72461904020725,0.4872234749222798,0.0,0.0,0.0,0.0,0.0,0.0,0.0,0.0,1.0,0.0,0.0,0.0103626943005181,0.533678756476684,0.0,0.4559585492227979,0.0,0.0,0.0,0.9948186528497408,0.0,0.0
51,2020-09-29 12:03:05,51.0,51.0,51.0,51.0,51.0,51.0,51.0,51.0,51.0,51.0,51.0,51.0,51.0,51.0,51.0,51.0,51.0,51.0,51.0,51.0,51.0,51.0,51.0,51.0,51.0,51.0,51.0,51.0,42708.5,42708.5,1601380985.0,0.0,0.0,0.0,0.0,0.0,0.0,0.0,51.52198906320877,5.868238328113845,95.79969365113402,151.508447856134,-2.7249341277835053,9.043411158041238,-28.66738466881443,0.5008252698969072,0.2655746907216494,0.0302607818041237,0.1546391752577319,-0.8021527319587628,0.0,0.0202422212886597,0.0121453324742268,0.5154639175257731,0.9948453608247424,0.0,0.0051546391752577,0.0206185567010309,0.5051546391752577,0.0,0.4742268041237113,0.0,0.0,0.0,0.9948453608247424,0.0,0.0
52,2020-09-29 12:03:09,52.0,52.0,52.0,52.0,52.0,52.0,52.0,52.0,52.0,52.0,52.0,52.0,52.0,52.0,52.0,52.0,52.0,52.0,52.0,52.0,52.0,52.0,52.0,52.0,52.0,52.0,52.0,52.0,43467.5,43467.5,1601380989.0,0.0,0.0,0.0,0.0,0.0,0.0,0.0,51.52202870815217,5.86826240451087,91.68316922,160.54404736875,-4.099651351141304,9.660334672282607,-29.0549765875,0.514702934076087,0.0,0.0,0.0,0.0,0.0,0.0,0.0,0.0,1.0,0.0,0.0,0.0108695652173913,0.5108695652173914,0.0,0.4782608695652174,0.0,0.0,0.0,0.9945652173913044,0.0,0.0
53,2020-09-29 12:03:14,53.0,53.0,53.0,53.0,53.0,53.0,53.0,53.0,53.0,53.0,53.0,53.0,53.0,53.0,53.0,53.0,53.0,53.0,53.0,53.0,53.0,53.0,53.0,53.0,53.0,53.0,53.0,53.0,44368.5,44368.5,1601380994.0,0.0,136960.34649122806,-1.5118072240789475,1251.4565491927633,1.5374415945614035,-8.584399868508772,0.0,51.52198045324192,5.868238328113845,60.42079531254385,102.15838066951754,-1.7675994771052634,6.532555524561404,-19.621919498026315,0.3589052060087719,0.225971447368421,0.0257482090789473,0.131578947368421,-0.6825334649122806,0.0,0.0172236444298245,0.0103341864035087,0.4385964912280701,0.9956140350877192,0.0,0.0043859649122807,0.3289473684210526,0.3508771929824561,0.0,0.3201754385964912,0.0,0.0,0.0,0.9956140350877192,0.0,0.0
54,2020-09-29 12:03:18,54.0,54.0,54.0,54.0,54.0,54.0,54.0,54.0,54.0,54.0,54.0,54.0,54.0,54.0,54.0,54.0,54.0,54.0,54.0,54.0,54.0,54.0,54.0,54.0,54.0,54.0,54.0,54.0,45028.5,45028.5,1601380998.0,0.0,60282.011235955055,-0.5791584401685393,586.836092488146,0.6719924686516855,-4.225883477921348,0.0,51.52198045324192,5.868238328113845,78.25076702601123,128.38766683398876,-1.1214026510112365,8.488947423426966,-25.26721133522472,0.4542413621910112,0.0,0.0,0.0,0.0,0.0,0.0,0.0,0.0,1.0,0.0,0.0,0.146067415730337,0.4325842696629213,0.0,0.4213483146067415,0.0,0.0,0.0,0.99438202247191,0.0,0.0
55,2020-09-29 12:03:22,55.0,55.0,55.0,55.0,55.0,55.0,55.0,55.0,55.0,55.0,55.0,55.0,55.0,55.0,55.0,55.0,55.0,55.0,55.0,55.0,55.0,55.0,55.0,55.0,55.0,55.0,55.0,55.0,45720.0,45720.0,1601381002.0,0.0,0.0,0.0,0.0,0.0,0.0,0.0,51.52198045324192,5.868297264745763,90.2160824859322,130.0189653661582,-3.1662996611864407,11.114695565254236,-28.886437431864408,0.4927908879096044,0.0,0.0,0.0,0.0,0.0,0.0,0.0,0.0,1.0,0.0,0.0,0.0112994350282485,0.5536723163841808,0.0,0.4350282485875706,0.0,0.0,0.0,0.9943502824858758,0.0,0.0
56,2020-09-29 12:03:26,56.0,56.0,56.0,56.0,56.0,56.0,56.0,56.0,56.0,56.0,56.0,56.0,56.0,56.0,56.0,56.0,56.0,56.0,56.0,56.0,56.0,56.0,56.0,56.0,56.0,56.0,56.0,56.0,46463.0,46463.0,1601381006.0,0.0,0.0,0.0,0.0,0.0,0.0,0.0,51.52200463261421,5.8683271554568535,88.9025691590863,140.66540789020306,-2.669600607918781,11.41293516213198,-28.906496522131977,0.4722482426903553,0.2615304060913705,0.029799957715736,0.1522842639593908,-0.7899372081218273,0.0,0.0199339641116751,0.0119603781725888,0.5076142131979695,0.9949238578680204,0.0,0.0050761421319796,0.0203045685279187,0.5431472081218274,0.0,0.4365482233502538,0.0,0.0,0.0,1.0,0.0,0.0
57,2020-09-29 12:03:31,57.0,57.0,57.0,57.0,57.0,57.0,57.0,57.0,57.0,57.0,57.0,57.0,57.0,57.0,57.0,57.0,57.0,57.0,57.0,57.0,57.0,57.0,57.0,57.0,57.0,57.0,57.0,57.0,47557.0,47557.0,1601381011.0,0.0,19410.54228855721,-0.4085762820895522,136.90914715820895,0.1601761827860696,4.851258507263681,0.0,51.52198045324192,5.868447235895522,85.18187897626866,139.18672356646766,-3.438513857661692,12.411837514726368,-27.84448232636816,0.4860398711442786,0.0,0.0,0.0,0.0,0.0,0.0,0.0,0.0,1.0,0.0,0.0,0.0497512437810945,0.5174129353233831,0.0,0.4328358208955223,0.0,0.0,0.0,1.0,0.0,0.0
58,2020-09-29 12:03:35,58.0,58.0,58.0,58.0,58.0,58.0,58.0,58.0,58.0,58.0,58.0,58.0,58.0,58.0,58.0,58.0,58.0,58.0,58.0,58.0,58.0,58.0,58.0,58.0,58.0,58.0,58.0,58.0,48332.0,48332.0,1601381015.0,0.0,2284.671957671958,0.1028743117989418,1.8663478629100527,0.0009459587301587,-0.2867877501058201,0.0,51.52198045324192,5.868472513386243,88.99548566296296,146.99429516714287,-3.135405745026455,13.6244558994709,-28.739156066931216,0.5070433145502645,0.2726004761904761,0.0310613315873015,0.1587301587301587,-0.8233737037037037,0.0,0.0207777297883597,0.0124666375661375,0.5291005291005291,0.9947089947089948,0.0,0.0052910052910052,0.0211640211640211,0.5396825396825397,0.0,0.4338624338624338,0.0,0.0,0.0052910052910052,1.0,0.0,0.0
59,2020-09-29 12:03:43,59.0,59.0,59.0,59.0,59.0,59.0,59.0,59.0,59.0,59.0,59.0,59.0,59.0,59.0,59.0,59.0,59.0,59.0,59.0,59.0,59.0,59.0,59.0,59.0,59.0,59.0,59.0,59.0,48860.5,48860.5,1601381023.0,0.0,7265.888888888889,-0.0557853275,12.635502455,0.1418340700555555,-0.1747109639444444,0.0,51.52198045324192,5.868520339111111,88.29077156316667,151.83060289983334,-0.5482698735555555,13.231153082111112,-29.42729822811112,0.4644193425,0.0,0.0,0.0,0.0,0.0,0.0,0.0,0.0,1.0,0.0,0.0,0.0166666666666666,0.5666666666666667,0.0,0.4111111111111111,0.0,0.0,0.0055555555555555,1.0,0.0,0.0
60,2020-09-29 12:03:48,60.0,60.0,60.0,60.0,60.0,60.0,60.0,60.0,60.0,60.0,60.0,60.0,60.0,60.0,60.0,60.0,60.0,60.0,60.0,60.0,60.0,60.0,60.0,60.0,60.0,60.0,60.0,60.0,49828.0,49828.0,1601381028.0,0.0,2210.929648241206,-0.0048785952261306,2.7248749852763816,-0.0008437496984924,-0.4158304211055276,0.0,51.52198045324192,5.868383480125629,88.28398161100503,155.5334509040201,-3.4241623275879403,13.03620911592965,-29.470175355075376,0.4740816401507537,0.0,0.0,0.0,0.0,0.0,0.0,0.0,0.0,1.0,0.0,0.0,0.0100502512562814,0.6030150753768844,0.0,0.3819095477386934,0.0,0.0,0.0050251256281407,1.0,0.0,0.0
61,2020-09-29 12:03:52,61.0,61.0,61.0,61.0,61.0,61.0,61.0,61.0,61.0,61.0,61.0,61.0,61.0,61.0,61.0,61.0,61.0,61.0,61.0,61.0,61.0,61.0,61.0,61.0,61.0,61.0,61.0,61.0,50643.5,50643.5,1601381032.0,0.0,2099.0619047619048,0.0683790660952381,2.936015973761905,-6.995457142857143e-05,-0.4161519754285714,0.0,51.52198045324192,5.868368055571429,94.06061962938097,137.65552153795238,-2.8733865725714285,12.332751194761906,-29.808113988285715,0.462610279047619,0.0,0.0,0.0,0.0,0.0,0.0,0.0,0.0,1.0,0.0,0.0,0.0095238095238095,0.6142857142857143,0.0047619047619047,0.3666666666666666,0.0,0.0,0.0047619047619047,1.0,0.0,0.0
62,2020-09-29 12:03:56,62.0,62.0,62.0,62.0,62.0,62.0,62.0,62.0,62.0,62.0,62.0,62.0,62.0,62.0,62.0,62.0,62.0,62.0,62.0,62.0,62.0,62.0,62.0,62.0,62.0,62.0,62.0,62.0,51490.5,51490.5,1601381036.0,0.0,0.0,0.0,0.0,0.0,0.0,0.0,51.52198045324192,5.86836051412037,92.63231724194443,142.0236586765278,-3.786205951712963,11.471886569675926,-29.32981192625,0.4786490089814815,0.2385254166666666,0.0271786651388888,0.1388888888888889,-0.7204519907407407,0.0,0.0181805135648148,0.0109083078703703,0.4629629629629629,0.9953703703703703,0.0,0.0046296296296296,0.0185185185185185,0.5416666666666666,0.0046296296296296,0.4305555555555556,0.0,0.0,0.0046296296296296,1.0,0.0,0.0
63,2020-09-29 12:04:00,63.0,63.0,63.0,63.0,63.0,63.0,63.0,63.0,63.0,63.0,63.0,63.0,63.0,63.0,63.0,63.0,63.0,63.0,63.0,63.0,63.0,63.0,63.0,63.0,63.0,63.0,63.0,63.0,52303.0,52303.0,1601381040.0,0.0,0.0,0.0,0.0,0.0,0.0,0.0,51.52198853866916,5.868381430149254,94.8993141818408,136.67414220771144,-4.318734416069652,9.648720971343284,-29.458887128756217,0.5037132833333333,0.0,0.0,0.0,0.0,0.0,0.0,0.0,0.0,1.0,0.0,0.0,0.0099502487562189,0.5323383084577115,0.0049751243781094,0.4477611940298507,0.0,0.0,0.0049751243781094,1.0,0.0,0.0
64,2020-09-29 12:04:05,64.0,64.0,64.0,64.0,64.0,64.0,64.0,64.0,64.0,64.0,64.0,64.0,64.0,64.0,64.0,64.0,64.0,64.0,64.0,64.0,64.0,64.0,64.0,64.0,64.0,64.0,64.0,64.0,53286.5,53286.5,1601381045.0,0.0,0.0,0.0,0.0,0.0,0.0,0.0,51.52198060859694,5.868547601530612,93.29982738193878,136.7323425160204,-3.3759927811734696,8.801047039285715,-29.411202236122453,0.5208238125,0.2628647448979592,0.0299519983163265,0.1530612244897959,-0.7939674999999999,0.0,0.020035668010204,0.012021400510204,0.5102040816326531,0.9948979591836736,0.0,0.0051020408163265,0.0204081632653061,0.4591836734693877,0.0051020408163265,0.5153061224489796,0.0,0.0,0.0,1.0,0.0,0.0
65,2020-09-29 12:04:09,65.0,65.0,65.0,65.0,65.0,65.0,65.0,65.0,65.0,65.0,65.0,65.0,65.0,65.0,65.0,65.0,65.0,65.0,65.0,65.0,65.0,65.0,65.0,65.0,65.0,65.0,65.0,65.0,54088.5,54088.5,1601381049.0,0.0,0.0,0.0,0.0,0.0,0.0,0.0,51.52202046011364,5.868576723030303,96.6870824670202,141.43669783893938,-3.7701518859090912,9.192263822575756,-29.710986975606065,0.5185932547979798,0.0,0.0,0.0,0.0,0.0,0.0,0.0,0.0,1.0,0.0,0.0,0.0101010101010101,0.4848484848484848,0.005050505050505,0.5,0.0,0.0,0.0,1.0,0.0,0.0
66,2020-09-29 12:04:13,66.0,66.0,66.0,66.0,66.0,66.0,66.0,66.0,66.0,66.0,66.0,66.0,66.0,66.0,66.0,66.0,66.0,66.0,66.0,66.0,66.0,66.0,66.0,66.0,66.0,66.0,66.0,66.0,54880.0,54880.0,1601381053.0,0.0,0.0,0.0,0.0,0.0,0.0,0.0,51.52212771027805,5.8685671675634525,93.08413622167512,148.50419795690357,-4.214273378274112,9.433872293401016,-29.88469446279188,0.4924872129949239,0.0,0.0,0.0,0.0,0.0,0.0,0.0,0.0,1.0,0.0,0.0,0.0101522842639593,0.5685279187817259,0.0050761421319796,0.416243654822335,0.0,0.0,0.0,1.0,0.0,0.0
67,2020-09-29 12:04:17,67.0,67.0,67.0,67.0,67.0,67.0,67.0,67.0,67.0,67.0,67.0,67.0,67.0,67.0,67.0,67.0,67.0,67.0,67.0,67.0,67.0,67.0,67.0,67.0,67.0,67.0,67.0,67.0,55623.0,55623.0,1601381057.0,0.0,0.0,0.0,0.0,0.0,0.0,0.0,51.52212771027805,5.868631213467049,90.09152115685085,143.37964619232045,-7.355935045469613,9.117023868121546,-29.402146228839783,0.4918050867955801,0.2846491160220994,0.0324342081215469,0.1657458563535911,-0.8597659116022099,0.0,0.0216960824861878,0.0130176491712707,0.5524861878453039,0.994475138121547,0.0,0.005524861878453,0.0220994475138121,0.585635359116022,0.005524861878453,0.3867403314917127,0.0,0.0,0.0,1.0,0.0,0.0
68,2020-09-29 12:04:22,68.0,68.0,68.0,68.0,68.0,68.0,68.0,68.0,68.0,68.0,68.0,68.0,68.0,68.0,68.0,68.0,68.0,68.0,68.0,68.0,68.0,68.0,68.0,68.0,68.0,68.0,68.0,68.0,56522.0,56522.0,1601381062.0,0.0,0.0,0.0,0.0,0.0,0.0,0.0,51.52212771027805,5.868579652344633,97.58902812463276,140.39758009672315,-8.359664520282486,9.000775510734464,-30.20352653446328,0.4532886408474576,0.0,0.0,0.0,0.0,0.0,0.0,0.0,0.0,1.0,0.0,0.0,0.0112994350282485,0.5988700564971752,0.0,0.3898305084745763,0.0,0.0,0.0,1.0,0.0,0.0
69,2020-09-29 12:04:26,69.0,69.0,69.0,69.0,69.0,69.0,69.0,69.0,69.0,69.0,69.0,69.0,69.0,69.0,69.0,69.0,69.0,69.0,69.0,69.0,69.0,69.0,69.0,69.0,69.0,69.0,69.0,69.0,57256.5,57256.5,1601381066.0,0.0,36667.50588235294,-0.3501412785294118,337.31527602258825,-0.4623080085882353,11.828548252705884,0.0,51.52199680925,5.868238328113845,90.26784091788237,124.4444519502353,-7.405395324117647,8.798831257647057,-27.511190391882355,0.441977332235294,0.3030675882352941,0.0345328921764705,0.1764705882352941,-0.9153978235294116,0.0,0.0230999466470588,0.0138599676470588,0.5882352941176471,0.9941176470588236,0.0,0.0058823529411764,0.1,0.5117647058823529,0.0,0.388235294117647,0.0,0.0,0.0,1.0,0.0,0.0
70,2020-09-29 12:04:30,70.0,70.0,70.0,70.0,70.0,70.0,70.0,70.0,70.0,70.0,70.0,70.0,70.0,70.0,70.0,70.0,70.0,70.0,70.0,70.0,70.0,70.0,70.0,70.0,70.0,70.0,70.0,70.0,57876.5,57876.5,1601381070.0,0.0,0.0,0.0,0.0,0.0,0.0,0.0,51.52206086512821,5.868430326057692,103.37730297141026,128.48334313326924,-4.368352854679487,8.947894553397436,-30.556720831282053,0.4705458329487179,0.0,0.0,0.0,0.0,0.0,0.0,0.0,0.0,1.0,0.0,0.0,0.0128205128205128,0.5512820512820513,0.0,0.4358974358974359,0.0,0.0,0.0,1.0,0.0,0.0
71,2020-09-29 12:04:34,71.0,71.0,71.0,71.0,71.0,71.0,71.0,71.0,71.0,71.0,71.0,71.0,71.0,71.0,71.0,71.0,71.0,71.0,71.0,71.0,71.0,71.0,71.0,71.0,71.0,71.0,71.0,71.0,58697.5,58697.5,1601381074.0,0.0,0.0,0.0,0.0,0.0,0.0,0.0,51.52198442550926,5.868524806388889,102.48704638469135,134.69626211382715,-6.878050699012345,9.061263198580248,-30.919421608148145,0.4457513381481481,0.0,0.0,0.0,0.0,0.0,0.0,0.0,0.0,1.0,0.0,0.0,0.0123456790123456,0.5802469135802469,0.0,0.4074074074074074,0.0,0.0,0.0,1.0,0.0,0.0
72,2020-09-29 12:04:39,72.0,72.0,72.0,72.0,72.0,72.0,72.0,72.0,72.0,72.0,72.0,72.0,72.0,72.0,72.0,72.0,72.0,72.0,72.0,72.0,72.0,72.0,72.0,72.0,72.0,72.0,72.0,72.0,59531.5,59531.5,1601381079.0,0.0,0.0,0.0,0.0,0.0,0.0,0.0,51.52212771027805,5.868631213467049,104.27337345796512,131.97017998505814,-4.8021111738372095,8.7778228625,-30.377073553895347,0.4365696025581395,0.0,0.0,0.0,0.0,0.0,0.0,0.0,0.0,1.0,0.0,0.0,0.0116279069767441,0.5872093023255814,0.0,0.4011627906976744,0.0,0.0,0.0,1.0,0.0,0.0
73,2020-09-29 12:04:43,73.0,73.0,73.0,73.0,73.0,73.0,73.0,73.0,73.0,73.0,73.0,73.0,73.0,73.0,73.0,73.0,73.0,73.0,73.0,73.0,73.0,73.0,73.0,73.0,73.0,73.0,73.0,73.0,60224.0,60224.0,1601381083.0,0.0,0.0,0.0,0.0,0.0,0.0,0.0,51.522118959704144,5.868631213467049,102.03777765177516,129.7437049289349,-3.0337821326035503,9.515405028284023,-30.21857802266272,0.4788320022485207,0.0,0.0,0.0,0.0,0.0,0.0,0.0,0.0,1.0,0.0,0.0,0.0118343195266272,0.5680473372781065,0.0,0.4201183431952662,0.0,0.0,0.0,1.0,0.0,0.0
74,2020-09-29 12:04:47,74.0,74.0,74.0,74.0,74.0,74.0,74.0,74.0,74.0,74.0,74.0,74.0,74.0,74.0,74.0,74.0,74.0,74.0,74.0,74.0,74.0,74.0,74.0,74.0,74.0,74.0,74.0,74.0,60878.0,60878.0,1601381087.0,0.0,0.0,0.0,0.0,0.0,0.0,0.0,51.5220256300303,5.868631213467049,92.19806456630305,126.52966133466668,-3.708020778060606,9.111673130181815,-29.88223049278788,0.4835224667272727,0.3122514545454545,0.0355793434545454,0.1818181818181818,-0.9431371515151514,0.0,0.023799945030303,0.0142799666666666,0.6060606060606061,0.993939393939394,0.0,0.006060606060606,0.0242424242424242,0.5454545454545454,0.0,0.4303030303030303,0.0,0.0,0.0,1.0,0.0,0.0
75,2020-09-29 12:04:51,75.0,75.0,75.0,75.0,75.0,75.0,75.0,75.0,75.0,75.0,75.0,75.0,75.0,75.0,75.0,75.0,75.0,75.0,75.0,75.0,75.0,75.0,75.0,75.0,75.0,75.0,75.0,75.0,61611.0,61611.0,1601381091.0,0.0,0.0,0.0,0.0,0.0,0.0,0.0,51.52205398353107,5.868552763418079,97.90607482536724,130.9419162613559,-2.361500555141243,9.152939382259888,-30.563134015536725,0.4588770295480225,0.0,0.0,0.0,0.0,0.0,0.0,0.0,0.0,1.0,0.0,0.0,0.0112994350282485,0.615819209039548,0.0,0.3728813559322034,0.0,0.0,0.0,1.0,0.0,0.0
76,2020-09-29 12:04:56,76.0,76.0,76.0,76.0,76.0,76.0,76.0,76.0,76.0,76.0,76.0,76.0,76.0,76.0,76.0,76.0,76.0,76.0,76.0,76.0,76.0,76.0,76.0,76.0,76.0,76.0,76.0,76.0,62494.5,62494.5,1601381096.0,0.0,0.0,0.0,0.0,0.0,0.0,0.0,51.522052352500005,5.868439947142857,97.24295810923078,130.9221960504945,-5.956942772417582,9.154106497912087,-30.434819064505493,0.4568428395054945,0.2830851098901099,0.0322559981868131,0.1648351648351648,-0.8550419230769231,0.0,0.0215768732417582,0.0129461236263736,0.5494505494505495,0.9945054945054944,0.0,0.0054945054945054,0.0219780219780219,0.5989010989010989,0.0,0.3791208791208791,0.0,0.0,0.0,1.0,0.0,0.0
77,2020-09-29 12:05:00,77.0,77.0,77.0,77.0,77.0,77.0,77.0,77.0,77.0,77.0,77.0,77.0,77.0,77.0,77.0,77.0,77.0,77.0,77.0,77.0,77.0,77.0,77.0,77.0,77.0,77.0,77.0,77.0,63231.0,63231.0,1601381100.0,0.0,0.0,0.0,0.0,0.0,0.0,0.0,51.52198270637838,5.8684425938378375,94.82262750394594,138.37596886232433,-8.69357396735135,8.88434853535135,-30.84488308897297,0.4533079758918919,0.0,0.0,0.0,0.0,0.0,0.0,0.0,0.0,1.0,0.0,0.0,0.0108108108108108,0.6270270270270271,0.0,0.3621621621621622,0.0,0.0,0.0,1.0,0.0,0.0
78,2020-09-29 12:05:04,78.0,78.0,78.0,78.0,78.0,78.0,78.0,78.0,78.0,78.0,78.0,78.0,78.0,78.0,78.0,78.0,78.0,78.0,78.0,78.0,78.0,78.0,78.0,78.0,78.0,78.0,78.0,78.0,63946.5,63946.5,1601381104.0,0.0,5150.039772727273,-0.056754285625,51.753936767556816,-0.0603092218181818,1.8367315015909087,0.0,51.52203642055397,5.868439668494318,93.29190721625,138.0210096509091,-9.444104351306818,8.904406192670454,-30.141759200454544,0.4559304927272727,0.0,0.0,0.0,0.0,0.0,0.0,0.0,0.0,1.0,0.0,0.0,0.0170454545454545,0.6022727272727273,0.0,0.3806818181818182,0.0,0.0,0.0,1.0,0.0,0.0
79,2020-09-29 12:05:09,79.0,79.0,79.0,79.0,79.0,79.0,79.0,79.0,79.0,79.0,79.0,79.0,79.0,79.0,79.0,79.0,79.0,79.0,79.0,79.0,79.0,79.0,79.0,79.0,79.0,79.0,79.0,79.0,64819.0,64819.0,1601381109.0,0.0,0.0,0.0,0.0,0.0,0.0,0.0,51.52202308547486,5.868484432234636,93.86666036709498,131.20806098843576,-6.546823777821229,9.66337889067039,-30.57838194865922,0.4599455425139665,0.0,0.0,0.0,0.0,0.0,0.0,0.0,0.0,1.0,0.0,0.0,0.0111731843575419,0.5865921787709497,0.0,0.4022346368715084,0.0,0.0,0.0,1.0,0.0,0.0
80,2020-09-29 12:05:13,80.0,80.0,80.0,80.0,80.0,80.0,80.0,80.0,80.0,80.0,80.0,80.0,80.0,80.0,80.0,80.0,80.0,80.0,80.0,80.0,80.0,80.0,80.0,80.0,80.0,80.0,80.0,80.0,65536.5,65536.5,1601381113.0,0.0,0.0,0.0,0.0,0.0,0.0,0.0,51.52200181713236,5.868631213467049,92.11565602364706,136.37963941258823,-6.743020085235294,10.046818779117649,-30.509531313,0.4647849046470588,0.0,0.0,0.0,0.0,0.0,0.0,0.0,0.0,1.0,0.0,0.0,0.0117647058823529,0.5764705882352941,0.0,0.4117647058823529,0.0,0.0,0.0,1.0,0.0,0.0
81,2020-09-29 12:05:17,81.0,81.0,81.0,81.0,81.0,81.0,81.0,81.0,81.0,81.0,81.0,81.0,81.0,81.0,81.0,81.0,81.0,81.0,81.0,81.0,81.0,81.0,81.0,81.0,81.0,81.0,81.0,81.0,66278.5,66278.5,1601381117.0,0.0,0.0,0.0,0.0,0.0,0.0,0.0,51.52199014458333,5.868631213467049,90.00093450427083,137.84415830265627,-6.796343882916667,9.13263653703125,-30.361309290104163,0.4436567430729166,0.26834109375,0.03057599828125,0.15625,-0.8105084895833333,0.0,0.0204530777604166,0.0122718463541666,0.5208333333333334,0.9947916666666666,0.0,0.0052083333333333,0.0208333333333333,0.59375,0.0,0.3854166666666667,0.0,0.0,0.0,1.0,0.0,0.0
82,2020-09-29 12:05:21,82.0,82.0,82.0,82.0,82.0,82.0,82.0,82.0,82.0,82.0,82.0,82.0,82.0,82.0,82.0,82.0,82.0,82.0,82.0,82.0,82.0,82.0,82.0,82.0,82.0,82.0,82.0,82.0,67008.5,67008.5,1601381121.0,0.0,0.0,0.0,0.0,0.0,0.0,0.0,51.52204354478933,5.868631213467049,88.34741230758426,137.9082738169101,-6.17608899005618,9.120600170674155,-30.5620929416854,0.4919481424719101,0.0,0.0,0.0,0.0,0.0,0.0,0.0,0.0,1.0,0.0,0.0,0.0112359550561797,0.5337078651685393,0.0,0.4550561797752809,0.0,0.0,0.0,1.0,0.0,0.0
83,2020-09-29 12:05:26,83.0,83.0,83.0,83.0,83.0,83.0,83.0,83.0,83.0,83.0,83.0,83.0,83.0,83.0,83.0,83.0,83.0,83.0,83.0,83.0,83.0,83.0,83.0,83.0,83.0,83.0,83.0,83.0,67904.5,67904.5,1601381126.0,0.0,0.0,0.0,0.0,0.0,0.0,0.0,51.52205197571839,5.868631213467049,88.45338697873564,136.62059701034482,-0.7996053137931036,9.806123594252874,-30.415662568390804,0.5045275766091954,0.2961005172413793,0.0337390325862069,0.1724137931034483,-0.8943541954022988,0.0,0.0225689133908046,0.0135413477011494,0.5747126436781609,0.9942528735632185,0.0,0.0057471264367816,0.0229885057471264,0.5,0.0,0.4770114942528735,0.0,0.0,0.0,1.0,0.0,0.0
84,2020-09-29 12:05:30,84.0,84.0,84.0,84.0,84.0,84.0,84.0,84.0,84.0,84.0,84.0,84.0,84.0,84.0,84.0,84.0,84.0,84.0,84.0,84.0,84.0,84.0,84.0,84.0,84.0,84.0,84.0,84.0,68606.5,68606.5,1601381130.0,0.0,0.0,0.0,0.0,0.0,0.0,0.0,51.522027576985295,5.868631213467049,86.97130317894117,141.377695273,-2.387316090764706,9.464532642117646,-30.58143119788236,0.5343658915294118,0.0,0.0,0.0,0.0,0.0,0.0,0.0,0.0,1.0,0.0,0.0,0.0117647058823529,0.4647058823529412,0.0,0.5235294117647059,0.0,0.0,0.0,1.0,0.0,0.0
85,2020-09-29 12:05:34,85.0,85.0,85.0,85.0,85.0,85.0,85.0,85.0,85.0,85.0,85.0,85.0,85.0,85.0,85.0,85.0,85.0,85.0,85.0,85.0,85.0,85.0,85.0,85.0,85.0,85.0,85.0,85.0,69300.0,69300.0,1601381134.0,0.0,0.0,0.0,0.0,0.0,0.0,0.0,51.52212595092815,5.868631213467049,85.40422309718562,147.5117373266467,-5.902982608083832,8.969568070598802,-30.888580025089823,0.5290093107185628,0.0,0.0,0.0,0.0,0.0,0.0,0.0,0.0,1.0,0.0,0.0,0.0119760479041916,0.467065868263473,0.0,0.5209580838323353,0.0,0.0,0.0,1.0,0.0,0.0
86,2020-09-29 12:05:38,86.0,86.0,86.0,86.0,86.0,86.0,86.0,86.0,86.0,86.0,86.0,86.0,86.0,86.0,86.0,86.0,86.0,86.0,86.0,86.0,86.0,86.0,86.0,86.0,86.0,86.0,86.0,86.0,69918.5,69918.5,1601381138.0,0.0,447731.8375,-12.115851879125,2344.3952209465,6.743619557625,-49.505226918625,0.0,51.52198045324192,5.868238328113845,0.0,0.0,0.0,0.0,0.0,0.0,0.644018625,0.0733823958749999,0.375,-1.945220375,0.0,0.049087386625,0.02945243125,1.25,0.9875,0.0,0.0125,1.0,0.0,0.0,0.0,0.0,0.0,0.0,1.0,0.0,0.0
87,2020-09-29 12:05:43,87.0,87.0,87.0,87.0,87.0,87.0,87.0,87.0,87.0,87.0,87.0,87.0,87.0,87.0,87.0,87.0,87.0,87.0,87.0,87.0,87.0,87.0,87.0,87.0,87.0,87.0,87.0,87.0,70899.0,70899.0,1601381143.0,0.0,0.0,0.0,0.0,0.0,0.0,0.0,51.52212771027805,5.868631213467049,84.57504168087719,142.5570553818129,-6.981555060643276,8.98699892877193,-30.628030609649123,0.4928157264327485,0.0,0.0,0.0,0.0,0.0,0.0,0.0,0.0,1.0,0.0,0.0,0.0116959064327485,0.5321637426900585,0.0,0.4561403508771929,0.0,0.0,0.0,1.0,0.0,0.0
88,2020-09-29 12:05:47,88.0,88.0,88.0,88.0,88.0,88.0,88.0,88.0,88.0,88.0,88.0,88.0,88.0,88.0,88.0,88.0,88.0,88.0,88.0,88.0,88.0,88.0,88.0,88.0,88.0,88.0,88.0,88.0,71576.5,71576.5,1601381147.0,0.0,0.0,0.0,0.0,0.0,0.0,0.0,51.52212771027805,5.868631213467049,83.9883528814881,141.5041806464881,-5.5053691832142855,9.647812012261904,-30.1512391225,0.4772431819047619,0.3066755357142857,0.0349439980357142,0.1785714285714285,-0.9262954166666666,0.0,0.0233749460119047,0.0140249672619047,0.5952380952380952,0.9940476190476192,0.0,0.0059523809523809,0.0238095238095238,0.5535714285714286,0.0,0.4226190476190476,0.0,0.0,0.0,1.0,0.0,0.0
89,2020-09-29 12:05:51,89.0,89.0,89.0,89.0,89.0,89.0,89.0,89.0,89.0,89.0,89.0,89.0,89.0,89.0,89.0,89.0,89.0,89.0,89.0,89.0,89.0,89.0,89.0,89.0,89.0,89.0,89.0,89.0,72217.0,72217.0,1601381151.0,0.0,0.0,0.0,0.0,0.0,0.0,0.0,51.52209730809603,5.868631213467049,81.99687114417219,136.92571835251655,-5.308948167218543,10.33510322576159,-30.45790825125828,0.4912470486754967,0.0,0.0,0.0,0.0,0.0,0.0,0.0,0.0,1.0,0.0,0.0,0.0132450331125827,0.5231788079470199,0.0,0.4635761589403973,0.0,0.0,0.0,1.0,0.0,0.0
90,2020-09-29 12:05:55,90.0,90.0,90.0,90.0,90.0,90.0,90.0,90.0,90.0,90.0,90.0,90.0,90.0,90.0,90.0,90.0,90.0,90.0,90.0,90.0,90.0,90.0,90.0,90.0,90.0,90.0,90.0,90.0,72851.5,72851.5,1601381155.0,0.0,6201.16,-0.1480920410666666,45.52044433593333,0.0794079215333333,-0.6049017816,0.0,51.52198045324192,5.868631213467049,82.06334164546666,132.04849745626666,-4.673710265933333,9.776246118733331,-30.031644642933333,0.4807468014,0.0,0.0,0.0,0.0,0.0,0.0,0.0,0.0,1.0,0.0,0.0,0.02,0.54,0.0,0.44,0.0,0.0,0.0,1.0,0.0,0.0
91,2020-09-29 12:06:00,91.0,91.0,91.0,91.0,91.0,91.0,91.0,91.0,91.0,91.0,91.0,91.0,91.0,91.0,91.0,91.0,91.0,91.0,91.0,91.0,91.0,91.0,91.0,91.0,91.0,91.0,91.0,91.0,73552.0,73552.0,1601381160.0,0.0,0.0,0.0,0.0,0.0,0.0,0.0,51.52201614728417,5.868629485683453,80.47362857712231,143.06751881057554,-5.520077619496403,8.502510864892088,-30.140766884892088,0.4824391858273381,0.0,0.0,0.0,0.0,0.0,0.0,0.0,0.0,1.0,0.0,0.0,0.014388489208633,0.5107913669064749,0.0,0.4748201438848921,0.0,0.0,0.0,1.0,0.0,0.0
92,2020-09-29 12:06:04,92.0,92.0,92.0,92.0,92.0,92.0,92.0,92.0,92.0,92.0,92.0,92.0,92.0,92.0,92.0,92.0,92.0,92.0,92.0,92.0,92.0,92.0,92.0,92.0,92.0,92.0,92.0,92.0,74111.0,74111.0,1601381164.0,0.0,0.0,0.0,0.0,0.0,0.0,0.0,51.52199951771277,5.868555257730496,84.18028306326241,152.12429695035462,-4.45869171929078,9.368716209361702,-30.182754895106385,0.4604535125531915,0.0,0.0,0.0,0.0,0.0,0.0,0.0,0.0,1.0,0.0,0.0,0.0141843971631205,0.5460992907801419,0.0,0.4397163120567376,0.0,0.0,0.0,1.0,0.0,0.0
93,2020-09-29 12:06:08,93.0,93.0,93.0,93.0,93.0,93.0,93.0,93.0,93.0,93.0,93.0,93.0,93.0,93.0,93.0,93.0,93.0,93.0,93.0,93.0,93.0,93.0,93.0,93.0,93.0,93.0,93.0,93.0,74699.0,74699.0,1601381168.0,0.0,0.0,0.0,0.0,0.0,0.0,0.0,51.52198045324192,5.868419019042553,82.32484963475179,153.3851120425532,-6.327642838297873,8.503898602553193,-29.72620621843972,0.4490636606382979,0.3654006382978723,0.0416354019148936,0.2127659574468085,-1.103671134751773,0.0,0.0278509995035461,0.0167105992907801,0.7092198581560284,0.9929078014184396,0.0,0.0070921985815602,0.0283687943262411,0.5886524822695035,0.0,0.3829787234042553,0.0,0.0,0.0,1.0,0.0,0.0
94,2020-09-29 12:06:12,94.0,94.0,94.0,94.0,94.0,94.0,94.0,94.0,94.0,94.0,94.0,94.0,94.0,94.0,94.0,94.0,94.0,94.0,94.0,94.0,94.0,94.0,94.0,94.0,94.0,94.0,94.0,94.0,75288.5,75288.5,1601381172.0,0.0,0.0,0.0,0.0,0.0,0.0,0.0,51.52198045324192,5.868554429107143,79.994399385,149.82435857935715,-3.960028378571428,9.149545891857144,-30.098623793428573,0.4660412415,0.0,0.0,0.0,0.0,0.0,0.0,0.0,0.0,1.0,0.0,0.0,0.0142857142857142,0.6071428571428571,0.0,0.3785714285714285,0.0,0.0,0.0,1.0,0.0,0.0
95,2020-09-29 12:06:17,95.0,95.0,95.0,95.0,95.0,95.0,95.0,95.0,95.0,95.0,95.0,95.0,95.0,95.0,95.0,95.0,95.0,95.0,95.0,95.0,95.0,95.0,95.0,95.0,95.0,95.0,95.0,95.0,76021.0,76021.0,1601381177.0,0.0,0.0,0.0,0.0,0.0,0.0,0.0,51.52198045324192,5.868539239896552,76.61650682924137,143.692742782,-4.550012882551725,9.338422149724138,-30.229572217448272,0.4896694213103448,0.3553206206896552,0.0404868391034482,0.2068965517241379,-1.0732250344827583,0.0,0.0270826960689655,0.0162496172413793,0.6896551724137931,0.993103448275862,0.0,0.0068965517241379,0.0275862068965517,0.5655172413793104,0.0,0.4068965517241379,0.0,0.0,0.0,1.0,0.0,0.0
96,2020-09-29 12:06:21,96.0,96.0,96.0,96.0,96.0,96.0,96.0,96.0,96.0,96.0,96.0,96.0,96.0,96.0,96.0,96.0,96.0,96.0,96.0,96.0,96.0,96.0,96.0,96.0,96.0,96.0,96.0,96.0,76583.5,76583.5,1601381181.0,0.0,0.0,0.0,0.0,0.0,0.0,0.0,51.522002546517854,5.868587321107142,84.09660654514286,152.9304289472143,-3.333040221214286,9.775455628785714,-30.53683433578572,0.5006314260714285,0.0,0.0,0.0,0.0,0.0,0.0,0.0,0.0,1.0,0.0,0.0,0.0142857142857142,0.5642857142857143,0.0,0.4214285714285714,0.0,0.0,0.0,1.0,0.0,0.0
97,2020-09-29 12:06:25,97.0,97.0,97.0,97.0,97.0,97.0,97.0,97.0,97.0,97.0,97.0,97.0,97.0,97.0,97.0,97.0,97.0,97.0,97.0,97.0,97.0,97.0,97.0,97.0,97.0,97.0,97.0,97.0,77173.5,77173.5,1601381185.0,0.0,0.0,0.0,0.0,0.0,0.0,0.0,51.52212771027805,5.86861801640411,86.98417883897261,162.18749535075344,-2.943989608904109,10.067820331643835,-30.29797590589041,0.477141631780822,0.0,0.0,0.0,0.0,0.0,0.0,0.0,0.0,1.0,0.0,0.0,0.0136986301369863,0.5547945205479452,0.0,0.4315068493150685,0.0,0.0,0.0,1.0,0.0,0.0
98,2020-09-29 12:06:29,98.0,98.0,98.0,98.0,98.0,98.0,98.0,98.0,98.0,98.0,98.0,98.0,98.0,98.0,98.0,98.0,98.0,98.0,98.0,98.0,98.0,98.0,98.0,98.0,98.0,98.0,98.0,98.0,77861.0,77861.0,1601381189.0,0.0,0.0,0.0,0.0,0.0,0.0,0.0,51.52212771027805,5.868631213467049,85.26634071878982,151.91199368254777,-3.256718314267516,9.303735698089172,-30.043532499044584,0.467087769299363,0.3281623566878981,0.0373923036305732,0.1910828025477707,-0.9911950955414012,0.0,0.0250126810828025,0.0150076082802547,0.6369426751592356,0.9936305732484076,0.0,0.0063694267515923,0.0254777070063694,0.5477707006369427,0.0,0.4267515923566879,0.0,0.0,0.0,1.0,0.0,0.0
99,2020-09-29 12:06:34,99.0,99.0,99.0,99.0,99.0,99.0,99.0,99.0,99.0,99.0,99.0,99.0,99.0,99.0,99.0,99.0,99.0,99.0,99.0,99.0,99.0,99.0,99.0,99.0,99.0,99.0,99.0,99.0,78695.5,78695.5,1601381194.0,0.0,0.0,0.0,0.0,0.0,0.0,0.0,51.52212771027805,5.868631213467049,81.45130555917808,147.49017633130137,-6.660387283219178,9.640150958424655,-30.741772429589044,0.4629711366438356,0.0,0.0,0.0,0.0,0.0,0.0,0.0,0.0,1.0,0.0,0.0,0.0136986301369863,0.5616438356164384,0.0,0.4246575342465753,0.0,0.0,0.0,1.0,0.0,0.0
100,2020-09-29 12:06:38,100.0,100.0,100.0,100.0,100.0,100.0,100.0,100.0,100.0,100.0,100.0,100.0,100.0,100.0,100.0,100.0,100.0,100.0,100.0,100.0,100.0,100.0,100.0,100.0,100.0,100.0,100.0,100.0,79298.5,79298.5,1601381198.0,0.0,0.0,0.0,0.0,0.0,0.0,0.0,51.52209193185856,5.868631213467049,83.62664191657895,150.0581021686842,-4.340402635855263,9.339135607763158,-30.345668617368418,0.4598147930263158,0.3389571710526315,0.038622313618421,0.1973684210526315,-1.023800197368421,0.0,0.0258354666447368,0.0155012796052631,0.6578947368421053,0.993421052631579,0.0,0.006578947368421,0.0263157894736842,0.5460526315789473,0.0,0.4276315789473684,0.0,0.0,0.0,1.0,0.0,0.0
101,2020-09-29 12:06:46,101.0,101.0,101.0,101.0,101.0,101.0,101.0,101.0,101.0,101.0,101.0,101.0,101.0,101.0,101.0,101.0,101.0,101.0,101.0,101.0,101.0,101.0,101.0,101.0,101.0,101.0,101.0,101.0,80442.5,80442.5,1601381206.0,0.0,0.0,0.0,0.0,0.0,0.0,0.0,51.52209103003425,5.868631213467049,80.14150325047946,158.89808878554797,-5.850660835616439,9.36826501458904,-30.52963868267124,0.5016763073972602,0.0,0.0,0.0,0.0,0.0,0.0,0.0,0.0,1.0,0.0,0.0,0.0136986301369863,0.5205479452054794,0.0,0.4657534246575342,0.0,0.0,0.0,1.0,0.0,0.0
102,2020-09-29 12:06:51,102.0,102.0,102.0,102.0,102.0,102.0,102.0,102.0,102.0,102.0,102.0,102.0,102.0,102.0,102.0,102.0,102.0,102.0,102.0,102.0,102.0,102.0,102.0,102.0,102.0,102.0,102.0,102.0,81188.0,81188.0,1601381211.0,0.0,0.0,0.0,0.0,0.0,0.0,0.0,51.522087607500005,5.868631213467049,79.72743160210192,143.79183690267516,-6.663065058280255,8.819829375859873,-30.792697760764334,0.4847872603184713,0.0,0.0,0.0,0.0,0.0,0.0,0.0,0.0,1.0,0.0,0.0,0.0127388535031847,0.5286624203821656,0.0,0.4585987261146497,0.0,0.0,0.0,1.0,0.0,0.0
103,2020-09-29 12:06:55,103.0,103.0,103.0,103.0,103.0,103.0,103.0,103.0,103.0,103.0,103.0,103.0,103.0,103.0,103.0,103.0,103.0,103.0,103.0,103.0,103.0,103.0,103.0,103.0,103.0,103.0,103.0,103.0,81822.5,81822.5,1601381215.0,0.0,0.0,0.0,0.0,0.0,0.0,0.0,51.52211907783951,5.868631213467049,86.6956956795679,135.9875432588889,-3.547226380802469,8.446368109876543,-31.05608772932099,0.4827618694444444,0.0,0.0,0.0,0.0,0.0,0.0,0.0,0.0,1.0,0.0,0.0,0.0123456790123456,0.5308641975308642,0.0,0.4567901234567901,0.0,0.0,0.0,1.0,0.0,0.0
104,2020-09-29 12:06:59,104.0,104.0,104.0,104.0,104.0,104.0,104.0,104.0,104.0,104.0,104.0,104.0,104.0,104.0,104.0,104.0,104.0,104.0,104.0,104.0,104.0,104.0,104.0,104.0,104.0,104.0,104.0,104.0,82480.5,82480.5,1601381219.0,0.0,0.0,0.0,0.0,0.0,0.0,0.0,51.52212771027805,5.868631213467049,89.23002432582354,154.23625225611764,-1.7690131104705884,8.092518583,-30.548130461705885,0.4681615746470588,0.3030675882352941,0.0345328921764705,0.1764705882352941,-0.9153978235294116,0.0,0.0230999466470588,0.0138599676470588,0.5882352941176471,0.9941176470588236,0.0,0.0058823529411764,0.0235294117647058,0.5411764705882353,0.0,0.4352941176470588,0.0,0.0,0.0,1.0,0.0,0.0
105,2020-09-29 12:07:03,105.0,105.0,105.0,105.0,105.0,105.0,105.0,105.0,105.0,105.0,105.0,105.0,105.0,105.0,105.0,105.0,105.0,105.0,105.0,105.0,105.0,105.0,105.0,105.0,105.0,105.0,105.0,105.0,83165.0,83165.0,1601381223.0,0.0,0.0,0.0,0.0,0.0,0.0,0.0,51.52212771027805,5.868631213467049,93.39062481035502,152.40294260384616,-2.8640424866272185,8.87335618556213,-30.95409072775148,0.4665539155621301,0.0,0.0,0.0,0.0,0.0,0.0,0.0,0.0,1.0,0.0,0.0,0.0118343195266272,0.5739644970414202,0.0,0.4142011834319526,0.0,0.0,0.0,1.0,0.0,0.0
106,2020-09-29 12:07:08,106.0,106.0,106.0,106.0,106.0,106.0,106.0,106.0,106.0,106.0,106.0,106.0,106.0,106.0,106.0,106.0,106.0,106.0,106.0,106.0,106.0,106.0,106.0,106.0,106.0,106.0,106.0,106.0,83996.5,83996.5,1601381228.0,0.0,0.0,0.0,0.0,0.0,0.0,0.0,51.52212771027805,5.868596625640244,91.77203791615854,139.53016673060975,-3.580572832560976,9.25100755597561,-30.797991193963416,0.4593773129878049,0.3141554268292683,0.0357962906707317,0.1829268292682926,-0.948887987804878,0.0,0.0239450666463414,0.0143670396341463,0.6097560975609756,0.9939024390243902,0.0,0.0060975609756097,0.024390243902439,0.573170731707317,0.0,0.4024390243902439,0.0,0.0,0.0,1.0,0.0,0.0
107,2020-09-29 12:07:12,107.0,107.0,107.0,107.0,107.0,107.0,107.0,107.0,107.0,107.0,107.0,107.0,107.0,107.0,107.0,107.0,107.0,107.0,107.0,107.0,107.0,107.0,107.0,107.0,107.0,107.0,107.0,107.0,84594.5,84594.5,1601381232.0,0.0,0.0,0.0,0.0,0.0,0.0,0.0,51.52207703557144,5.868494635535715,88.34736194107143,141.45831057314285,-2.5204022415,9.913173686428571,-30.823333849642857,0.4779349922142857,0.0,0.0,0.0,0.0,0.0,0.0,0.0,0.0,1.0,0.0,0.0,0.0142857142857142,0.5571428571428572,0.0,0.4285714285714285,0.0,0.0,0.0,1.0,0.0,0.0
108,2020-09-29 12:07:16,108.0,108.0,108.0,108.0,108.0,108.0,108.0,108.0,108.0,108.0,108.0,108.0,108.0,108.0,108.0,108.0,108.0,108.0,108.0,108.0,108.0,108.0,108.0,108.0,108.0,108.0,108.0,108.0,85208.5,85208.5,1601381236.0,0.0,0.0,0.0,0.0,0.0,0.0,0.0,51.52206909198944,5.868566051373239,83.8725032912676,143.82007225359155,-4.971549906619718,9.64731523387324,-30.07694110070423,0.4755050185211267,0.0,0.0,0.0,0.0,0.0,0.0,0.0,0.0,1.0,0.0,0.0,0.0140845070422535,0.5704225352112676,0.0,0.4154929577464789,0.0,0.0,0.0,1.0,0.0,0.0
109,2020-09-29 12:07:20,109.0,109.0,109.0,109.0,109.0,109.0,109.0,109.0,109.0,109.0,109.0,109.0,109.0,109.0,109.0,109.0,109.0,109.0,109.0,109.0,109.0,109.0,109.0,109.0,109.0,109.0,109.0,109.0,85782.0,85782.0,1601381240.0,0.0,0.0,0.0,0.0,0.0,0.0,0.0,51.522066176615645,5.868631213467049,79.04312668517007,146.29697498333334,-4.304320440136054,8.572833524965986,-29.600108218367343,0.4706723836734694,0.3504863265306122,0.039935997755102,0.2040816326530612,-1.0586233333333332,0.0,0.0267142240136054,0.0160285340136054,0.6802721088435374,0.9931972789115646,0.0,0.0068027210884353,0.0272108843537414,0.5510204081632653,0.0,0.4217687074829932,0.0,0.0,0.0,1.0,0.0,0.0
110,2020-09-29 12:07:25,110.0,110.0,110.0,110.0,110.0,110.0,110.0,110.0,110.0,110.0,110.0,110.0,110.0,110.0,110.0,110.0,110.0,110.0,110.0,110.0,110.0,110.0,110.0,110.0,110.0,110.0,110.0,110.0,86494.0,86494.0,1601381245.0,0.0,0.0,0.0,0.0,0.0,0.0,0.0,51.52212771027805,5.868515671148148,83.12297939762963,143.58473968851854,-1.9040998423703703,9.01738187348148,-29.722917966962964,0.5010468899259258,0.0,0.0,0.0,0.0,0.0,0.0,0.0,0.0,1.0,0.0,0.0,0.0148148148148148,0.5185185185185185,0.0074074074074074,0.4592592592592592,0.0,0.0,0.0,1.0,0.0,0.0
111,2020-09-29 12:07:29,111.0,111.0,111.0,111.0,111.0,111.0,111.0,111.0,111.0,111.0,111.0,111.0,111.0,111.0,111.0,111.0,111.0,111.0,111.0,111.0,111.0,111.0,111.0,111.0,111.0,111.0,111.0,111.0,87040.5,87040.5,1601381249.0,0.0,0.0,0.0,0.0,0.0,0.0,0.0,51.52210916423913,5.868468833478261,85.03381360231884,141.49807019514495,-6.284562563623188,8.577528594927537,-29.423121963913044,0.4886735173188406,0.3733441304347826,0.042540519347826,0.217391304347826,-1.1276639855072463,0.0,0.0284564560144927,0.0170738731884057,0.7246376811594203,0.9927536231884058,0.0,0.0072463768115942,0.0289855072463768,0.5434782608695652,0.0072463768115942,0.4202898550724637,0.0,0.0,0.0,1.0,0.0,0.0
112,2020-09-29 12:07:33,112.0,112.0,112.0,112.0,112.0,112.0,112.0,112.0,112.0,112.0,112.0,112.0,112.0,112.0,112.0,112.0,112.0,112.0,112.0,112.0,112.0,112.0,112.0,112.0,112.0,112.0,112.0,112.0,87590.0,87590.0,1601381253.0,0.0,0.0,0.0,0.0,0.0,0.0,0.0,51.52201472987226,5.868571206131387,84.37961933262774,143.93002328737225,-6.051648736496349,8.911513334160583,-29.866484203795626,0.5082551967153285,0.0,0.0,0.0,0.0,0.0,0.0,0.0,0.0,1.0,0.0,0.0,0.0145985401459854,0.5182481751824818,0.0072992700729927,0.4598540145985401,0.0,0.0,0.0,1.0,0.0,0.0
113,2020-09-29 12:07:37,113.0,113.0,113.0,113.0,113.0,113.0,113.0,113.0,113.0,113.0,113.0,113.0,113.0,113.0,113.0,113.0,113.0,113.0,113.0,113.0,113.0,113.0,113.0,113.0,113.0,113.0,113.0,113.0,88125.0,88125.0,1601381257.0,0.0,0.0,0.0,0.0,0.0,0.0,0.0,51.52198045324192,5.868631213467049,78.08858054075189,146.99216411,-5.44597442150376,9.173351012030077,-30.62322547774436,0.4961321168421052,0.0,0.0,0.0,0.0,0.0,0.0,0.0,0.0,1.0,0.0,0.0,0.0150375939849624,0.518796992481203,0.0,0.4661654135338345,0.0,0.0,0.0,1.0,0.0,0.0
114,2020-09-29 12:07:46,114.0,114.0,114.0,114.0,114.0,114.0,114.0,114.0,114.0,114.0,114.0,114.0,114.0,114.0,114.0,114.0,114.0,114.0,114.0,114.0,114.0,114.0,114.0,114.0,114.0,114.0,114.0,114.0,89406.0,89406.0,1601381266.0,0.0,0.0,0.0,0.0,0.0,0.0,0.0,51.52198045324192,5.868487429724138,90.17878180593102,150.13790521068964,-3.24341892724138,8.88920742372414,-30.139680454413792,0.4496498266896551,0.0,0.0,0.0,0.0,0.0,0.0,0.0,0.0,1.0,0.0,0.0,0.0137931034482758,0.5793103448275863,0.0,0.4068965517241379,0.0,0.0,0.0,1.0,0.0,0.0
115,2020-09-29 12:07:50,115.0,115.0,115.0,115.0,115.0,115.0,115.0,115.0,115.0,115.0,115.0,115.0,115.0,115.0,115.0,115.0,115.0,115.0,115.0,115.0,115.0,115.0,115.0,115.0,115.0,115.0,115.0,115.0,89967.5,89967.5,1601381270.0,0.0,0.0,0.0,0.0,0.0,0.0,0.0,51.52198045324192,5.868425419782608,88.31672880543478,137.0159134297826,-0.9812788592753622,9.121780518405796,-29.92598254456522,0.4573367903623188,0.3733441304347826,0.042540519347826,0.217391304347826,-1.1276639855072463,0.0,0.0284564560144927,0.0170738731884057,0.7246376811594203,0.9927536231884058,0.0,0.0072463768115942,0.0289855072463768,0.5579710144927537,0.0,0.4130434782608695,0.0,0.0,0.0,1.0,0.0,0.0
116,2020-09-29 12:07:54,116.0,116.0,116.0,116.0,116.0,116.0,116.0,116.0,116.0,116.0,116.0,116.0,116.0,116.0,116.0,116.0,116.0,116.0,116.0,116.0,116.0,116.0,116.0,116.0,116.0,116.0,116.0,116.0,90528.5,90528.5,1601381274.0,0.0,0.0,0.0,0.0,0.0,0.0,0.0,51.522057824665495,5.868506281161972,86.46755584274648,146.92046331042252,-4.500002301760564,9.836858278450704,-29.958545899647888,0.4785825759154929,0.0,0.0,0.0,0.0,0.0,0.0,0.0,0.0,1.0,0.0,0.0,0.0140845070422535,0.5563380281690141,0.0,0.4295774647887324,0.0,0.0,0.0,1.0,0.0,0.0
117,2020-09-29 12:07:59,117.0,117.0,117.0,117.0,117.0,117.0,117.0,117.0,117.0,117.0,117.0,117.0,117.0,117.0,117.0,117.0,117.0,117.0,117.0,117.0,117.0,117.0,117.0,117.0,117.0,117.0,117.0,117.0,91251.5,91251.5,1601381279.0,0.0,0.0,0.0,0.0,0.0,0.0,0.0,51.52212771027805,5.868631213467049,82.13327960114864,150.2274344631081,-1.4749310081756757,9.938747062094595,-29.635583052702703,0.491390181081081,0.3481181756756756,0.0396661599324324,0.2027027027027027,-1.051470472972973,0.0,0.0265337225,0.0159202331081081,0.6756756756756757,0.9932432432432432,0.0,0.0067567567567567,0.027027027027027,0.5337837837837838,0.0,0.4391891891891892,0.0,0.0,0.0,1.0,0.0,0.0
118,2020-09-29 12:08:03,118.0,118.0,118.0,118.0,118.0,118.0,118.0,118.0,118.0,118.0,118.0,118.0,118.0,118.0,118.0,118.0,118.0,118.0,118.0,118.0,118.0,118.0,118.0,118.0,118.0,118.0,118.0,118.0,91951.5,91951.5,1601381283.0,0.0,0.0,0.0,0.0,0.0,0.0,0.0,51.52207025016892,5.868631213467049,80.90940422574324,173.11723898891893,-3.247199162567567,10.675098373445945,-30.32804050972973,0.4873602977702702,0.0,0.0,0.0,0.0,0.0,0.0,0.0,0.0,1.0,0.0,0.0,0.0135135135135135,0.5472972972972973,0.0,0.4391891891891892,0.0,0.0,0.0,1.0,0.0,0.0
119,2020-09-29 12:08:07,119.0,119.0,119.0,119.0,119.0,119.0,119.0,119.0,119.0,119.0,119.0,119.0,119.0,119.0,119.0,119.0,119.0,119.0,119.0,119.0,119.0,119.0,119.0,119.0,119.0,119.0,119.0,119.0,92570.5,92570.5,1601381287.0,0.0,7554.060606060606,-0.5581255247727273,1.1062021128787878,-0.007884151590909,0.1017110400757575,0.0,51.52198045324192,5.868631213467049,77.40238132977272,166.81037522075758,-5.021344023787878,10.9255594975,-30.51139955787879,0.5008588137121213,0.0,0.0,0.0,0.0,0.0,0.0,0.0,0.0,1.0,0.0,0.0,0.0151515151515151,0.553030303030303,0.0,0.4242424242424242,0.0075757575757575,0.0,0.0,0.9924242424242424,0.0,0.0
120,2020-09-29 12:08:12,120.0,120.0,120.0,120.0,120.0,120.0,120.0,120.0,120.0,120.0,120.0,120.0,120.0,120.0,120.0,120.0,120.0,120.0,120.0,120.0,120.0,120.0,120.0,120.0,120.0,120.0,120.0,120.0,93298.0,93298.0,1601381292.0,0.0,3292.271523178808,-0.0260245215894039,1.8342438754966883,-0.0007055477483443,1.1308754094039737,0.0,51.52198045324192,5.868631213467049,77.99838739907284,178.85464815251655,-4.396809687218543,11.643483976754966,-30.373137998675496,0.4709018742384105,0.0,0.0,0.0,0.0,0.0,0.0,0.0,0.0,1.0,0.0,0.0,0.0132450331125827,0.543046357615894,0.0066225165562913,0.4304635761589404,0.0,0.0066225165562913,0.0,0.9933774834437086,0.0,0.0
121,2020-09-29 12:08:16,121.0,121.0,121.0,121.0,121.0,121.0,121.0,121.0,121.0,121.0,121.0,121.0,121.0,121.0,121.0,121.0,121.0,121.0,121.0,121.0,121.0,121.0,121.0,121.0,121.0,121.0,121.0,121.0,93928.0,93928.0,1601381296.0,0.0,6231.099378881988,0.1270111747204969,5.341324231614906,0.0009797098757763,-0.4500977914285715,0.0,51.52198045324192,5.868631213467049,81.98282848298136,169.51951681906834,-1.169643582857143,12.174294628757764,-30.05994673534161,0.5038237855900621,0.0,0.0,0.0,0.0,0.0,0.0,0.0,0.0,1.0,0.0,0.0,0.0124223602484472,0.5341614906832298,0.0,0.4472049689440994,0.0,0.0062111801242236,0.0,0.9937888198757764,0.0,0.0
122,2020-09-29 12:08:20,122.0,122.0,122.0,122.0,122.0,122.0,122.0,122.0,122.0,122.0,122.0,122.0,122.0,122.0,122.0,122.0,122.0,122.0,122.0,122.0,122.0,122.0,122.0,122.0,122.0,122.0,122.0,122.0,94602.5,94602.5,1601381300.0,0.0,126931.0,-10.21767807,59.000637055,0.0779347325,-5.7169069975,0.0,51.52198045324192,5.868238328113845,0.0,0.0,0.0,0.0,0.0,0.0,12.8803725,1.4676479175,7.5,-38.9044075,0.0,0.9817477325,0.589048625,25.0,0.75,0.0,0.25,1.0,0.0,0.0,0.0,0.0,0.0,0.0,1.0,0.0,0.0
123,2020-09-29 12:08:24,123.0,123.0,123.0,123.0,123.0,123.0,123.0,123.0,123.0,123.0,123.0,123.0,123.0,123.0,123.0,123.0,123.0,123.0,123.0,123.0,123.0,123.0,123.0,123.0,123.0,123.0,123.0,123.0,95200.5,95200.5,1601381304.0,0.0,254948.0,7.413597105,163.824127195,0.506125875,-21.366700045,0.0,51.52198045324192,5.868238328113845,0.0,0.0,0.0,0.0,0.0,0.0,0.0,0.0,0.0,0.0,0.0,0.0,0.0,0.0,1.0,0.0,0.0,1.0,0.0,0.0,0.0,0.0,0.0,0.0,1.0,0.0,0.0
124,2020-09-29 12:08:29,124.0,124.0,124.0,124.0,124.0,124.0,124.0,124.0,124.0,124.0,124.0,124.0,124.0,124.0,124.0,124.0,124.0,124.0,124.0,124.0,124.0,124.0,124.0,124.0,124.0,124.0,124.0,124.0,96288.0,96288.0,1601381309.0,0.0,292871.2403100775,-4.754131839483204,1013.1982577826874,19.912701873875967,-47.307842938346255,0.0,51.52198045324192,5.868238328113845,30.570621872868216,68.50437127521964,0.5208981259689922,5.862280456976744,-12.268834146098191,0.2081101571317829,0.133130465116279,0.0151694875193798,0.0775193798449612,-0.4021127390180878,0.0,0.0101472633850129,0.0060883578811369,0.2583979328165374,0.9974160206718348,0.0,0.0025839793281653,0.5839793281653747,0.2299741602067183,0.0025839793281653,0.1808785529715762,0.0,0.0025839793281653,0.0,0.9974160206718348,0.0,0.0
125,2020-09-29 12:08:33,125.0,125.0,125.0,125.0,125.0,125.0,125.0,125.0,125.0,125.0,125.0,125.0,125.0,125.0,125.0,125.0,125.0,125.0,125.0,125.0,125.0,125.0,125.0,125.0,125.0,125.0,125.0,125.0,97208.0,97208.0,1601381313.0,0.0,47530.40331491713,0.4499778959116022,233.2766925960221,3.887833661823204,-13.28545039038674,0.0,51.52198045324192,5.868426900165745,67.23384251834254,150.44807586889502,1.8071679441988948,12.933263383038671,-26.883292245524864,0.4699595788950276,0.0,0.0,0.0,0.0,0.0,0.0,0.0,0.0,1.0,0.0,0.0,0.0939226519337016,0.4861878453038674,0.005524861878453,0.4033149171270718,0.0,0.005524861878453,0.005524861878453,0.994475138121547,0.0,0.0
126,2020-09-29 12:08:37,126.0,126.0,126.0,126.0,126.0,126.0,126.0,126.0,126.0,126.0,126.0,126.0,126.0,126.0,126.0,126.0,126.0,126.0,126.0,126.0,126.0,126.0,126.0,126.0,126.0,126.0,126.0,126.0,98066.0,98066.0,1601381317.0,0.0,120930.64651162791,-4.131290595581395,460.32913520302327,1.4181102382790696,-6.8127709015348845,0.0,51.52198045324192,5.868238328113845,55.83095845348837,120.43584585297674,0.2829737283255814,10.909461576744189,-22.87523675948837,0.4144765531627907,0.0,0.0,0.0,0.0,0.0,0.0,0.0,0.0,1.0,0.0,0.0,0.2372093023255814,0.3720930232558139,0.0046511627906976,0.3813953488372093,0.0,0.0046511627906976,0.0,0.9953488372093025,0.0,0.0
