TrackDateTimeUTC,TrackID,TrackPositionLatitude,TrackPositionLongitude,TrackPositionAltitude,TrackPositionSpeed,TrackClassification,TrackIdentification,TrackSource
2020-09-30 13:04:06,2,51.519772,5.858767,50.739834,10.666374,Mavic Pro,DRONE,Arcus
2020-09-30 13:04:06,2,51.519772,5.858767,50.739834,10.666374,Mavic Pro,DRONE,Arcus
2020-09-30 13:04:06,2,51.519772,5.858767,50.739834,10.666374,Mavic Pro,DRONE,Arcus
2020-09-30 13:04:06,2,51.519772,5.858767,50.739834,10.666374,Mavic Pro,DRONE,Arcus
2020-09-30 13:04:06,2,51.519772,5.858767,50.739834,10.666374,Mavic Pro,DRONE,Arcus
2020-09-30 13:04:06,2,51.519772,5.858767,50.739834,10.666374,Mavic Pro,DRONE,Arcus
2020-09-30 13:04:07,2,51.519813,5.858728,52.466962,10.602203,Mavic Pro,DRONE,Arcus
2020-09-30 13:04:08,2,51.519854,5.858749,50.184214,10.739940,Mavic Pro,DRONE,Arcus
2020-09-30 13:04:10,2,51.519813,5.858728,51.750952,10.602203,Mavic Pro,DRONE,Arcus
2020-09-30 13:04:12,0,51.519868,5.858999,50.522902,10.796770,UNKNOWN,UNKNOWN,Arcus
2020-09-30 13:04:12,0,51.519868,5.858999,50.522902,10.796770,UNKNOWN,UNKNOWN,Arcus
2020-09-30 13:04:12,0,51.519868,5.858999,50.522902,10.796770,UNKNOWN,UNKNOWN,Arcus
2020-09-30 13:04:13,0,51.519813,5.858728,49.058984,10.602203,UNKNOWN,UNKNOWN,Arcus
2020-09-30 13:04:15,1,51.519868,5.858999,48.673334,10.796770,Mavic 2,DRONE,Arcus
2020-09-30 13:04:15,0,51.519868,5.858999,48.673334,10.796770,UNKNOWN,UNKNOWN,Arcus
2020-09-30 13:04:15,1,51.519868,5.858999,48.673334,10.796770,Mavic 2,DRONE,Arcus
2020-09-30 13:04:17,2,51.519868,5.858999,48.952104,10.796770,Mavic Pro,DRONE,Arcus
2020-09-30 13:04:17,2,51.519868,5.858999,48.952104,10.796770,Mavic Pro,DRONE,Arcus
2020-09-30 13:04:17,2,51.519868,5.858999,48.952104,10.796770,Mavic Pro,DRONE,Arcus
2020-09-30 13:04:17,2,51.519868,5.858999,48.952104,10.796770,Mavic Pro,DRONE,Arcus
2020-09-30 13:04:18,0,51.519854,5.858749,47.869764,10.739940,UNKNOWN,UNKNOWN,Arcus
2020-09-30 13:04:18,0,51.519854,5.858749,47.869764,10.739940,UNKNOWN,UNKNOWN,Arcus
2020-09-30 13:04:18,0,51.519854,5.858749,47.869764,10.739940,UNKNOWN,UNKNOWN,Arcus
2020-09-30 13:04:18,0,51.519854,5.858749,47.869764,10.739940,UNKNOWN,UNKNOWN,Arcus
2020-09-30 13:04:19,0,51.519780,5.858460,51.498702,10.534878,UNKNOWN,UNKNOWN,Arcus
2020-09-30 13:04:19,0,51.519780,5.858460,51.498702,10.534878,UNKNOWN,UNKNOWN,Arcus
2020-09-30 13:04:19,0,51.519780,5.858460,51.498702,10.534878,UNKNOWN,UNKNOWN,Arcus
2020-09-30 13:04:21,1,51.519854,5.858749,49.710084,10.739940,Mavic 2,DRONE,Arcus
2020-09-30 13:04:21,0,51.519854,5.858749,49.710084,10.739940,UNKNOWN,UNKNOWN,Arcus
2020-09-30 13:04:22,0,51.519780,5.858460,49.844434,10.534878,UNKNOWN,UNKNOWN,Arcus
2020-09-30 13:04:24,0,51.519854,5.858749,49.480622,10.739940,UNKNOWN,UNKNOWN,Arcus
2020-09-30 13:04:24,0,51.519854,5.858749,49.480622,10.739940,UNKNOWN,UNKNOWN,Arcus
2020-09-30 13:04:24,0,51.519854,5.858749,49.480622,10.739940,UNKNOWN,UNKNOWN,Arcus
2020-09-30 13:04:26,1,51.519868,5.858999,50.149044,10.796770,Mavic 2,DRONE,Arcus
2020-09-30 13:04:26,0,51.519868,5.858999,50.149044,10.796770,UNKNOWN,UNKNOWN,Arcus
2020-09-30 13:04:27,0,51.519868,5.858999,50.699882,10.796770,UNKNOWN,UNKNOWN,Arcus
2020-09-30 13:04:29,0,51.519868,5.858999,51.234642,10.796770,UNKNOWN,UNKNOWN,Arcus
2020-09-30 13:04:29,0,51.519868,5.858999,51.234642,10.796770,UNKNOWN,UNKNOWN,Arcus
2020-09-30 13:04:29,0,51.519868,5.858999,51.234642,10.796770,UNKNOWN,UNKNOWN,Arcus
2020-09-30 13:04:29,0,51.519868,5.858999,51.234642,10.796770,UNKNOWN,UNKNOWN,Arcus
2020-09-30 13:04:29,0,51.519868,5.858999,51.234642,10.796770,UNKNOWN,UNKNOWN,Arcus
2020-09-30 13:04:30,2,51.519868,5.858999,51.499832,10.796770,Mavic Pro,DRONE,Arcus
2020-09-30 13:04:30,2,51.519868,5.858999,51.499832,10.796770,Mavic Pro,DRONE,Arcus
2020-09-30 13:04:30,2,51.519868,5.858999,51.499832,10.796770,Mavic Pro,DRONE,Arcus
2020-09-30 13:04:32,2,51.519868,5.858999,51.930312,10.796770,Mavic Pro,DRONE,Arcus
2020-09-30 13:04:33,2,51.519868,5.858999,51.635322,10.796770,Mavic Pro,DRONE,Arcus
2020-09-30 13:04:33,2,51.519868,5.858999,51.635322,10.796770,Mavic Pro,DRONE,Arcus
2020-09-30 13:04:33,2,51.519868,5.858999,51.635322,10.796770,Mavic Pro,DRONE,Arcus
2020-09-30 13:04:34,2,51.519813,5.858728,51.289772,10.602203,Mavic Pro,DRONE,Arcus
2020-09-30 13:04:35,2,51.519772,5.858767,50.643562,10.666374,Mavic Pro,DRONE,Arcus
2020-09-30 13:04:35,0,51.519772,5.858767,50.643562,10.666374,UNKNOWN,UNKNOWN,Arcus
2020-09-30 13:04:36,2,51.520371,5.859405,49.665712,10.751135,Mavic Pro,DRONE,Arcus
2020-09-30 13:04:38,2,51.519983,5.860864,51.188492,11.045200,Mavic Pro,DRONE,Arcus
2020-09-30 13:04:39,2,51.519784,5.858573,49.785862,10.632061,Mavic Pro,DRONE,Arcus
2020-09-30 13:04:39,2,51.519784,5.858573,49.785862,10.632061,Mavic Pro,DRONE,Arcus
2020-09-30 13:04:39,2,51.519784,5.858573,49.785862,10.632061,Mavic Pro,DRONE,Arcus
2020-09-30 13:04:41,2,51.520261,5.859178,50.045972,10.903878,Mavic Pro,DRONE,Arcus
2020-09-30 13:04:42,2,51.519759,5.858517,48.786962,10.609543,Mavic Pro,DRONE,Arcus
2020-09-30 13:04:42,2,51.519759,5.858517,48.786962,10.609543,Mavic Pro,DRONE,Arcus
2020-09-30 13:04:42,2,51.519759,5.858517,48.786962,10.609543,Mavic Pro,DRONE,Arcus
2020-09-30 13:04:43,0,51.520020,5.858258,48.377832,10.515555,UNKNOWN,UNKNOWN,Arcus
2020-09-30 13:04:45,2,51.520404,5.859329,50.036222,11.159617,Mavic Pro,DRONE,Arcus
2020-09-30 13:04:45,2,51.520404,5.859329,50.036222,11.159617,Mavic Pro,DRONE,Arcus
2020-09-30 13:04:45,0,51.520404,5.859329,50.036222,11.159617,UNKNOWN,UNKNOWN,Arcus
2020-09-30 13:04:46,0,51.520081,5.858652,50.034152,11.015227,UNKNOWN,UNKNOWN,Arcus
2020-09-30 13:04:47,0,51.520420,5.858993,50.036222,11.159617,UNKNOWN,UNKNOWN,Arcus
2020-09-30 13:04:47,0,51.520420,5.858993,50.036222,11.159617,UNKNOWN,UNKNOWN,Arcus
2020-09-30 13:04:47,0,51.520420,5.858993,50.036222,11.159617,UNKNOWN,UNKNOWN,Arcus
2020-09-30 13:04:47,0,51.520420,5.858993,50.036222,11.159617,UNKNOWN,UNKNOWN,Arcus
2020-09-30 13:04:48,0,51.520942,5.861749,49.875762,11.487113,UNKNOWN,UNKNOWN,Arcus
2020-09-30 13:04:48,0,51.520942,5.861749,49.875762,11.487113,UNKNOWN,UNKNOWN,Arcus
2020-09-30 13:04:48,0,51.520942,5.861749,49.875762,11.487113,UNKNOWN,UNKNOWN,Arcus
2020-09-30 13:04:48,0,51.520942,5.861749,49.875762,11.487113,UNKNOWN,UNKNOWN,Arcus
2020-09-30 13:04:48,0,51.520942,5.861749,49.875762,11.487113,UNKNOWN,UNKNOWN,Arcus
2020-09-30 13:04:48,0,51.520942,5.861749,49.875762,11.487113,UNKNOWN,UNKNOWN,Arcus
2020-09-30 13:04:51,0,51.520327,5.859110,48.937482,11.008341,UNKNOWN,UNKNOWN,Arcus
2020-09-30 13:04:51,0,51.520327,5.859110,48.937482,11.008341,UNKNOWN,UNKNOWN,Arcus
2020-09-30 13:04:51,0,51.520327,5.859110,48.937482,11.008341,UNKNOWN,UNKNOWN,Arcus
2020-09-30 13:04:54,4,51.520602,5.861138,48.667052,11.524354,Professional V2,DRONE,Arcus
2020-09-30 13:04:54,0,51.520602,5.861138,48.667052,11.524354,UNKNOWN,UNKNOWN,Arcus
2020-09-30 13:04:54,4,51.520602,5.861138,48.667052,11.524354,Professional V2,DRONE,Arcus
2020-09-30 13:04:56,0,51.520435,5.860925,49.367052,11.330769,UNKNOWN,UNKNOWN,Arcus
2020-09-30 13:04:57,2,51.520415,5.860680,50.457901,11.489305,Mavic Pro,DRONE,Arcus
2020-09-30 13:04:57,0,51.520415,5.860680,50.457901,11.489305,UNKNOWN,UNKNOWN,Arcus
2020-09-30 13:04:57,0,51.520415,5.860680,50.457901,11.489305,UNKNOWN,UNKNOWN,Arcus
2020-09-30 13:04:58,0,51.520359,5.860721,48.982312,11.129548,UNKNOWN,UNKNOWN,Arcus
2020-09-30 13:05:00,0,51.520544,5.860828,51.128412,11.390015,UNKNOWN,UNKNOWN,Arcus
2020-09-30 13:05:00,2,51.520544,5.860828,51.128412,11.390015,Mavic Pro,DRONE,Arcus
2020-09-30 13:05:00,2,51.520544,5.860828,51.128412,11.390015,Mavic Pro,DRONE,Arcus
2020-09-30 13:05:02,0,51.520459,5.859515,49.903302,11.006918,UNKNOWN,UNKNOWN,Arcus
2020-09-30 13:05:03,0,51.520304,5.860575,49.557752,11.246007,UNKNOWN,UNKNOWN,Arcus
2020-09-30 13:05:03,0,51.520304,5.860575,49.557752,11.246007,UNKNOWN,UNKNOWN,Arcus
2020-09-30 13:05:03,0,51.520304,5.860575,49.557752,11.246007,UNKNOWN,UNKNOWN,Arcus
2020-09-30 13:05:05,2,51.520106,5.859097,51.295022,11.006386,Mavic Pro,DRONE,Arcus
2020-09-30 13:05:06,0,51.520486,5.860991,51.044952,11.330769,UNKNOWN,UNKNOWN,Arcus
2020-09-30 13:05:06,0,51.520486,5.860991,51.044952,11.330769,UNKNOWN,UNKNOWN,Arcus
2020-09-30 13:05:06,0,51.520486,5.860991,51.044952,11.330769,UNKNOWN,UNKNOWN,Arcus
2020-09-30 13:05:07,2,51.519675,5.858493,50.000002,10.383507,Mavic Pro,DRONE,Arcus
2020-09-30 13:05:09,2,51.519772,5.858767,50.560852,10.666374,Mavic Pro,DRONE,Arcus
2020-09-30 13:05:09,4,51.519772,5.858767,50.560852,10.666374,Professional V2,DRONE,Arcus
2020-09-30 13:05:09,4,51.519772,5.858767,50.560852,10.666374,Professional V2,DRONE,Arcus
2020-09-30 13:05:10,2,51.519686,5.858504,49.418572,10.384982,Mavic Pro,DRONE,Arcus
2020-09-30 13:05:11,0,51.519998,5.859041,49.772682,11.131173,UNKNOWN,UNKNOWN,Arcus
2020-09-30 13:05:15,0,51.520176,5.858727,50.599482,10.632061,UNKNOWN,UNKNOWN,Arcus
2020-09-30 13:05:15,0,51.520176,5.858727,50.599482,10.632061,UNKNOWN,UNKNOWN,Arcus
2020-09-30 13:05:17,0,51.520415,5.859227,49.223692,11.214511,UNKNOWN,UNKNOWN,Arcus
2020-09-30 13:05:17,0,51.520415,5.859227,49.223692,11.214511,UNKNOWN,UNKNOWN,Arcus
2020-09-30 13:05:17,0,51.520415,5.859227,49.223692,11.214511,UNKNOWN,UNKNOWN,Arcus
2020-09-30 13:05:18,0,51.520573,5.859654,50.230512,11.181664,UNKNOWN,UNKNOWN,Arcus
2020-09-30 13:05:18,0,51.520573,5.859654,50.230512,11.181664,UNKNOWN,UNKNOWN,Arcus
2020-09-30 13:05:18,2,51.520573,5.859654,50.230512,11.181664,Mavic Pro,DRONE,Arcus
2020-09-30 13:05:20,0,51.519772,5.858767,50.339372,10.666374,UNKNOWN,UNKNOWN,Arcus
2020-09-30 13:05:21,0,51.519685,5.858630,48.820932,10.467823,UNKNOWN,UNKNOWN,Arcus
2020-09-30 13:05:21,0,51.519685,5.858630,48.820932,10.467823,UNKNOWN,UNKNOWN,Arcus
2020-09-30 13:05:21,0,51.519685,5.858630,48.820932,10.467823,UNKNOWN,UNKNOWN,Arcus
2020-09-30 13:05:22,0,51.519612,5.858342,49.267132,10.184956,UNKNOWN,UNKNOWN,Arcus
2020-09-30 13:05:22,0,51.519612,5.858342,49.267132,10.184956,UNKNOWN,UNKNOWN,Arcus
2020-09-30 13:05:22,0,51.519612,5.858342,49.267132,10.184956,UNKNOWN,UNKNOWN,Arcus
2020-09-30 13:05:24,0,51.516252,5.847582,57.746962,16.529660,UNKNOWN,UNKNOWN,Arcus
2020-09-30 13:05:24,0,51.516252,5.847582,57.746962,16.529660,UNKNOWN,UNKNOWN,Arcus
2020-09-30 13:05:24,0,51.516252,5.847582,57.746962,16.529660,UNKNOWN,UNKNOWN,Arcus
2020-09-30 13:05:26,0,51.519772,5.858767,50.169482,10.666374,UNKNOWN,UNKNOWN,Arcus
2020-09-30 13:05:26,0,51.519772,5.858767,50.169482,10.666374,UNKNOWN,UNKNOWN,Arcus
2020-09-30 13:05:27,4,51.519784,5.858778,50.104552,10.688720,Professional V2,DRONE,Arcus
2020-09-30 13:05:27,2,51.519784,5.858778,50.104552,10.688720,Mavic Pro,DRONE,Arcus
2020-09-30 13:05:27,4,51.519784,5.858778,50.104552,10.688720,Professional V2,DRONE,Arcus
2020-09-30 13:05:29,0,51.520198,5.858964,49.389112,10.774956,UNKNOWN,UNKNOWN,Arcus
2020-09-30 13:05:29,0,51.520198,5.858964,49.389112,10.774956,UNKNOWN,UNKNOWN,Arcus
2020-09-30 13:05:33,0,51.519784,5.858778,49.916812,10.688720,UNKNOWN,UNKNOWN,Arcus
2020-09-30 13:05:33,0,51.519784,5.858778,49.916812,10.688720,UNKNOWN,UNKNOWN,Arcus
2020-09-30 13:05:33,0,51.519784,5.858778,49.916812,10.688720,UNKNOWN,UNKNOWN,Arcus
2020-09-30 13:05:33,0,51.519784,5.858778,49.916812,10.688720,UNKNOWN,UNKNOWN,Arcus
2020-09-30 13:05:33,0,51.519784,5.858778,49.916812,10.688720,UNKNOWN,UNKNOWN,Arcus
2020-09-30 13:05:33,0,51.519784,5.858778,49.916812,10.688720,UNKNOWN,UNKNOWN,Arcus
2020-09-30 13:05:33,0,51.519784,5.858778,49.916812,10.688720,UNKNOWN,UNKNOWN,Arcus
2020-09-30 13:05:33,0,51.519784,5.858778,49.916812,10.688720,UNKNOWN,UNKNOWN,Arcus
2020-09-30 13:05:34,0,51.519686,5.858504,50.771062,10.405853,UNKNOWN,UNKNOWN,Arcus
2020-09-30 13:05:35,0,51.520415,5.859227,50.876282,11.180241,UNKNOWN,UNKNOWN,Arcus
2020-09-30 13:05:35,0,51.520415,5.859227,50.876282,11.180241,UNKNOWN,UNKNOWN,Arcus
2020-09-30 13:05:35,0,51.520415,5.859227,50.876282,11.180241,UNKNOWN,UNKNOWN,Arcus
2020-09-30 13:05:35,0,51.520415,5.859227,50.876282,11.180241,UNKNOWN,UNKNOWN,Arcus
2020-09-30 13:05:35,0,51.520415,5.859227,50.876282,11.180241,UNKNOWN,UNKNOWN,Arcus
2020-09-30 13:05:35,0,51.520415,5.859227,50.876282,11.180241,UNKNOWN,UNKNOWN,Arcus
2020-09-30 13:05:35,0,51.520415,5.859227,50.876282,11.180241,UNKNOWN,UNKNOWN,Arcus
2020-09-30 13:05:35,0,51.520415,5.859227,50.876282,11.180241,UNKNOWN,UNKNOWN,Arcus
2020-09-30 13:05:36,2,51.519784,5.858778,50.828082,10.688720,Mavic Pro,DRONE,Arcus
2020-09-30 13:05:36,0,51.519784,5.858778,50.828082,10.688720,UNKNOWN,UNKNOWN,Arcus
2020-09-30 13:05:36,2,51.519784,5.858778,50.828082,10.688720,Mavic Pro,DRONE,Arcus
2020-09-30 13:05:38,0,51.519784,5.858778,48.857964,10.666374,UNKNOWN,UNKNOWN,Arcus
2020-09-30 13:05:39,0,51.520311,5.860832,50.785272,11.375426,UNKNOWN,UNKNOWN,Arcus
2020-09-30 13:05:39,0,51.520311,5.860832,50.785272,11.375426,UNKNOWN,UNKNOWN,Arcus
2020-09-30 13:05:40,2,51.520165,5.858943,50.880602,10.582880,Mavic Pro,DRONE,Arcus
2020-09-30 13:05:42,0,51.519696,5.858641,50.828082,10.467823,UNKNOWN,UNKNOWN,Arcus
2020-09-30 13:05:42,0,51.519696,5.858641,50.828082,10.467823,UNKNOWN,UNKNOWN,Arcus
2020-09-30 13:05:42,0,51.519696,5.858641,50.828082,10.467823,UNKNOWN,UNKNOWN,Arcus
2020-09-30 13:05:43,0,51.519686,5.858504,50.876282,10.383507,UNKNOWN,UNKNOWN,Arcus
2020-09-30 13:05:43,2,51.519686,5.858504,50.876282,10.383507,Mavic Pro,DRONE,Arcus
2020-09-30 13:05:44,0,51.519998,5.859041,50.946422,11.095480,UNKNOWN,UNKNOWN,Arcus
2020-09-30 13:05:44,2,51.519998,5.859041,50.946422,11.095480,Mavic Pro,DRONE,Arcus
2020-09-30 13:05:44,2,51.519998,5.859041,50.946422,11.095480,Mavic Pro,DRONE,Arcus
2020-09-30 13:05:44,2,51.519998,5.859041,50.946422,11.095480,Mavic Pro,DRONE,Arcus
2020-09-30 13:05:44,0,51.519998,5.859041,50.946422,11.095480,UNKNOWN,UNKNOWN,Arcus
2020-09-30 13:05:44,0,51.519998,5.859041,50.946422,11.095480,UNKNOWN,UNKNOWN,Arcus
2020-09-30 13:05:45,0,51.519784,5.858778,51.290592,10.667849,UNKNOWN,UNKNOWN,Arcus
2020-09-30 13:05:45,0,51.519784,5.858778,51.290592,10.667849,UNKNOWN,UNKNOWN,Arcus
2020-09-30 13:05:45,0,51.519784,5.858778,51.290592,10.667849,UNKNOWN,UNKNOWN,Arcus
2020-09-30 13:05:46,0,51.519612,5.858342,51.164872,10.184956,UNKNOWN,UNKNOWN,Arcus
2020-09-30 13:05:47,2,51.519772,5.858767,50.795002,10.666374,Mavic Pro,DRONE,Arcus
2020-09-30 13:05:47,0,51.519772,5.858767,50.795002,10.666374,UNKNOWN,UNKNOWN,Arcus
2020-09-30 13:05:48,0,51.519998,5.859041,50.054682,11.096903,UNKNOWN,UNKNOWN,Arcus
2020-09-30 13:05:48,0,51.519998,5.859041,50.054682,11.096903,UNKNOWN,UNKNOWN,Arcus
2020-09-30 13:05:48,0,51.519998,5.859041,50.054682,11.096903,UNKNOWN,UNKNOWN,Arcus
2020-09-30 13:05:49,0,51.520210,5.860099,51.441522,10.994964,UNKNOWN,UNKNOWN,Arcus
2020-09-30 13:05:49,0,51.520210,5.860099,51.441522,10.994964,UNKNOWN,UNKNOWN,Arcus
2020-09-30 13:05:50,2,51.520591,5.861082,50.359162,11.523575,Mavic Pro,DRONE,Arcus
2020-09-30 13:05:50,0,51.520591,5.861082,50.359162,11.523575,UNKNOWN,UNKNOWN,Arcus
2020-09-30 13:05:50,0,51.520591,5.861082,50.359162,11.523575,UNKNOWN,UNKNOWN,Arcus
2020-09-30 13:05:50,2,51.520591,5.861082,50.359162,11.523575,Mavic Pro,DRONE,Arcus
2020-09-30 13:05:51,0,51.519998,5.859041,50.035322,11.096903,UNKNOWN,UNKNOWN,Arcus
2020-09-30 13:05:51,0,51.519998,5.859041,50.035322,11.096903,UNKNOWN,UNKNOWN,Arcus
2020-09-30 13:05:51,2,51.519998,5.859041,50.035322,11.096903,Mavic Pro,DRONE,Arcus
2020-09-30 13:05:53,0,51.520058,5.858773,50.007192,10.490169,UNKNOWN,UNKNOWN,Arcus
2020-09-30 13:05:54,0,51.519772,5.858767,49.896892,10.666374,UNKNOWN,UNKNOWN,Arcus
2020-09-30 13:05:54,0,51.519772,5.858767,49.896892,10.666374,UNKNOWN,UNKNOWN,Arcus
2020-09-30 13:05:54,0,51.519772,5.858767,49.896892,10.666374,UNKNOWN,UNKNOWN,Arcus
2020-09-30 13:05:55,0,51.519686,5.858504,49.390222,10.384982,UNKNOWN,UNKNOWN,Arcus
2020-09-30 13:05:55,0,51.519686,5.858504,49.390222,10.384982,UNKNOWN,UNKNOWN,Arcus
2020-09-30 13:05:55,0,51.519686,5.858504,49.390222,10.384982,UNKNOWN,UNKNOWN,Arcus
2020-09-30 13:05:57,0,51.519784,5.858778,49.459662,10.667849,UNKNOWN,UNKNOWN,Arcus
2020-09-30 13:05:57,0,51.519784,5.858778,49.459662,10.667849,UNKNOWN,UNKNOWN,Arcus
2020-09-30 13:05:57,0,51.519784,5.858778,49.459662,10.667849,UNKNOWN,UNKNOWN,Arcus
2020-09-30 13:05:57,0,51.519784,5.858778,49.459662,10.667849,UNKNOWN,UNKNOWN,Arcus
2020-09-30 13:05:57,0,51.519784,5.858778,49.459662,10.667849,UNKNOWN,UNKNOWN,Arcus
2020-09-30 13:05:57,0,51.519784,5.858778,49.459662,10.667849,UNKNOWN,UNKNOWN,Arcus
2020-09-30 13:05:57,0,51.519784,5.858778,49.459662,10.667849,UNKNOWN,UNKNOWN,Arcus
2020-09-30 13:05:57,0,51.519784,5.858778,49.459662,10.667849,UNKNOWN,UNKNOWN,Arcus
2020-09-30 13:05:57,0,51.519784,5.858778,49.459662,10.667849,UNKNOWN,UNKNOWN,Arcus
2020-09-30 13:05:57,0,51.519784,5.858778,49.459662,10.667849,UNKNOWN,UNKNOWN,Arcus
2020-09-30 13:05:57,0,51.519784,5.858778,49.459662,10.667849,UNKNOWN,UNKNOWN,Arcus
2020-09-30 13:05:57,0,51.519784,5.858778,49.459662,10.667849,UNKNOWN,UNKNOWN,Arcus
2020-09-30 13:05:58,0,51.519675,5.858493,49.020632,10.383507,UNKNOWN,UNKNOWN,Arcus
2020-09-30 13:05:58,0,51.519675,5.858493,49.020632,10.383507,UNKNOWN,UNKNOWN,Arcus
2020-09-30 13:05:58,0,51.519675,5.858493,49.020632,10.383507,UNKNOWN,UNKNOWN,Arcus
2020-09-30 13:05:58,0,51.519675,5.858493,49.020632,10.383507,UNKNOWN,UNKNOWN,Arcus
2020-09-30 13:05:59,0,51.520067,5.858773,50.445732,10.490169,UNKNOWN,UNKNOWN,Arcus
2020-09-30 13:05:59,0,51.520067,5.858773,50.445732,10.490169,UNKNOWN,UNKNOWN,Arcus
2020-09-30 13:05:59,0,51.520067,5.858773,50.445732,10.490169,UNKNOWN,UNKNOWN,Arcus
2020-09-30 13:05:59,0,51.520067,5.858773,50.445732,10.490169,UNKNOWN,UNKNOWN,Arcus
2020-09-30 13:05:59,0,51.520067,5.858773,50.445732,10.490169,UNKNOWN,UNKNOWN,Arcus
2020-09-30 13:05:59,2,51.520067,5.858773,50.445732,10.490169,Mavic Pro,DRONE,Arcus
2020-09-30 13:05:59,0,51.520067,5.858773,50.445732,10.490169,UNKNOWN,UNKNOWN,Arcus
2020-09-30 13:05:59,0,51.520067,5.858773,50.445732,10.490169,UNKNOWN,UNKNOWN,Arcus
2020-09-30 13:06:02,0,51.519772,5.858767,49.978772,10.666374,UNKNOWN,UNKNOWN,Arcus
2020-09-30 13:06:05,0,51.519784,5.858778,51.800842,10.666374,UNKNOWN,UNKNOWN,Arcus
2020-09-30 13:06:05,0,51.519784,5.858778,51.800842,10.666374,UNKNOWN,UNKNOWN,Arcus
2020-09-30 13:06:06,2,51.519784,5.858778,50.918982,10.688720,Mavic Pro,DRONE,Arcus
2020-09-30 13:06:06,0,51.519784,5.858778,50.918982,10.688720,UNKNOWN,UNKNOWN,Arcus
2020-09-30 13:06:07,2,51.519686,5.858504,49.119232,10.405853,Mavic Pro,DRONE,Arcus
2020-09-30 13:06:07,2,51.519686,5.858504,49.119232,10.405853,Mavic Pro,DRONE,Arcus
2020-09-30 13:06:07,2,51.519686,5.858504,49.119232,10.405853,Mavic Pro,DRONE,Arcus
2020-09-30 13:06:08,0,51.519784,5.858778,49.132002,10.688720,UNKNOWN,UNKNOWN,Arcus
2020-09-30 13:06:08,0,51.519784,5.858778,49.132002,10.688720,UNKNOWN,UNKNOWN,Arcus
2020-09-30 13:06:09,0,51.519784,5.858778,49.119232,10.688720,UNKNOWN,UNKNOWN,Arcus
2020-09-30 13:06:09,0,51.519784,5.858778,49.119232,10.688720,UNKNOWN,UNKNOWN,Arcus
2020-09-30 13:06:09,0,51.519784,5.858778,49.119232,10.688720,UNKNOWN,UNKNOWN,Arcus
2020-09-30 13:06:11,0,51.519772,5.858767,48.578762,10.666374,UNKNOWN,UNKNOWN,Arcus
2020-09-30 13:06:15,0,51.519784,5.858778,50.389492,10.688720,UNKNOWN,UNKNOWN,Arcus
2020-09-30 13:06:15,0,51.519784,5.858778,50.389492,10.688720,UNKNOWN,UNKNOWN,Arcus
2020-09-30 13:06:15,2,51.519784,5.858778,50.389492,10.688720,Mavic Pro,DRONE,Arcus
2020-09-30 13:06:16,0,51.519686,5.858504,49.725162,10.407328,UNKNOWN,UNKNOWN,Arcus
2020-09-30 13:06:17,0,51.519784,5.858778,49.613312,10.690195,UNKNOWN,UNKNOWN,Arcus
2020-09-30 13:06:17,0,51.519784,5.858778,49.613312,10.690195,UNKNOWN,UNKNOWN,Arcus
2020-09-30 13:06:18,0,51.518685,5.857682,50.583802,11.157844,UNKNOWN,UNKNOWN,Arcus
2020-09-30 13:06:18,0,51.518685,5.857682,50.583802,11.157844,UNKNOWN,UNKNOWN,Arcus
2020-09-30 13:06:20,0,51.519784,5.858778,49.556132,10.690195,UNKNOWN,UNKNOWN,Arcus
2020-09-30 13:06:20,0,51.519784,5.858778,49.556132,10.690195,UNKNOWN,UNKNOWN,Arcus
2020-09-30 13:06:21,0,51.519784,5.858778,50.004402,10.688720,UNKNOWN,UNKNOWN,Arcus
2020-09-30 13:06:23,2,51.519784,5.858778,50.594982,10.690195,Mavic Pro,DRONE,Arcus
2020-09-30 13:06:24,0,51.520359,5.859391,50.268492,10.752610,UNKNOWN,UNKNOWN,Arcus
2020-09-30 13:06:24,0,51.520359,5.859391,50.268492,10.752610,UNKNOWN,UNKNOWN,Arcus
2020-09-30 13:06:26,2,51.520326,5.859389,51.441492,10.773481,Mavic Pro,DRONE,Arcus
2020-09-30 13:06:27,0,51.519784,5.858778,51.136512,10.690195,UNKNOWN,UNKNOWN,Arcus
2020-09-30 13:06:27,0,51.519784,5.858778,51.136512,10.690195,UNKNOWN,UNKNOWN,Arcus
2020-09-30 13:06:27,2,51.519784,5.858778,51.136512,10.690195,Mavic Pro,DRONE,Arcus
2020-09-30 13:06:29,0,51.519696,5.858641,48.842372,10.490169,UNKNOWN,UNKNOWN,Arcus
2020-09-30 13:06:30,0,51.519784,5.858778,48.333032,10.667849,UNKNOWN,UNKNOWN,Arcus
2020-09-30 13:06:30,0,51.519784,5.858778,48.333032,10.667849,UNKNOWN,UNKNOWN,Arcus
2020-09-30 13:06:30,2,51.519784,5.858778,48.333032,10.667849,Mavic Pro,DRONE,Arcus
2020-09-30 13:06:30,2,51.519784,5.858778,48.333032,10.667849,Mavic Pro,DRONE,Arcus
2020-09-30 13:06:31,0,51.520022,5.858731,49.119232,10.641014,UNKNOWN,UNKNOWN,Arcus
2020-09-30 13:06:31,0,51.520022,5.858731,49.119232,10.641014,UNKNOWN,UNKNOWN,Arcus
2020-09-30 13:06:33,0,51.519772,5.858767,48.367512,10.666374,UNKNOWN,UNKNOWN,Arcus
2020-09-30 13:06:33,0,51.519772,5.858767,48.367512,10.666374,UNKNOWN,UNKNOWN,Arcus
2020-09-30 13:06:33,0,51.519772,5.858767,48.367512,10.666374,UNKNOWN,UNKNOWN,Arcus
2020-09-30 13:06:34,0,51.519675,5.858493,49.598462,10.383507,UNKNOWN,UNKNOWN,Arcus
2020-09-30 13:06:36,0,51.519772,5.858767,48.499872,10.666374,UNKNOWN,UNKNOWN,Arcus
2020-09-30 13:06:36,0,51.519772,5.858767,48.499872,10.666374,UNKNOWN,UNKNOWN,Arcus
2020-09-30 13:06:36,0,51.519772,5.858767,48.499872,10.666374,UNKNOWN,UNKNOWN,Arcus
2020-09-30 13:06:37,0,51.519675,5.858493,48.870512,10.383507,UNKNOWN,UNKNOWN,Arcus
2020-09-30 13:06:38,0,51.519772,5.858767,49.892552,10.666374,UNKNOWN,UNKNOWN,Arcus
2020-09-30 13:06:39,0,51.519772,5.858767,49.466532,10.666374,UNKNOWN,UNKNOWN,Arcus
2020-09-30 13:06:39,0,51.519772,5.858767,49.466532,10.666374,UNKNOWN,UNKNOWN,Arcus
2020-09-30 13:06:39,0,51.519772,5.858767,49.466532,10.666374,UNKNOWN,UNKNOWN,Arcus
2020-09-30 13:06:40,0,51.519675,5.858493,50.758922,10.383507,UNKNOWN,UNKNOWN,Arcus
2020-09-30 13:06:40,0,51.519675,5.858493,50.758922,10.383507,UNKNOWN,UNKNOWN,Arcus
2020-09-30 13:06:40,0,51.519675,5.858493,50.758922,10.383507,UNKNOWN,UNKNOWN,Arcus
2020-09-30 13:06:44,0,51.520524,5.859446,49.583092,10.712605,UNKNOWN,UNKNOWN,Arcus
2020-09-30 13:06:45,0,51.519784,5.858778,50.555812,10.690195,UNKNOWN,UNKNOWN,Arcus
2020-09-30 13:06:45,4,51.519784,5.858778,50.555812,10.690195,Professional V2,DRONE,Arcus
2020-09-30 13:06:46,0,51.519686,5.858504,50.932822,10.405853,UNKNOWN,UNKNOWN,Arcus
2020-09-30 13:06:48,0,51.519784,5.858778,49.701832,10.688720,UNKNOWN,UNKNOWN,Arcus
2020-09-30 13:06:48,0,51.519784,5.858778,49.701832,10.688720,UNKNOWN,UNKNOWN,Arcus
2020-09-30 13:06:48,0,51.519784,5.858778,49.701832,10.688720,UNKNOWN,UNKNOWN,Arcus
2020-09-30 13:06:49,2,51.519686,5.858504,50.852242,10.407328,Mavic Pro,DRONE,Arcus
2020-09-30 13:06:50,2,51.519784,5.858778,49.420592,10.688720,Mavic Pro,DRONE,Arcus
2020-09-30 13:06:50,2,51.519784,5.858778,49.420592,10.688720,Mavic Pro,DRONE,Arcus
2020-09-30 13:06:51,2,51.519784,5.858778,50.173732,10.690195,Mavic Pro,DRONE,Arcus
2020-09-30 13:06:51,2,51.519784,5.858778,50.173732,10.690195,Mavic Pro,DRONE,Arcus
2020-09-30 13:06:52,2,51.519686,5.858504,51.202902,10.405853,Mavic Pro,DRONE,Arcus
2020-09-30 13:06:52,2,51.519686,5.858504,51.202902,10.405853,Mavic Pro,DRONE,Arcus
2020-09-30 13:06:52,2,51.519686,5.858504,51.202902,10.405853,Mavic Pro,DRONE,Arcus
2020-09-30 13:06:52,2,51.519686,5.858504,51.202902,10.405853,Mavic Pro,DRONE,Arcus
2020-09-30 13:06:53,2,51.519784,5.858778,52.602202,10.690195,Mavic Pro,DRONE,Arcus
2020-09-30 13:06:53,2,51.519784,5.858778,52.602202,10.690195,Mavic Pro,DRONE,Arcus
2020-09-30 13:06:55,2,51.520098,5.859050,50.842232,10.440989,Mavic Pro,DRONE,Arcus
2020-09-30 13:06:56,0,51.519759,5.858517,51.244742,10.609543,UNKNOWN,UNKNOWN,Arcus
2020-09-30 13:06:56,2,51.519759,5.858517,51.244742,10.609543,Mavic Pro,DRONE,Arcus
2020-09-30 13:06:57,0,51.520182,5.858682,48.863732,10.611018,UNKNOWN,UNKNOWN,Arcus
2020-09-30 13:06:57,0,51.520182,5.858682,48.863732,10.611018,UNKNOWN,UNKNOWN,Arcus
2020-09-30 13:06:57,0,51.520182,5.858682,48.863732,10.611018,UNKNOWN,UNKNOWN,Arcus
2020-09-30 13:06:57,0,51.520182,5.858682,48.863732,10.611018,UNKNOWN,UNKNOWN,Arcus
2020-09-30 13:06:57,0,51.520182,5.858682,48.863732,10.611018,UNKNOWN,UNKNOWN,Arcus
2020-09-30 13:06:57,0,51.520182,5.858682,48.863732,10.611018,UNKNOWN,UNKNOWN,Arcus
2020-09-30 13:06:58,0,51.519816,5.858335,50.007792,10.317656,UNKNOWN,UNKNOWN,Arcus
2020-09-30 13:06:59,2,51.519759,5.858517,50.079112,10.609543,Mavic Pro,DRONE,Arcus
2020-09-30 13:07:00,0,51.519759,5.858517,48.877812,10.609543,UNKNOWN,UNKNOWN,Arcus
2020-09-30 13:07:03,0,51.519759,5.858517,48.627972,10.609543,UNKNOWN,UNKNOWN,Arcus
2020-09-30 13:07:03,0,51.519759,5.858517,48.627972,10.609543,UNKNOWN,UNKNOWN,Arcus
2020-09-30 13:07:03,0,51.519759,5.858517,48.627972,10.609543,UNKNOWN,UNKNOWN,Arcus
2020-09-30 13:07:04,0,51.519642,5.858226,49.546042,10.316181,UNKNOWN,UNKNOWN,Arcus
2020-09-30 13:07:06,0,51.520413,5.859119,50.087502,10.790389,UNKNOWN,UNKNOWN,Arcus
2020-09-30 13:07:06,0,51.520413,5.859119,50.087502,10.790389,UNKNOWN,UNKNOWN,Arcus
2020-09-30 13:07:06,0,51.520413,5.859119,50.087502,10.790389,UNKNOWN,UNKNOWN,Arcus
2020-09-30 13:07:08,0,51.519868,5.858999,49.379232,10.796770,UNKNOWN,UNKNOWN,Arcus
2020-09-30 13:07:09,2,51.519854,5.858749,48.887422,10.739940,Mavic Pro,DRONE,Arcus
2020-09-30 13:07:09,0,51.519854,5.858749,48.887422,10.739940,UNKNOWN,UNKNOWN,Arcus
2020-09-30 13:07:12,0,51.519854,5.858749,49.449422,10.739940,UNKNOWN,UNKNOWN,Arcus
2020-09-30 13:07:12,0,51.519854,5.858749,49.449422,10.739940,UNKNOWN,UNKNOWN,Arcus
2020-09-30 13:07:12,0,51.519854,5.858749,49.449422,10.739940,UNKNOWN,UNKNOWN,Arcus
2020-09-30 13:07:14,2,51.519854,5.858749,49.266312,10.739940,Mavic Pro,DRONE,Arcus
2020-09-30 13:07:15,0,51.519854,5.858749,49.515062,10.739940,UNKNOWN,UNKNOWN,Arcus
2020-09-30 13:07:15,0,51.519854,5.858749,49.515062,10.739940,UNKNOWN,UNKNOWN,Arcus
2020-09-30 13:07:15,0,51.519854,5.858749,49.515062,10.739940,UNKNOWN,UNKNOWN,Arcus
2020-09-30 13:07:17,0,51.519865,5.858760,49.591322,10.741415,UNKNOWN,UNKNOWN,Arcus
2020-09-30 13:07:18,2,51.519865,5.858760,49.591322,10.741415,Mavic Pro,DRONE,Arcus
2020-09-30 13:07:18,2,51.519865,5.858760,49.591322,10.741415,Mavic Pro,DRONE,Arcus
2020-09-30 13:07:19,0,51.519791,5.858471,49.591322,10.536353,UNKNOWN,UNKNOWN,Arcus
2020-09-30 13:07:20,0,51.519865,5.858760,49.591322,10.741415,UNKNOWN,UNKNOWN,Arcus
2020-09-30 13:07:21,0,51.519865,5.858760,49.999952,10.741415,UNKNOWN,UNKNOWN,Arcus
2020-09-30 13:07:21,0,51.519865,5.858760,49.999952,10.741415,UNKNOWN,UNKNOWN,Arcus
2020-09-30 13:07:22,2,51.519791,5.858471,50.781072,10.536353,Mavic Pro,DRONE,Arcus
2020-09-30 13:07:23,2,51.519779,5.858603,50.605862,10.541389,Mavic Pro,DRONE,Arcus
2020-09-30 13:07:24,0,51.519696,5.858641,52.492452,10.490169,UNKNOWN,UNKNOWN,Arcus
2020-09-30 13:07:24,2,51.519696,5.858641,52.492452,10.490169,Mavic Pro,DRONE,Arcus
2020-09-30 13:07:24,2,51.519696,5.858641,52.492452,10.490169,Mavic Pro,DRONE,Arcus
2020-09-30 13:07:27,2,51.519879,5.859010,51.922172,10.819116,Mavic Pro,DRONE,Arcus
2020-09-30 13:07:27,2,51.519879,5.859010,51.922172,10.819116,Mavic Pro,DRONE,Arcus
2020-09-30 13:07:27,2,51.519879,5.859010,51.922172,10.819116,Mavic Pro,DRONE,Arcus
2020-09-30 13:07:30,0,51.520064,5.859249,50.785752,11.221557,UNKNOWN,UNKNOWN,Arcus
2020-09-30 13:07:30,0,51.520064,5.859249,50.785752,11.221557,UNKNOWN,UNKNOWN,Arcus
2020-09-30 13:07:30,0,51.520064,5.859249,50.785752,11.221557,UNKNOWN,UNKNOWN,Arcus
2020-09-30 13:07:31,0,51.520288,5.859118,51.095762,11.051706,UNKNOWN,UNKNOWN,Arcus
2020-09-30 13:07:31,0,51.520288,5.859118,51.095762,11.051706,UNKNOWN,UNKNOWN,Arcus
2020-09-30 13:07:32,0,51.520327,5.859110,49.952262,11.006918,UNKNOWN,UNKNOWN,Arcus
2020-09-30 13:07:33,0,51.519784,5.858778,49.533882,10.690195,UNKNOWN,UNKNOWN,Arcus
2020-09-30 13:07:33,0,51.519784,5.858778,49.533882,10.690195,UNKNOWN,UNKNOWN,Arcus
2020-09-30 13:07:36,2,51.520186,5.859064,49.015804,10.721515,Mavic Pro,DRONE,Arcus
2020-09-30 13:07:36,0,51.520186,5.859064,49.015804,10.721515,UNKNOWN,UNKNOWN,Arcus
2020-09-30 13:07:36,0,51.520186,5.859064,49.015804,10.721515,UNKNOWN,UNKNOWN,Arcus
2020-09-30 13:07:38,0,51.520303,5.859328,49.120454,11.270625,UNKNOWN,UNKNOWN,Arcus
2020-09-30 13:07:38,0,51.520303,5.859328,49.120454,11.270625,UNKNOWN,UNKNOWN,Arcus
2020-09-30 13:07:39,0,51.520407,5.859577,49.664024,10.881532,UNKNOWN,UNKNOWN,Arcus
2020-09-30 13:07:39,0,51.520407,5.859577,49.664024,10.881532,UNKNOWN,UNKNOWN,Arcus
2020-09-30 13:07:40,0,51.520182,5.859102,49.713444,11.225029,UNKNOWN,UNKNOWN,Arcus
2020-09-30 13:07:40,0,51.520182,5.859102,49.713444,11.225029,UNKNOWN,UNKNOWN,Arcus
2020-09-30 13:07:42,0,51.520278,5.859297,47.247574,11.220134,UNKNOWN,UNKNOWN,Arcus
2020-09-30 13:07:42,0,51.520278,5.859297,47.247574,11.220134,UNKNOWN,UNKNOWN,Arcus
2020-09-30 13:07:42,2,51.520278,5.859297,47.247574,11.220134,Mavic Pro,DRONE,Arcus
2020-09-30 13:07:42,2,51.520278,5.859297,47.247574,11.220134,Mavic Pro,DRONE,Arcus
2020-09-30 13:07:42,2,51.520278,5.859297,47.247574,11.220134,Mavic Pro,DRONE,Arcus
2020-09-30 13:07:42,2,51.520278,5.859297,47.247574,11.220134,Mavic Pro,DRONE,Arcus
2020-09-30 13:07:45,1,51.519879,5.859010,48.285424,10.820591,Mavic 2,DRONE,Arcus
2020-09-30 13:07:45,1,51.519879,5.859010,48.285424,10.820591,Mavic 2,DRONE,Arcus
2020-09-30 13:07:45,1,51.519879,5.859010,48.285424,10.820591,Mavic 2,DRONE,Arcus
2020-09-30 13:07:48,2,51.519868,5.858999,50.817162,10.796770,Mavic Pro,DRONE,Arcus
2020-09-30 13:07:48,0,51.519868,5.858999,50.817162,10.796770,UNKNOWN,UNKNOWN,Arcus
2020-09-30 13:07:48,0,51.519868,5.858999,50.817162,10.796770,UNKNOWN,UNKNOWN,Arcus
2020-09-30 13:07:50,0,51.519868,5.858999,50.528112,10.796770,UNKNOWN,UNKNOWN,Arcus
2020-09-30 13:07:50,0,51.519868,5.858999,50.528112,10.796770,UNKNOWN,UNKNOWN,Arcus
2020-09-30 13:07:50,0,51.519868,5.858999,50.528112,10.796770,UNKNOWN,UNKNOWN,Arcus
2020-09-30 13:07:51,0,51.519879,5.859010,49.851252,10.820591,UNKNOWN,UNKNOWN,Arcus
2020-09-30 13:07:51,0,51.519879,5.859010,49.851252,10.820591,UNKNOWN,UNKNOWN,Arcus
2020-09-30 13:07:52,0,51.519813,5.858728,51.327932,10.602203,UNKNOWN,UNKNOWN,Arcus
2020-09-30 13:07:54,0,51.519785,5.858612,50.236662,10.541389,UNKNOWN,UNKNOWN,Arcus
2020-09-30 13:07:54,0,51.519785,5.858612,50.236662,10.541389,UNKNOWN,UNKNOWN,Arcus
2020-09-30 13:07:54,0,51.519785,5.858612,50.236662,10.541389,UNKNOWN,UNKNOWN,Arcus
2020-09-30 13:07:55,0,51.519824,5.858533,49.838342,10.567890,UNKNOWN,UNKNOWN,Arcus
2020-09-30 13:07:55,0,51.519824,5.858533,49.838342,10.567890,UNKNOWN,UNKNOWN,Arcus
2020-09-30 13:07:55,0,51.519824,5.858533,49.838342,10.567890,UNKNOWN,UNKNOWN,Arcus
2020-09-30 13:07:56,2,51.519854,5.858749,50.907212,10.739940,Mavic Pro,DRONE,Arcus
2020-09-30 13:07:56,2,51.519854,5.858749,50.907212,10.739940,Mavic Pro,DRONE,Arcus
2020-09-30 13:07:56,0,51.519854,5.858749,50.907212,10.739940,UNKNOWN,UNKNOWN,Arcus
2020-09-30 13:07:56,2,51.519854,5.858749,50.907212,10.739940,Mavic Pro,DRONE,Arcus
2020-09-30 13:07:56,0,51.519854,5.858749,50.907212,10.739940,UNKNOWN,UNKNOWN,Arcus
2020-09-30 13:07:57,1,51.519854,5.858749,49.916822,10.739940,Mavic 2,DRONE,Arcus
2020-09-30 13:07:57,0,51.519854,5.858749,49.916822,10.739940,UNKNOWN,UNKNOWN,Arcus
2020-09-30 13:07:57,1,51.519854,5.858749,49.916822,10.739940,Mavic 2,DRONE,Arcus
2020-09-30 13:07:59,0,51.519865,5.858760,49.921142,10.739940,UNKNOWN,UNKNOWN,Arcus
2020-09-30 13:08:00,2,51.519854,5.858749,50.907212,10.739940,Mavic Pro,DRONE,Arcus
2020-09-30 13:08:00,2,51.519854,5.858749,50.907212,10.739940,Mavic Pro,DRONE,Arcus
2020-09-30 13:08:01,0,51.519824,5.858533,50.903672,10.567890,UNKNOWN,UNKNOWN,Arcus
2020-09-30 13:08:01,2,51.519824,5.858533,50.903672,10.567890,Mavic Pro,DRONE,Arcus
2020-09-30 13:08:02,2,51.520430,5.859154,50.902952,11.166663,Mavic Pro,DRONE,Arcus
2020-09-30 13:08:04,2,51.520480,5.860899,51.231852,11.466768,Mavic Pro,DRONE,Arcus
2020-09-30 13:08:06,0,51.519868,5.858999,49.865932,10.796770,UNKNOWN,UNKNOWN,Arcus
2020-09-30 13:08:06,0,51.519868,5.858999,49.865932,10.796770,UNKNOWN,UNKNOWN,Arcus
2020-09-30 13:08:06,2,51.519868,5.858999,49.865932,10.796770,Mavic Pro,DRONE,Arcus
2020-09-30 13:08:08,0,51.519879,5.859010,51.091102,10.820591,UNKNOWN,UNKNOWN,Arcus
2020-09-30 13:08:09,1,51.519792,5.858876,49.518092,10.598220,Mavic 2,DRONE,Arcus
2020-09-30 13:08:09,1,51.519792,5.858876,49.518092,10.598220,Mavic 2,DRONE,Arcus
2020-09-30 13:08:10,2,51.520078,5.858837,49.168772,10.606150,Mavic Pro,DRONE,Arcus
2020-09-30 13:08:10,2,51.520078,5.858837,49.168772,10.606150,Mavic Pro,DRONE,Arcus
2020-09-30 13:08:10,2,51.520078,5.858837,49.168772,10.606150,Mavic Pro,DRONE,Arcus
2020-09-30 13:08:11,1,51.519879,5.859010,48.399978,10.819116,Mavic 2,DRONE,Arcus
2020-09-30 13:08:13,0,51.519824,5.858738,49.962982,10.624549,UNKNOWN,UNKNOWN,Arcus
2020-09-30 13:08:15,1,51.519865,5.858760,47.794961,10.739940,Mavic 2,DRONE,Arcus
2020-09-30 13:08:15,0,51.519865,5.858760,47.794961,10.739940,UNKNOWN,UNKNOWN,Arcus
2020-09-30 13:08:17,0,51.519865,5.858760,48.805594,10.739940,UNKNOWN,UNKNOWN,Arcus
2020-09-30 13:08:18,0,51.520245,5.858899,48.996932,10.739940,UNKNOWN,UNKNOWN,Arcus
2020-09-30 13:08:18,0,51.520245,5.858899,48.996932,10.739940,UNKNOWN,UNKNOWN,Arcus
2020-09-30 13:08:18,0,51.520245,5.858899,48.996932,10.739940,UNKNOWN,UNKNOWN,Arcus
2020-09-30 13:08:23,0,51.520269,5.858927,51.364602,10.826176,UNKNOWN,UNKNOWN,Arcus
2020-09-30 13:08:24,1,51.519854,5.858749,47.776792,10.739940,Mavic 2,DRONE,Arcus
2020-09-30 13:08:24,0,51.519854,5.858749,47.776792,10.739940,UNKNOWN,UNKNOWN,Arcus
2020-09-30 13:08:24,1,51.519854,5.858749,47.776792,10.739940,Mavic 2,DRONE,Arcus
2020-09-30 13:08:25,0,51.519791,5.858471,47.912792,10.536353,UNKNOWN,UNKNOWN,Arcus
2020-09-30 13:08:27,0,51.519865,5.858760,47.397474,10.741415,UNKNOWN,UNKNOWN,Arcus
2020-09-30 13:08:27,0,51.519865,5.858760,47.397474,10.741415,UNKNOWN,UNKNOWN,Arcus
2020-09-30 13:08:27,0,51.519865,5.858760,47.397474,10.741415,UNKNOWN,UNKNOWN,Arcus
2020-09-30 13:08:29,1,51.519865,5.858760,47.787614,10.741415,Mavic 2,DRONE,Arcus
2020-09-30 13:08:32,0,51.520190,5.859086,49.935272,10.705327,UNKNOWN,UNKNOWN,Arcus
2020-09-30 13:08:33,1,51.519854,5.858749,48.355682,10.739940,Mavic 2,DRONE,Arcus
2020-09-30 13:08:33,1,51.519854,5.858749,48.355682,10.739940,Mavic 2,DRONE,Arcus
2020-09-30 13:08:33,0,51.519854,5.858749,48.355682,10.739940,UNKNOWN,UNKNOWN,Arcus
2020-09-30 13:08:36,2,51.519868,5.858999,50.913792,10.796770,Mavic Pro,DRONE,Arcus
2020-09-30 13:08:36,2,51.519868,5.858999,50.913792,10.796770,Mavic Pro,DRONE,Arcus
2020-09-30 13:08:36,2,51.519868,5.858999,50.913792,10.796770,Mavic Pro,DRONE,Arcus
2020-09-30 13:08:37,2,51.519824,5.858738,50.913792,10.626024,Mavic Pro,DRONE,Arcus
2020-09-30 13:08:39,2,51.519865,5.858760,50.459142,10.741415,Mavic Pro,DRONE,Arcus
2020-09-30 13:08:39,0,51.519865,5.858760,50.459142,10.741415,UNKNOWN,UNKNOWN,Arcus
2020-09-30 13:08:39,2,51.519865,5.858760,50.459142,10.741415,Mavic Pro,DRONE,Arcus
2020-09-30 13:08:41,2,51.520237,5.859266,51.188492,10.625676,Mavic Pro,DRONE,Arcus
2020-09-30 13:08:42,2,51.519865,5.858760,51.242892,10.741415,Mavic Pro,DRONE,Arcus
2020-09-30 13:08:42,2,51.519865,5.858760,51.242892,10.741415,Mavic Pro,DRONE,Arcus
2020-09-30 13:08:42,2,51.519865,5.858760,51.242892,10.741415,Mavic Pro,DRONE,Arcus
2020-09-30 13:08:44,2,51.519879,5.859010,50.493302,10.820591,Mavic Pro,DRONE,Arcus
2020-09-30 13:08:45,0,51.519879,5.859010,50.420124,10.820591,UNKNOWN,UNKNOWN,Arcus
2020-09-30 13:08:45,0,51.519879,5.859010,50.420124,10.820591,UNKNOWN,UNKNOWN,Arcus
2020-09-30 13:08:46,2,51.519824,5.858738,50.574564,10.626024,Mavic Pro,DRONE,Arcus
2020-09-30 13:08:47,2,51.519854,5.858749,49.454994,10.739940,Mavic Pro,DRONE,Arcus
2020-09-30 13:08:47,2,51.519854,5.858749,49.454994,10.739940,Mavic Pro,DRONE,Arcus
2020-09-30 13:08:48,2,51.520031,5.858973,51.433092,10.620566,Mavic Pro,DRONE,Arcus
2020-09-30 13:08:48,2,51.520031,5.858973,51.433092,10.620566,Mavic Pro,DRONE,Arcus
2020-09-30 13:08:48,2,51.520031,5.858973,51.433092,10.620566,Mavic Pro,DRONE,Arcus
2020-09-30 13:08:51,2,51.519865,5.858760,50.459142,10.741415,Mavic Pro,DRONE,Arcus
2020-09-30 13:08:51,2,51.519865,5.858760,50.459142,10.741415,Mavic Pro,DRONE,Arcus
2020-09-30 13:08:51,2,51.519865,5.858760,50.459142,10.741415,Mavic Pro,DRONE,Arcus
2020-09-30 13:08:53,2,51.519879,5.859010,50.982402,10.820591,Mavic Pro,DRONE,Arcus
2020-09-30 13:08:53,2,51.519879,5.859010,50.982402,10.820591,Mavic Pro,DRONE,Arcus
2020-09-30 13:08:55,2,51.519824,5.858738,50.994222,10.626024,Mavic Pro,DRONE,Arcus
2020-09-30 13:08:57,1,51.519879,5.859010,50.451722,10.820591,Mavic 2,DRONE,Arcus
2020-09-30 13:08:57,1,51.519879,5.859010,50.451722,10.820591,Mavic 2,DRONE,Arcus
2020-09-30 13:08:57,0,51.519879,5.859010,50.451722,10.820591,UNKNOWN,UNKNOWN,Arcus
2020-09-30 13:09:00,0,51.519868,5.858999,50.362182,10.796770,UNKNOWN,UNKNOWN,Arcus
2020-09-30 13:09:00,0,51.519868,5.858999,50.362182,10.796770,UNKNOWN,UNKNOWN,Arcus
2020-09-30 13:09:00,2,51.519868,5.858999,50.362182,10.796770,Mavic Pro,DRONE,Arcus
2020-09-30 13:09:03,0,51.519868,5.858999,50.612872,10.796770,UNKNOWN,UNKNOWN,Arcus
2020-09-30 13:09:03,0,51.519868,5.858999,50.612872,10.796770,UNKNOWN,UNKNOWN,Arcus
2020-09-30 13:09:03,0,51.519868,5.858999,50.612872,10.796770,UNKNOWN,UNKNOWN,Arcus
2020-09-30 13:09:05,2,51.520190,5.859086,51.856252,10.705327,Mavic Pro,DRONE,Arcus
2020-09-30 13:09:06,1,51.519868,5.858999,50.736352,10.796770,Mavic 2,DRONE,Arcus
2020-09-30 13:09:06,1,51.519868,5.858999,50.736352,10.796770,Mavic 2,DRONE,Arcus
2020-09-30 13:09:06,1,51.519868,5.858999,50.736352,10.796770,Mavic 2,DRONE,Arcus
2020-09-30 13:09:09,2,51.519879,5.859010,50.838312,10.820591,Mavic Pro,DRONE,Arcus
2020-09-30 13:09:09,2,51.519879,5.859010,50.838312,10.820591,Mavic Pro,DRONE,Arcus
2020-09-30 13:09:09,2,51.519879,5.859010,50.838312,10.820591,Mavic Pro,DRONE,Arcus
2020-09-30 13:09:09,2,51.519879,5.859010,50.838312,10.820591,Mavic Pro,DRONE,Arcus
2020-09-30 13:09:09,2,51.519879,5.859010,50.838312,10.820591,Mavic Pro,DRONE,Arcus
2020-09-30 13:09:09,2,51.519879,5.859010,50.838312,10.820591,Mavic Pro,DRONE,Arcus
2020-09-30 13:09:10,2,51.519824,5.858738,51.415082,10.624549,Mavic Pro,DRONE,Arcus
2020-09-30 13:09:10,2,51.519824,5.858738,51.415082,10.624549,Mavic Pro,DRONE,Arcus
2020-09-30 13:09:10,2,51.519824,5.858738,51.415082,10.624549,Mavic Pro,DRONE,Arcus
2020-09-30 13:09:11,2,51.519879,5.859010,50.575422,10.820591,Mavic Pro,DRONE,Arcus
2020-09-30 13:09:11,2,51.519879,5.859010,50.575422,10.820591,Mavic Pro,DRONE,Arcus
2020-09-30 13:09:11,2,51.519879,5.859010,50.575422,10.820591,Mavic Pro,DRONE,Arcus
2020-09-30 13:09:11,2,51.519879,5.859010,50.575422,10.820591,Mavic Pro,DRONE,Arcus
2020-09-30 13:09:12,2,51.519865,5.858760,49.306632,10.741415,Mavic Pro,DRONE,Arcus
2020-09-30 13:09:12,0,51.519865,5.858760,49.306632,10.741415,UNKNOWN,UNKNOWN,Arcus
2020-09-30 13:09:12,2,51.519865,5.858760,49.306632,10.741415,Mavic Pro,DRONE,Arcus
2020-09-30 13:09:14,2,51.519879,5.859010,49.846802,10.819116,Mavic Pro,DRONE,Arcus
2020-09-30 13:09:18,2,51.519784,5.858778,49.997582,10.690195,Mavic Pro,DRONE,Arcus
2020-09-30 13:09:18,2,51.519784,5.858778,49.997582,10.690195,Mavic Pro,DRONE,Arcus
2020-09-30 13:09:18,0,51.519784,5.858778,49.997582,10.690195,UNKNOWN,UNKNOWN,Arcus
2020-09-30 13:09:19,2,51.519824,5.858738,50.643412,10.626024,Mavic Pro,DRONE,Arcus
2020-09-30 13:09:19,2,51.519824,5.858738,50.643412,10.626024,Mavic Pro,DRONE,Arcus
2020-09-30 13:09:19,0,51.519824,5.858738,50.643412,10.626024,UNKNOWN,UNKNOWN,Arcus
2020-09-30 13:09:19,0,51.519824,5.858738,50.643412,10.626024,UNKNOWN,UNKNOWN,Arcus
2020-09-30 13:09:19,2,51.519824,5.858738,50.643412,10.626024,Mavic Pro,DRONE,Arcus
2020-09-30 13:09:20,0,51.519879,5.859010,50.510162,10.820591,UNKNOWN,UNKNOWN,Arcus
2020-09-30 13:09:20,0,51.519879,5.859010,50.510162,10.820591,UNKNOWN,UNKNOWN,Arcus
2020-09-30 13:09:20,0,51.519879,5.859010,50.510162,10.820591,UNKNOWN,UNKNOWN,Arcus
2020-09-30 13:09:20,0,51.519879,5.859010,50.510162,10.820591,UNKNOWN,UNKNOWN,Arcus
2020-09-30 13:09:20,0,51.519879,5.859010,50.510162,10.820591,UNKNOWN,UNKNOWN,Arcus
2020-09-30 13:09:20,0,51.519879,5.859010,50.510162,10.820591,UNKNOWN,UNKNOWN,Arcus
2020-09-30 13:09:20,0,51.519879,5.859010,50.510162,10.820591,UNKNOWN,UNKNOWN,Arcus
2020-09-30 13:09:20,0,51.519879,5.859010,50.510162,10.820591,UNKNOWN,UNKNOWN,Arcus
2020-09-30 13:09:20,0,51.519879,5.859010,50.510162,10.820591,UNKNOWN,UNKNOWN,Arcus
2020-09-30 13:09:21,0,51.519784,5.858778,51.343112,10.690195,UNKNOWN,UNKNOWN,Arcus
2020-09-30 13:09:21,0,51.519784,5.858778,51.343112,10.690195,UNKNOWN,UNKNOWN,Arcus
2020-09-30 13:09:22,0,51.519824,5.858738,51.720642,10.626024,UNKNOWN,UNKNOWN,Arcus
2020-09-30 13:09:23,0,51.519784,5.858778,51.423352,10.690195,UNKNOWN,UNKNOWN,Arcus
2020-09-30 13:09:24,0,51.519784,5.858778,50.221352,10.666374,UNKNOWN,UNKNOWN,Arcus
2020-09-30 13:09:24,2,51.519784,5.858778,50.221352,10.666374,Mavic Pro,DRONE,Arcus
2020-09-30 13:09:24,2,51.519784,5.858778,50.221352,10.666374,Mavic Pro,DRONE,Arcus
2020-09-30 13:09:24,2,51.519784,5.858778,50.221352,10.666374,Mavic Pro,DRONE,Arcus
2020-09-30 13:09:25,2,51.519824,5.858738,50.895422,10.626024,Mavic Pro,DRONE,Arcus
2020-09-30 13:09:25,0,51.519824,5.858738,50.895422,10.626024,UNKNOWN,UNKNOWN,Arcus
2020-09-30 13:09:25,2,51.519824,5.858738,50.895422,10.626024,Mavic Pro,DRONE,Arcus
2020-09-30 13:09:26,0,51.519879,5.859010,51.093912,10.820591,UNKNOWN,UNKNOWN,Arcus
2020-09-30 13:09:26,0,51.519879,5.859010,51.093912,10.820591,UNKNOWN,UNKNOWN,Arcus
2020-09-30 13:09:26,0,51.519879,5.859010,51.093912,10.820591,UNKNOWN,UNKNOWN,Arcus
2020-09-30 13:09:26,0,51.519879,5.859010,51.093912,10.820591,UNKNOWN,UNKNOWN,Arcus
2020-09-30 13:09:27,0,51.520405,5.859575,51.139252,10.903878,UNKNOWN,UNKNOWN,Arcus
2020-09-30 13:09:27,0,51.520405,5.859575,51.139252,10.903878,UNKNOWN,UNKNOWN,Arcus
2020-09-30 13:09:27,0,51.520405,5.859575,51.139252,10.903878,UNKNOWN,UNKNOWN,Arcus
2020-09-30 13:09:29,0,51.520405,5.859575,49.994762,10.903878,UNKNOWN,UNKNOWN,Arcus
2020-09-30 13:09:30,0,51.520261,5.859178,50.023102,10.903878,UNKNOWN,UNKNOWN,Arcus
2020-09-30 13:09:30,0,51.520261,5.859178,50.023102,10.903878,UNKNOWN,UNKNOWN,Arcus
2020-09-30 13:09:30,0,51.520261,5.859178,50.023102,10.903878,UNKNOWN,UNKNOWN,Arcus
2020-09-30 13:09:32,0,51.519879,5.859010,49.928682,10.820591,UNKNOWN,UNKNOWN,Arcus
2020-09-30 13:09:33,2,51.520261,5.859178,49.871052,10.903878,Mavic Pro,DRONE,Arcus
2020-09-30 13:09:33,2,51.520261,5.859178,49.871052,10.903878,Mavic Pro,DRONE,Arcus
2020-09-30 13:09:34,2,51.520128,5.858947,50.490682,10.858235,Mavic Pro,DRONE,Arcus
2020-09-30 13:09:34,0,51.520128,5.858947,50.490682,10.858235,UNKNOWN,UNKNOWN,Arcus
2020-09-30 13:09:35,0,51.520261,5.859178,50.689852,10.903878,UNKNOWN,UNKNOWN,Arcus
2020-09-30 13:09:35,0,51.520261,5.859178,50.689852,10.903878,UNKNOWN,UNKNOWN,Arcus
2020-09-30 13:09:36,0,51.520261,5.859178,50.613592,10.903878,UNKNOWN,UNKNOWN,Arcus
2020-09-30 13:09:36,0,51.520261,5.859178,50.613592,10.903878,UNKNOWN,UNKNOWN,Arcus
2020-09-30 13:09:36,0,51.520261,5.859178,50.613592,10.903878,UNKNOWN,UNKNOWN,Arcus
2020-09-30 13:09:36,0,51.520261,5.859178,50.613592,10.903878,UNKNOWN,UNKNOWN,Arcus
2020-09-30 13:09:36,0,51.520261,5.859178,50.613592,10.903878,UNKNOWN,UNKNOWN,Arcus
2020-09-30 13:09:36,0,51.520261,5.859178,50.613592,10.903878,UNKNOWN,UNKNOWN,Arcus
2020-09-30 13:09:39,1,51.520261,5.859178,50.215842,10.905353,Mavic 2,DRONE,Arcus
2020-09-30 13:09:39,1,51.520261,5.859178,50.215842,10.905353,Mavic 2,DRONE,Arcus
2020-09-30 13:09:39,1,51.520261,5.859178,50.215842,10.905353,Mavic 2,DRONE,Arcus
2020-09-30 13:09:41,0,51.520261,5.858973,51.134592,10.869565,UNKNOWN,UNKNOWN,Arcus
2020-09-30 13:09:42,0,51.520525,5.859590,51.338422,10.804321,UNKNOWN,UNKNOWN,Arcus
2020-09-30 13:09:42,0,51.520525,5.859590,51.338422,10.804321,UNKNOWN,UNKNOWN,Arcus
2020-09-30 13:09:44,0,51.520174,5.858932,50.754062,10.688720,UNKNOWN,UNKNOWN,Arcus
2020-09-30 13:09:45,0,51.520290,5.859018,49.969372,10.495754,UNKNOWN,UNKNOWN,Arcus
2020-09-30 13:09:45,0,51.520290,5.859018,49.969372,10.495754,UNKNOWN,UNKNOWN,Arcus
2020-09-30 13:09:45,0,51.520290,5.859018,49.969372,10.495754,UNKNOWN,UNKNOWN,Arcus
2020-09-30 13:09:48,0,51.520375,5.859186,50.866602,10.757132,UNKNOWN,UNKNOWN,Arcus
2020-09-30 13:09:48,0,51.520375,5.859186,50.866602,10.757132,UNKNOWN,UNKNOWN,Arcus
2020-09-30 13:09:48,0,51.520375,5.859186,50.866602,10.757132,UNKNOWN,UNKNOWN,Arcus
2020-09-30 13:09:50,0,51.520174,5.858932,50.292532,10.688720,UNKNOWN,UNKNOWN,Arcus
2020-09-30 13:09:50,0,51.520174,5.858932,50.292532,10.688720,UNKNOWN,UNKNOWN,Arcus
2020-09-30 13:09:53,0,51.519784,5.858778,49.969122,10.690195,UNKNOWN,UNKNOWN,Arcus
2020-09-30 13:09:54,0,51.520087,5.858795,49.417262,10.490169,UNKNOWN,UNKNOWN,Arcus
2020-09-30 13:09:54,0,51.520087,5.858795,49.417262,10.490169,UNKNOWN,UNKNOWN,Arcus
2020-09-30 13:09:54,4,51.520087,5.858795,49.417262,10.490169,Professional V2,DRONE,Arcus
2020-09-30 13:09:57,0,51.519784,5.858778,50.244332,10.690195,UNKNOWN,UNKNOWN,Arcus
2020-09-30 13:09:57,0,51.519784,5.858778,50.244332,10.690195,UNKNOWN,UNKNOWN,Arcus
2020-09-30 13:09:57,0,51.519784,5.858778,50.244332,10.690195,UNKNOWN,UNKNOWN,Arcus
2020-09-30 13:10:00,0,51.519784,5.858778,49.203912,10.690195,UNKNOWN,UNKNOWN,Arcus
2020-09-30 13:10:00,2,51.519784,5.858778,49.203912,10.690195,Mavic Pro,DRONE,Arcus
2020-09-30 13:10:00,2,51.519784,5.858778,49.203912,10.690195,Mavic Pro,DRONE,Arcus
2020-09-30 13:10:02,0,51.520174,5.858932,50.060152,10.688720,UNKNOWN,UNKNOWN,Arcus
2020-09-30 13:10:03,0,51.519784,5.858778,49.899182,10.688720,UNKNOWN,UNKNOWN,Arcus
2020-09-30 13:10:03,2,51.519784,5.858778,49.899182,10.688720,Mavic Pro,DRONE,Arcus
2020-09-30 13:10:03,2,51.519784,5.858778,49.899182,10.688720,Mavic Pro,DRONE,Arcus
2020-09-30 13:10:05,0,51.519366,5.858249,49.885732,10.331376,UNKNOWN,UNKNOWN,Arcus
2020-09-30 13:10:05,0,51.519366,5.858249,49.885732,10.331376,UNKNOWN,UNKNOWN,Arcus
2020-09-30 13:10:05,0,51.519366,5.858249,49.885732,10.331376,UNKNOWN,UNKNOWN,Arcus
2020-09-30 13:10:05,0,51.519366,5.858249,49.885732,10.331376,UNKNOWN,UNKNOWN,Arcus
2020-09-30 13:10:05,0,51.519366,5.858249,49.885732,10.331376,UNKNOWN,UNKNOWN,Arcus
2020-09-30 13:10:05,0,51.519366,5.858249,49.885732,10.331376,UNKNOWN,UNKNOWN,Arcus
2020-09-30 13:10:06,0,51.519676,5.858612,49.794752,10.490169,UNKNOWN,UNKNOWN,Arcus
2020-09-30 13:10:06,0,51.519676,5.858612,49.794752,10.490169,UNKNOWN,UNKNOWN,Arcus
2020-09-30 13:10:06,0,51.519676,5.858612,49.794752,10.490169,UNKNOWN,UNKNOWN,Arcus
2020-09-30 13:10:06,0,51.519676,5.858612,49.794752,10.490169,UNKNOWN,UNKNOWN,Arcus
2020-09-30 13:10:06,0,51.519676,5.858612,49.794752,10.490169,UNKNOWN,UNKNOWN,Arcus
2020-09-30 13:10:06,0,51.519676,5.858612,49.794752,10.490169,UNKNOWN,UNKNOWN,Arcus
2020-09-30 13:10:06,0,51.519676,5.858612,49.794752,10.490169,UNKNOWN,UNKNOWN,Arcus
2020-09-30 13:10:06,0,51.519676,5.858612,49.794752,10.490169,UNKNOWN,UNKNOWN,Arcus
2020-09-30 13:10:06,0,51.519676,5.858612,49.794752,10.490169,UNKNOWN,UNKNOWN,Arcus
2020-09-30 13:10:06,0,51.519676,5.858612,49.794752,10.490169,UNKNOWN,UNKNOWN,Arcus
2020-09-30 13:10:06,0,51.519676,5.858612,49.794752,10.490169,UNKNOWN,UNKNOWN,Arcus
2020-09-30 13:10:06,0,51.519676,5.858612,49.794752,10.490169,UNKNOWN,UNKNOWN,Arcus
2020-09-30 13:10:07,0,51.519653,5.858236,50.773822,10.316181,UNKNOWN,UNKNOWN,Arcus
2020-09-30 13:10:07,0,51.519653,5.858236,50.773822,10.316181,UNKNOWN,UNKNOWN,Arcus
2020-09-30 13:10:07,0,51.519653,5.858236,50.773822,10.316181,UNKNOWN,UNKNOWN,Arcus
2020-09-30 13:10:07,0,51.519653,5.858236,50.773822,10.316181,UNKNOWN,UNKNOWN,Arcus
2020-09-30 13:10:07,0,51.519653,5.858236,50.773822,10.316181,UNKNOWN,UNKNOWN,Arcus
2020-09-30 13:10:07,0,51.519653,5.858236,50.773822,10.316181,UNKNOWN,UNKNOWN,Arcus
2020-09-30 13:10:07,0,51.519653,5.858236,50.773822,10.316181,UNKNOWN,UNKNOWN,Arcus
2020-09-30 13:10:07,0,51.519653,5.858236,50.773822,10.316181,UNKNOWN,UNKNOWN,Arcus
2020-09-30 13:10:07,0,51.519653,5.858236,50.773822,10.316181,UNKNOWN,UNKNOWN,Arcus
2020-09-30 13:10:07,0,51.519653,5.858236,50.773822,10.316181,UNKNOWN,UNKNOWN,Arcus
2020-09-30 13:10:07,0,51.519653,5.858236,50.773822,10.316181,UNKNOWN,UNKNOWN,Arcus
2020-09-30 13:10:07,2,51.519653,5.858236,50.773822,10.316181,Mavic Pro,DRONE,Arcus
2020-09-30 13:10:07,2,51.519653,5.858236,50.773822,10.316181,Mavic Pro,DRONE,Arcus
2020-09-30 13:10:08,0,51.520369,5.859405,50.630952,10.773481,UNKNOWN,UNKNOWN,Arcus
2020-09-30 13:10:08,0,51.520369,5.859405,50.630952,10.773481,UNKNOWN,UNKNOWN,Arcus
2020-09-30 13:10:09,0,51.519660,5.858348,50.034152,10.410993,UNKNOWN,UNKNOWN,Arcus
2020-09-30 13:10:09,0,51.519660,5.858348,50.034152,10.410993,UNKNOWN,UNKNOWN,Arcus
2020-09-30 13:10:10,0,51.520078,5.858642,51.197992,10.274045,UNKNOWN,UNKNOWN,Arcus
2020-09-30 13:10:12,0,51.519660,5.858348,49.907702,10.410993,UNKNOWN,UNKNOWN,Arcus
2020-09-30 13:10:12,0,51.519660,5.858348,49.907702,10.410993,UNKNOWN,UNKNOWN,Arcus
2020-09-30 13:10:12,0,51.519660,5.858348,49.907702,10.410993,UNKNOWN,UNKNOWN,Arcus
2020-09-30 13:10:12,0,51.519660,5.858348,49.907702,10.410993,UNKNOWN,UNKNOWN,Arcus
2020-09-30 13:10:12,0,51.519660,5.858348,49.907702,10.410993,UNKNOWN,UNKNOWN,Arcus
2020-09-30 13:10:12,0,51.519660,5.858348,49.907702,10.410993,UNKNOWN,UNKNOWN,Arcus
2020-09-30 13:10:12,0,51.519660,5.858348,49.907702,10.410993,UNKNOWN,UNKNOWN,Arcus
2020-09-30 13:10:12,0,51.519660,5.858348,49.907702,10.410993,UNKNOWN,UNKNOWN,Arcus
2020-09-30 13:10:12,0,51.519660,5.858348,49.907702,10.410993,UNKNOWN,UNKNOWN,Arcus
2020-09-30 13:10:14,0,51.520088,5.858548,48.645002,10.495754,UNKNOWN,UNKNOWN,Arcus
2020-09-30 13:10:14,0,51.520088,5.858548,48.645002,10.495754,UNKNOWN,UNKNOWN,Arcus
2020-09-30 13:10:14,0,51.520088,5.858548,48.645002,10.495754,UNKNOWN,UNKNOWN,Arcus
2020-09-30 13:10:14,0,51.520088,5.858548,48.645002,10.495754,UNKNOWN,UNKNOWN,Arcus
2020-09-30 13:10:15,0,51.519770,5.858527,47.900604,10.611018,UNKNOWN,UNKNOWN,Arcus
2020-09-30 13:10:15,1,51.519770,5.858527,47.900604,10.611018,Mavic 2,DRONE,Arcus
2020-09-30 13:10:16,0,51.519653,5.858236,48.033534,10.316181,UNKNOWN,UNKNOWN,Arcus
2020-09-30 13:10:16,0,51.519653,5.858236,48.033534,10.316181,UNKNOWN,UNKNOWN,Arcus
2020-09-30 13:10:16,0,51.519653,5.858236,48.033534,10.316181,UNKNOWN,UNKNOWN,Arcus
2020-09-30 13:10:16,0,51.519653,5.858236,48.033534,10.316181,UNKNOWN,UNKNOWN,Arcus
2020-09-30 13:10:18,1,51.519897,5.858650,46.352524,10.867263,Mavic 2,DRONE,Arcus
2020-09-30 13:10:18,1,51.519897,5.858650,46.352524,10.867263,Mavic 2,DRONE,Arcus
2020-09-30 13:10:18,1,51.519897,5.858650,46.352524,10.867263,Mavic 2,DRONE,Arcus
2020-09-30 13:10:19,0,51.520274,5.858743,48.510254,10.980957,UNKNOWN,UNKNOWN,Arcus
2020-09-30 13:10:21,0,51.519770,5.858527,48.555834,10.611018,UNKNOWN,UNKNOWN,Arcus
2020-09-30 13:10:21,1,51.519770,5.858527,48.555834,10.611018,Mavic 2,DRONE,Arcus
2020-09-30 13:10:24,1,51.519879,5.859010,49.697734,10.820591,Mavic 2,DRONE,Arcus
2020-09-30 13:10:24,1,51.519879,5.859010,49.697734,10.820591,Mavic 2,DRONE,Arcus
2020-09-30 13:10:25,0,51.519824,5.858738,49.857904,10.624549,UNKNOWN,UNKNOWN,Arcus
2020-09-30 13:10:27,1,51.519770,5.858527,50.232314,10.611018,Mavic 2,DRONE,Arcus
2020-09-30 13:10:27,0,51.519770,5.858527,50.232314,10.611018,UNKNOWN,UNKNOWN,Arcus
2020-09-30 13:10:27,0,51.519770,5.858527,50.232314,10.611018,UNKNOWN,UNKNOWN,Arcus
2020-09-30 13:10:29,0,51.519770,5.858527,50.371192,10.611018,UNKNOWN,UNKNOWN,Arcus
2020-09-30 13:10:30,0,51.519770,5.858527,49.632274,10.611018,UNKNOWN,UNKNOWN,Arcus
2020-09-30 13:10:30,0,51.519770,5.858527,49.632274,10.611018,UNKNOWN,UNKNOWN,Arcus
2020-09-30 13:10:30,0,51.519770,5.858527,49.632274,10.611018,UNKNOWN,UNKNOWN,Arcus
2020-09-30 13:10:30,0,51.519770,5.858527,49.632274,10.611018,UNKNOWN,UNKNOWN,Arcus
2020-09-30 13:10:30,2,51.519770,5.858527,49.632274,10.611018,Mavic Pro,DRONE,Arcus
2020-09-30 13:10:30,2,51.519770,5.858527,49.632274,10.611018,Mavic Pro,DRONE,Arcus
2020-09-30 13:10:31,0,51.519653,5.858236,49.734484,10.317656,UNKNOWN,UNKNOWN,Arcus
2020-09-30 13:10:31,0,51.519653,5.858236,49.734484,10.317656,UNKNOWN,UNKNOWN,Arcus
2020-09-30 13:10:33,0,51.519770,5.858527,50.301534,10.611018,UNKNOWN,UNKNOWN,Arcus
2020-09-30 13:10:33,0,51.519770,5.858527,50.301534,10.611018,UNKNOWN,UNKNOWN,Arcus
2020-09-30 13:10:33,0,51.519770,5.858527,50.301534,10.611018,UNKNOWN,UNKNOWN,Arcus
2020-09-30 13:10:35,0,51.519770,5.858527,50.072082,10.611018,UNKNOWN,UNKNOWN,Arcus
2020-09-30 13:10:35,0,51.519770,5.858527,50.072082,10.611018,UNKNOWN,UNKNOWN,Arcus
2020-09-30 13:10:35,0,51.519770,5.858527,50.072082,10.611018,UNKNOWN,UNKNOWN,Arcus
2020-09-30 13:10:35,0,51.519770,5.858527,50.072082,10.611018,UNKNOWN,UNKNOWN,Arcus
2020-09-30 13:10:35,0,51.519770,5.858527,50.072082,10.611018,UNKNOWN,UNKNOWN,Arcus
2020-09-30 13:10:35,0,51.519770,5.858527,50.072082,10.611018,UNKNOWN,UNKNOWN,Arcus
2020-09-30 13:10:36,4,51.519770,5.858527,49.979402,10.611018,Professional V2,DRONE,Arcus
2020-09-30 13:10:36,0,51.519770,5.858527,49.979402,10.611018,UNKNOWN,UNKNOWN,Arcus
2020-09-30 13:10:36,0,51.519770,5.858527,49.979402,10.611018,UNKNOWN,UNKNOWN,Arcus
2020-09-30 13:10:37,0,51.519653,5.858236,50.050292,10.317656,UNKNOWN,UNKNOWN,Arcus
2020-09-30 13:10:37,0,51.519653,5.858236,50.050292,10.317656,UNKNOWN,UNKNOWN,Arcus
2020-09-30 13:10:37,0,51.519653,5.858236,50.050292,10.317656,UNKNOWN,UNKNOWN,Arcus
2020-09-30 13:10:37,0,51.519653,5.858236,50.050292,10.317656,UNKNOWN,UNKNOWN,Arcus
2020-09-30 13:10:37,0,51.519653,5.858236,50.050292,10.317656,UNKNOWN,UNKNOWN,Arcus
2020-09-30 13:10:38,0,51.519683,5.858371,49.973692,10.410993,UNKNOWN,UNKNOWN,Arcus
2020-09-30 13:10:38,0,51.519683,5.858371,49.973692,10.410993,UNKNOWN,UNKNOWN,Arcus
2020-09-30 13:10:38,0,51.519683,5.858371,49.973692,10.410993,UNKNOWN,UNKNOWN,Arcus
2020-09-30 13:10:39,2,51.519759,5.858517,50.841712,10.609543,Mavic Pro,DRONE,Arcus
2020-09-30 13:10:39,0,51.519759,5.858517,50.841712,10.609543,UNKNOWN,UNKNOWN,Arcus
2020-09-30 13:10:39,0,51.519759,5.858517,50.841712,10.609543,UNKNOWN,UNKNOWN,Arcus
2020-09-30 13:10:39,2,51.519759,5.858517,50.841712,10.609543,Mavic Pro,DRONE,Arcus
2020-09-30 13:10:39,2,51.519759,5.858517,50.841712,10.609543,Mavic Pro,DRONE,Arcus
2020-09-30 13:10:39,0,51.519759,5.858517,50.841712,10.609543,UNKNOWN,UNKNOWN,Arcus
2020-09-30 13:10:39,2,51.519759,5.858517,50.841712,10.609543,Mavic Pro,DRONE,Arcus
2020-09-30 13:10:39,0,51.519759,5.858517,50.841712,10.609543,UNKNOWN,UNKNOWN,Arcus
2020-09-30 13:10:39,0,51.519759,5.858517,50.841712,10.609543,UNKNOWN,UNKNOWN,Arcus
2020-09-30 13:10:40,2,51.519642,5.858226,51.537632,10.316181,Mavic Pro,DRONE,Arcus
2020-09-30 13:10:42,0,51.519879,5.859010,51.241612,10.820591,UNKNOWN,UNKNOWN,Arcus
2020-09-30 13:10:42,0,51.519879,5.859010,51.241612,10.820591,UNKNOWN,UNKNOWN,Arcus
2020-09-30 13:10:44,2,51.519879,5.859007,51.698852,10.820591,Mavic Pro,DRONE,Arcus
2020-09-30 13:10:44,0,51.519879,5.859007,51.698852,10.820591,UNKNOWN,UNKNOWN,Arcus
2020-09-30 13:10:44,0,51.519879,5.859007,51.698852,10.820591,UNKNOWN,UNKNOWN,Arcus
2020-09-30 13:10:47,0,51.519879,5.859007,50.855322,10.820591,UNKNOWN,UNKNOWN,Arcus
2020-09-30 13:10:48,2,51.519879,5.859007,51.142502,10.820591,Mavic Pro,DRONE,Arcus
2020-09-30 13:10:48,0,51.519879,5.859007,51.142502,10.820591,UNKNOWN,UNKNOWN,Arcus
2020-09-30 13:10:48,2,51.519879,5.859007,51.142502,10.820591,Mavic Pro,DRONE,Arcus
2020-09-30 13:10:48,2,51.519879,5.859007,51.142502,10.820591,Mavic Pro,DRONE,Arcus
2020-09-30 13:10:48,0,51.519879,5.859007,51.142502,10.820591,UNKNOWN,UNKNOWN,Arcus
2020-09-30 13:10:48,0,51.519879,5.859007,51.142502,10.820591,UNKNOWN,UNKNOWN,Arcus
2020-09-30 13:10:48,0,51.519879,5.859007,51.142502,10.820591,UNKNOWN,UNKNOWN,Arcus
2020-09-30 13:10:48,0,51.519879,5.859007,51.142502,10.820591,UNKNOWN,UNKNOWN,Arcus
2020-09-30 13:10:48,0,51.519879,5.859007,51.142502,10.820591,UNKNOWN,UNKNOWN,Arcus
2020-09-30 13:10:51,2,51.520277,5.860858,51.080142,11.286288,Mavic Pro,DRONE,Arcus
2020-09-30 13:10:51,2,51.520277,5.860858,51.080142,11.286288,Mavic Pro,DRONE,Arcus
2020-09-30 13:10:51,2,51.520277,5.860858,51.080142,11.286288,Mavic Pro,DRONE,Arcus
2020-09-30 13:10:54,2,51.519879,5.859007,50.728242,10.820591,Mavic Pro,DRONE,Arcus
2020-09-30 13:10:54,2,51.519879,5.859007,50.728242,10.820591,Mavic Pro,DRONE,Arcus
2020-09-30 13:10:54,2,51.519879,5.859007,50.728242,10.820591,Mavic Pro,DRONE,Arcus
2020-09-30 13:10:55,2,51.519813,5.858728,50.913792,10.602203,Mavic Pro,DRONE,Arcus
2020-09-30 13:10:56,2,51.519807,5.858899,50.913792,10.620566,Mavic Pro,DRONE,Arcus
2020-09-30 13:10:56,2,51.519807,5.858899,50.913792,10.620566,Mavic Pro,DRONE,Arcus
2020-09-30 13:10:56,2,51.519807,5.858899,50.913792,10.620566,Mavic Pro,DRONE,Arcus
2020-09-30 13:10:56,2,51.519807,5.858899,50.913792,10.620566,Mavic Pro,DRONE,Arcus
2020-09-30 13:10:56,0,51.519807,5.858899,50.913792,10.620566,UNKNOWN,UNKNOWN,Arcus
2020-09-30 13:10:56,2,51.519807,5.858899,50.913792,10.620566,Mavic Pro,DRONE,Arcus
2020-09-30 13:10:56,0,51.519807,5.858899,50.913792,10.620566,UNKNOWN,UNKNOWN,Arcus
2020-09-30 13:10:57,0,51.520334,5.859483,50.913792,10.703550,UNKNOWN,UNKNOWN,Arcus
2020-09-30 13:10:57,0,51.520334,5.859483,50.913792,10.703550,UNKNOWN,UNKNOWN,Arcus
2020-09-30 13:10:57,4,51.520334,5.859483,50.913792,10.703550,Professional V2,DRONE,Arcus
2020-09-30 13:10:58,2,51.520205,5.859259,51.904182,10.657908,Mavic Pro,DRONE,Arcus
2020-09-30 13:10:58,2,51.520205,5.859259,51.904182,10.657908,Mavic Pro,DRONE,Arcus
2020-09-30 13:10:58,2,51.520205,5.859259,51.904182,10.657908,Mavic Pro,DRONE,Arcus
2020-09-30 13:10:58,2,51.520205,5.859259,51.904182,10.657908,Mavic Pro,DRONE,Arcus
2020-09-30 13:10:59,2,51.519865,5.858760,50.459142,10.739940,Mavic Pro,DRONE,Arcus
2020-09-30 13:10:59,2,51.519865,5.858760,50.459142,10.739940,Mavic Pro,DRONE,Arcus
2020-09-30 13:10:59,2,51.519865,5.858760,50.459142,10.739940,Mavic Pro,DRONE,Arcus
2020-09-30 13:11:00,0,51.519794,5.858629,50.459142,10.541389,UNKNOWN,UNKNOWN,Arcus
2020-09-30 13:11:00,0,51.519794,5.858629,50.459142,10.541389,UNKNOWN,UNKNOWN,Arcus
2020-09-30 13:11:00,0,51.519794,5.858629,50.459142,10.541389,UNKNOWN,UNKNOWN,Arcus
2020-09-30 13:11:01,2,51.519791,5.858471,50.809322,10.536353,Mavic Pro,DRONE,Arcus
2020-09-30 13:11:03,0,51.519865,5.858760,50.459142,10.739940,UNKNOWN,UNKNOWN,Arcus
2020-09-30 13:11:03,0,51.519865,5.858760,50.459142,10.739940,UNKNOWN,UNKNOWN,Arcus
2020-09-30 13:11:03,2,51.519865,5.858760,50.459142,10.739940,Mavic Pro,DRONE,Arcus
2020-09-30 13:11:05,2,51.519865,5.858760,50.987022,10.741415,Mavic Pro,DRONE,Arcus
2020-09-30 13:11:06,2,51.520068,5.858868,51.271292,10.508980,Mavic Pro,DRONE,Arcus
2020-09-30 13:11:06,2,51.520068,5.858868,51.271292,10.508980,Mavic Pro,DRONE,Arcus
2020-09-30 13:11:06,2,51.520068,5.858868,51.271292,10.508980,Mavic Pro,DRONE,Arcus
2020-09-30 13:11:06,2,51.520068,5.858868,51.271292,10.508980,Mavic Pro,DRONE,Arcus
2020-09-30 13:11:06,2,51.520068,5.858868,51.271292,10.508980,Mavic Pro,DRONE,Arcus
2020-09-30 13:11:06,2,51.520068,5.858868,51.271292,10.508980,Mavic Pro,DRONE,Arcus
2020-09-30 13:11:07,2,51.519791,5.858471,50.987022,10.536353,Mavic Pro,DRONE,Arcus
2020-09-30 13:11:08,0,51.520790,5.860962,50.987022,11.108845,UNKNOWN,UNKNOWN,Arcus
2020-09-30 13:11:09,2,51.519865,5.858760,50.440442,10.739940,Mavic Pro,DRONE,Arcus
2020-09-30 13:11:09,2,51.519865,5.858760,50.440442,10.739940,Mavic Pro,DRONE,Arcus
2020-09-30 13:11:09,0,51.519865,5.858760,50.440442,10.739940,UNKNOWN,UNKNOWN,Arcus
2020-09-30 13:11:11,2,51.519784,5.858778,51.188222,10.690195,Mavic Pro,DRONE,Arcus
2020-09-30 13:11:11,2,51.519784,5.858778,51.188222,10.690195,Mavic Pro,DRONE,Arcus
2020-09-30 13:11:12,2,51.520198,5.858964,51.181562,10.773481,Mavic Pro,DRONE,Arcus
2020-09-30 13:11:15,2,51.519770,5.858527,49.873532,10.611018,Mavic Pro,DRONE,Arcus
2020-09-30 13:11:15,2,51.519770,5.858527,49.873532,10.611018,Mavic Pro,DRONE,Arcus
2020-09-30 13:11:15,2,51.519770,5.858527,49.873532,10.611018,Mavic Pro,DRONE,Arcus
2020-09-30 13:11:16,2,51.519686,5.858504,49.787872,10.407328,Mavic Pro,DRONE,Arcus
2020-09-30 13:11:16,2,51.519686,5.858504,49.787872,10.407328,Mavic Pro,DRONE,Arcus
2020-09-30 13:11:17,2,51.520198,5.858964,50.328182,10.773481,Mavic Pro,DRONE,Arcus
2020-09-30 13:11:17,2,51.520198,5.858964,50.328182,10.773481,Mavic Pro,DRONE,Arcus
2020-09-30 13:11:18,2,51.520206,5.858713,49.873532,10.694305,Mavic Pro,DRONE,Arcus
2020-09-30 13:11:18,2,51.520206,5.858713,49.873532,10.694305,Mavic Pro,DRONE,Arcus
2020-09-30 13:11:18,2,51.520206,5.858713,49.873532,10.694305,Mavic Pro,DRONE,Arcus
2020-09-30 13:11:18,2,51.520206,5.858713,49.873532,10.694305,Mavic Pro,DRONE,Arcus
2020-09-30 13:11:18,2,51.520206,5.858713,49.873532,10.694305,Mavic Pro,DRONE,Arcus
2020-09-30 13:11:18,2,51.520206,5.858713,49.873532,10.694305,Mavic Pro,DRONE,Arcus
2020-09-30 13:11:21,2,51.520206,5.858713,51.180842,10.694305,Mavic Pro,DRONE,Arcus
2020-09-30 13:11:21,2,51.520206,5.858713,51.180842,10.694305,Mavic Pro,DRONE,Arcus
2020-09-30 13:11:21,2,51.520206,5.858713,51.180842,10.694305,Mavic Pro,DRONE,Arcus
2020-09-30 13:11:24,4,51.520206,5.858713,50.190452,10.694305,Professional V2,DRONE,Arcus
2020-09-30 13:11:24,2,51.520206,5.858713,50.190452,10.694305,Mavic Pro,DRONE,Arcus
2020-09-30 13:11:24,2,51.520206,5.858713,50.190452,10.694305,Mavic Pro,DRONE,Arcus
2020-09-30 13:11:26,0,51.519706,5.857996,49.162182,10.575230,UNKNOWN,UNKNOWN,Arcus
2020-09-30 13:11:26,0,51.519706,5.857996,49.162182,10.575230,UNKNOWN,UNKNOWN,Arcus
2020-09-30 13:11:26,0,51.519706,5.857996,49.162182,10.575230,UNKNOWN,UNKNOWN,Arcus
2020-09-30 13:11:26,0,51.519706,5.857996,49.162182,10.575230,UNKNOWN,UNKNOWN,Arcus
2020-09-30 13:11:27,0,51.519759,5.858517,50.514162,10.609543,UNKNOWN,UNKNOWN,Arcus
2020-09-30 13:11:27,0,51.519759,5.858517,50.514162,10.609543,UNKNOWN,UNKNOWN,Arcus
2020-09-30 13:11:27,0,51.519759,5.858517,50.514162,10.609543,UNKNOWN,UNKNOWN,Arcus
2020-09-30 13:11:27,0,51.519759,5.858517,50.514162,10.609543,UNKNOWN,UNKNOWN,Arcus
2020-09-30 13:11:27,0,51.519759,5.858517,50.514162,10.609543,UNKNOWN,UNKNOWN,Arcus
2020-09-30 13:11:27,0,51.519759,5.858517,50.514162,10.609543,UNKNOWN,UNKNOWN,Arcus
2020-09-30 13:11:27,0,51.519759,5.858517,50.514162,10.609543,UNKNOWN,UNKNOWN,Arcus
2020-09-30 13:11:27,0,51.519759,5.858517,50.514162,10.609543,UNKNOWN,UNKNOWN,Arcus
2020-09-30 13:11:27,0,51.519759,5.858517,50.514162,10.609543,UNKNOWN,UNKNOWN,Arcus
2020-09-30 13:11:28,0,51.519642,5.858226,49.683242,10.316181,UNKNOWN,UNKNOWN,Arcus
2020-09-30 13:11:29,0,51.519759,5.858517,51.162732,10.609543,UNKNOWN,UNKNOWN,Arcus
2020-09-30 13:11:29,0,51.519759,5.858517,51.162732,10.609543,UNKNOWN,UNKNOWN,Arcus
2020-09-30 13:11:30,0,51.519759,5.858517,50.050292,10.609543,UNKNOWN,UNKNOWN,Arcus
2020-09-30 13:11:30,0,51.519759,5.858517,50.050292,10.609543,UNKNOWN,UNKNOWN,Arcus
2020-09-30 13:11:31,0,51.519642,5.858226,50.072082,10.316181,UNKNOWN,UNKNOWN,Arcus
2020-09-30 13:11:33,0,51.519759,5.858517,51.235732,10.609543,UNKNOWN,UNKNOWN,Arcus
2020-09-30 13:11:33,0,51.519759,5.858517,51.235732,10.609543,UNKNOWN,UNKNOWN,Arcus
2020-09-30 13:11:33,2,51.519759,5.858517,51.235732,10.609543,Mavic Pro,DRONE,Arcus
2020-09-30 13:11:35,0,51.519759,5.858517,50.343244,10.609543,UNKNOWN,UNKNOWN,Arcus
2020-09-30 13:11:37,0,51.519653,5.858031,49.882324,10.281869,UNKNOWN,UNKNOWN,Arcus
2020-09-30 13:11:39,0,51.519770,5.858527,50.574432,10.609543,UNKNOWN,UNKNOWN,Arcus
2020-09-30 13:11:39,0,51.519770,5.858527,50.574432,10.609543,UNKNOWN,UNKNOWN,Arcus
2020-09-30 13:11:39,0,51.519770,5.858527,50.574432,10.609543,UNKNOWN,UNKNOWN,Arcus
2020-09-30 13:11:39,2,51.519770,5.858527,50.574432,10.609543,Mavic Pro,DRONE,Arcus
2020-09-30 13:11:39,2,51.519770,5.858527,50.574432,10.609543,Mavic Pro,DRONE,Arcus
2020-09-30 13:11:39,0,51.519770,5.858527,50.574432,10.609543,UNKNOWN,UNKNOWN,Arcus
2020-09-30 13:11:39,0,51.519770,5.858527,50.574432,10.609543,UNKNOWN,UNKNOWN,Arcus
2020-09-30 13:11:39,0,51.519770,5.858527,50.574432,10.609543,UNKNOWN,UNKNOWN,Arcus
2020-09-30 13:11:39,2,51.519770,5.858527,50.574432,10.609543,Mavic Pro,DRONE,Arcus
2020-09-30 13:11:40,0,51.519992,5.858442,49.681322,10.316181,UNKNOWN,UNKNOWN,Arcus
2020-09-30 13:11:41,0,51.522612,5.864796,49.627022,12.547067,UNKNOWN,UNKNOWN,Arcus
2020-09-30 13:11:41,0,51.522612,5.864796,49.627022,12.547067,UNKNOWN,UNKNOWN,Arcus
2020-09-30 13:11:41,0,51.522612,5.864796,49.627022,12.547067,UNKNOWN,UNKNOWN,Arcus
2020-09-30 13:11:41,0,51.522612,5.864796,49.627022,12.547067,UNKNOWN,UNKNOWN,Arcus
2020-09-30 13:11:42,0,51.519770,5.858322,49.931972,10.575230,UNKNOWN,UNKNOWN,Arcus
2020-09-30 13:11:42,0,51.519770,5.858322,49.931972,10.575230,UNKNOWN,UNKNOWN,Arcus
2020-09-30 13:11:42,0,51.519770,5.858322,49.931972,10.575230,UNKNOWN,UNKNOWN,Arcus
2020-09-30 13:11:44,0,51.519770,5.858527,50.087352,10.611018,UNKNOWN,UNKNOWN,Arcus
2020-09-30 13:11:45,4,51.520075,5.858617,50.199032,10.609543,Professional V2,DRONE,Arcus
2020-09-30 13:11:45,0,51.520075,5.858617,50.199032,10.609543,UNKNOWN,UNKNOWN,Arcus
2020-09-30 13:11:45,0,51.520075,5.858617,50.199032,10.609543,UNKNOWN,UNKNOWN,Arcus
2020-09-30 13:11:46,0,51.519653,5.858236,49.658722,10.316181,UNKNOWN,UNKNOWN,Arcus
2020-09-30 13:11:46,0,51.519653,5.858236,49.658722,10.316181,UNKNOWN,UNKNOWN,Arcus
2020-09-30 13:11:48,0,51.519770,5.858527,51.152242,10.611018,UNKNOWN,UNKNOWN,Arcus
2020-09-30 13:11:48,0,51.519770,5.858527,51.152242,10.611018,UNKNOWN,UNKNOWN,Arcus
2020-09-30 13:11:50,0,51.519770,5.858527,50.403862,10.611018,UNKNOWN,UNKNOWN,Arcus
2020-09-30 13:11:50,0,51.519770,5.858527,50.403862,10.611018,UNKNOWN,UNKNOWN,Arcus
2020-09-30 13:11:50,0,51.519770,5.858527,50.403862,10.611018,UNKNOWN,UNKNOWN,Arcus
2020-09-30 13:11:51,0,51.519770,5.858527,49.678872,10.609543,UNKNOWN,UNKNOWN,Arcus
2020-09-30 13:11:51,0,51.519770,5.858527,49.678872,10.609543,UNKNOWN,UNKNOWN,Arcus
2020-09-30 13:11:51,0,51.519770,5.858527,49.678872,10.609543,UNKNOWN,UNKNOWN,Arcus
2020-09-30 13:11:53,0,51.519865,5.858760,50.582872,10.741415,UNKNOWN,UNKNOWN,Arcus
2020-09-30 13:11:56,0,51.519794,5.858629,51.391672,10.541389,UNKNOWN,UNKNOWN,Arcus
2020-09-30 13:11:56,0,51.519794,5.858629,51.391672,10.541389,UNKNOWN,UNKNOWN,Arcus
2020-09-30 13:11:57,0,51.519683,5.858371,51.129392,10.410993,UNKNOWN,UNKNOWN,Arcus
2020-09-30 13:11:59,0,51.519770,5.858527,50.690942,10.611018,UNKNOWN,UNKNOWN,Arcus
2020-09-30 13:12:00,0,51.519865,5.858760,50.672062,10.739940,UNKNOWN,UNKNOWN,Arcus
2020-09-30 13:12:00,0,51.519865,5.858760,50.672062,10.739940,UNKNOWN,UNKNOWN,Arcus
2020-09-30 13:12:00,0,51.519865,5.858760,50.672062,10.739940,UNKNOWN,UNKNOWN,Arcus
2020-09-30 13:12:02,0,51.519865,5.858760,50.214182,10.741415,UNKNOWN,UNKNOWN,Arcus
2020-09-30 13:12:03,0,51.519794,5.858629,50.474382,10.541389,UNKNOWN,UNKNOWN,Arcus
2020-09-30 13:12:03,0,51.519794,5.858629,50.474382,10.541389,UNKNOWN,UNKNOWN,Arcus
2020-09-30 13:12:03,0,51.519794,5.858629,50.474382,10.541389,UNKNOWN,UNKNOWN,Arcus
2020-09-30 13:12:03,0,51.519794,5.858629,50.474382,10.541389,UNKNOWN,UNKNOWN,Arcus
2020-09-30 13:12:03,0,51.519794,5.858629,50.474382,10.541389,UNKNOWN,UNKNOWN,Arcus
2020-09-30 13:12:03,0,51.519794,5.858629,50.474382,10.541389,UNKNOWN,UNKNOWN,Arcus
2020-09-30 13:12:05,0,51.519794,5.858629,49.063442,10.541389,UNKNOWN,UNKNOWN,Arcus
2020-09-30 13:12:05,0,51.519794,5.858629,49.063442,10.541389,UNKNOWN,UNKNOWN,Arcus
2020-09-30 13:12:05,0,51.519794,5.858629,49.063442,10.541389,UNKNOWN,UNKNOWN,Arcus
2020-09-30 13:12:06,0,51.519865,5.858760,49.063442,10.741415,UNKNOWN,UNKNOWN,Arcus
2020-09-30 13:12:08,0,51.519865,5.858760,49.063442,10.741415,UNKNOWN,UNKNOWN,Arcus
2020-09-30 13:12:09,0,51.519865,5.858760,49.472882,10.741415,UNKNOWN,UNKNOWN,Arcus
2020-09-30 13:12:09,0,51.519865,5.858760,49.472882,10.741415,UNKNOWN,UNKNOWN,Arcus
2020-09-30 13:12:09,2,51.519865,5.858760,49.472882,10.741415,Mavic Pro,DRONE,Arcus
2020-09-30 13:12:11,0,51.519794,5.858629,48.953112,10.541389,UNKNOWN,UNKNOWN,Arcus
2020-09-30 13:12:12,0,51.519865,5.858760,49.954842,10.741415,UNKNOWN,UNKNOWN,Arcus
2020-09-30 13:12:12,2,51.519865,5.858760,49.954842,10.741415,Mavic Pro,DRONE,Arcus
2020-09-30 13:12:12,0,51.519865,5.858760,49.954842,10.741415,UNKNOWN,UNKNOWN,Arcus
2020-09-30 13:12:13,2,51.519791,5.858471,50.656502,10.536353,Mavic Pro,DRONE,Arcus
2020-09-30 13:12:15,0,51.519794,5.858629,50.809322,10.541389,UNKNOWN,UNKNOWN,Arcus
2020-09-30 13:12:15,0,51.519794,5.858629,50.809322,10.541389,UNKNOWN,UNKNOWN,Arcus
2020-09-30 13:12:15,0,51.519794,5.858629,50.809322,10.541389,UNKNOWN,UNKNOWN,Arcus
2020-09-30 13:12:18,2,51.519879,5.859010,50.060412,10.820591,Mavic Pro,DRONE,Arcus
2020-09-30 13:12:18,2,51.519879,5.859010,50.060412,10.820591,Mavic Pro,DRONE,Arcus
2020-09-30 13:12:18,0,51.519879,5.859010,50.060412,10.820591,UNKNOWN,UNKNOWN,Arcus
2020-09-30 13:12:21,0,51.519879,5.859010,50.913792,10.820591,UNKNOWN,UNKNOWN,Arcus
2020-09-30 13:12:21,0,51.519879,5.859010,50.913792,10.820591,UNKNOWN,UNKNOWN,Arcus
2020-09-30 13:12:21,0,51.519879,5.859010,50.913792,10.820591,UNKNOWN,UNKNOWN,Arcus
2020-09-30 13:12:21,2,51.519879,5.859010,50.913792,10.820591,Mavic Pro,DRONE,Arcus
2020-09-30 13:12:21,2,51.519879,5.859010,50.913792,10.820591,Mavic Pro,DRONE,Arcus
2020-09-30 13:12:21,0,51.519879,5.859010,50.913792,10.820591,UNKNOWN,UNKNOWN,Arcus
2020-09-30 13:12:24,0,51.519865,5.858760,50.242662,10.741415,UNKNOWN,UNKNOWN,Arcus
2020-09-30 13:12:24,2,51.519865,5.858760,50.242662,10.741415,Mavic Pro,DRONE,Arcus
2020-09-30 13:12:24,2,51.519865,5.858760,50.242662,10.741415,Mavic Pro,DRONE,Arcus
2020-09-30 13:12:25,0,51.519791,5.858471,50.809322,10.536353,UNKNOWN,UNKNOWN,Arcus
2020-09-30 13:12:27,4,51.519794,5.858629,50.459142,10.541389,Professional V2,DRONE,Arcus
2020-09-30 13:12:27,4,51.519794,5.858629,50.459142,10.541389,Professional V2,DRONE,Arcus
2020-09-30 13:12:27,0,51.519794,5.858629,50.459142,10.541389,UNKNOWN,UNKNOWN,Arcus
2020-09-30 13:12:30,2,51.519794,5.858629,50.335052,10.541389,Mavic Pro,DRONE,Arcus
2020-09-30 13:12:30,0,51.519794,5.858629,50.335052,10.541389,UNKNOWN,UNKNOWN,Arcus
2020-09-30 13:12:30,0,51.519794,5.858629,50.335052,10.541389,UNKNOWN,UNKNOWN,Arcus
2020-09-30 13:12:32,0,51.519794,5.858629,49.155222,10.541389,UNKNOWN,UNKNOWN,Arcus
2020-09-30 13:12:32,0,51.519794,5.858629,49.155222,10.541389,UNKNOWN,UNKNOWN,Arcus
2020-09-30 13:12:35,2,51.519879,5.859010,50.060412,10.820591,Mavic Pro,DRONE,Arcus
2020-09-30 13:12:36,0,51.519807,5.858899,48.770922,10.620566,UNKNOWN,UNKNOWN,Arcus
2020-09-30 13:12:36,2,51.519807,5.858899,48.770922,10.620566,Mavic Pro,DRONE,Arcus
2020-09-30 13:12:36,0,51.519807,5.858899,48.770922,10.620566,UNKNOWN,UNKNOWN,Arcus
2020-09-30 13:12:39,0,51.519807,5.858899,48.054242,10.598220,UNKNOWN,UNKNOWN,Arcus
2020-09-30 13:12:39,0,51.519807,5.858899,48.054242,10.598220,UNKNOWN,UNKNOWN,Arcus
2020-09-30 13:12:39,0,51.519807,5.858899,48.054242,10.598220,UNKNOWN,UNKNOWN,Arcus
2020-09-30 13:12:41,1,51.519879,5.859010,49.129652,10.798245,Mavic 2,DRONE,Arcus
2020-09-30 13:12:41,0,51.519879,5.859010,49.129652,10.798245,UNKNOWN,UNKNOWN,Arcus
2020-09-30 13:12:43,0,51.519721,5.858762,48.949222,10.273523,UNKNOWN,UNKNOWN,Arcus
2020-09-30 13:12:45,1,51.520326,5.859451,48.558164,10.655647,Mavic 2,DRONE,Arcus
2020-09-30 13:12:45,1,51.520326,5.859451,48.558164,10.655647,Mavic 2,DRONE,Arcus
2020-09-30 13:12:45,0,51.520326,5.859451,48.558164,10.655647,UNKNOWN,UNKNOWN,Arcus
2020-09-30 13:12:48,0,51.519784,5.858778,48.560912,10.667849,UNKNOWN,UNKNOWN,Arcus
2020-09-30 13:12:48,0,51.519784,5.858778,48.560912,10.667849,UNKNOWN,UNKNOWN,Arcus
2020-09-30 13:12:48,0,51.519784,5.858778,48.560912,10.667849,UNKNOWN,UNKNOWN,Arcus
2020-09-30 13:12:49,0,51.519686,5.858504,48.784792,10.384982,UNKNOWN,UNKNOWN,Arcus
2020-09-30 13:12:51,0,51.520248,5.859218,47.681694,10.523899,UNKNOWN,UNKNOWN,Arcus
2020-09-30 13:12:51,1,51.520248,5.859218,47.681694,10.523899,Mavic 2,DRONE,Arcus
2020-09-30 13:12:51,1,51.520248,5.859218,47.681694,10.523899,Mavic 2,DRONE,Arcus
2020-09-30 13:12:53,0,51.519770,5.858527,48.260064,10.609543,UNKNOWN,UNKNOWN,Arcus
2020-09-30 13:12:53,0,51.519770,5.858527,48.260064,10.609543,UNKNOWN,UNKNOWN,Arcus
2020-09-30 13:12:54,0,51.519784,5.858778,49.918842,10.667849,UNKNOWN,UNKNOWN,Arcus
2020-09-30 13:12:54,0,51.519784,5.858778,49.918842,10.667849,UNKNOWN,UNKNOWN,Arcus
2020-09-30 13:12:54,0,51.519784,5.858778,49.918842,10.667849,UNKNOWN,UNKNOWN,Arcus
2020-09-30 13:12:54,0,51.519784,5.858778,49.918842,10.667849,UNKNOWN,UNKNOWN,Arcus
2020-09-30 13:12:54,0,51.519784,5.858778,49.918842,10.667849,UNKNOWN,UNKNOWN,Arcus
2020-09-30 13:12:54,0,51.519784,5.858778,49.918842,10.667849,UNKNOWN,UNKNOWN,Arcus
2020-09-30 13:12:55,0,51.519653,5.858236,49.605522,10.317656,UNKNOWN,UNKNOWN,Arcus
2020-09-30 13:12:56,1,51.519660,5.858348,47.521204,10.410993,Mavic 2,DRONE,Arcus
2020-09-30 13:12:58,0,51.519653,5.858236,49.039262,10.316181,UNKNOWN,UNKNOWN,Arcus
2020-09-30 13:12:59,0,51.519683,5.858371,48.703282,10.410993,UNKNOWN,UNKNOWN,Arcus
2020-09-30 13:12:59,0,51.519683,5.858371,48.703282,10.410993,UNKNOWN,UNKNOWN,Arcus
2020-09-30 13:12:59,0,51.519683,5.858371,48.703282,10.410993,UNKNOWN,UNKNOWN,Arcus
2020-09-30 13:12:59,0,51.519683,5.858371,48.703282,10.410993,UNKNOWN,UNKNOWN,Arcus
2020-09-30 13:13:00,0,51.520089,5.858789,50.084482,10.490169,UNKNOWN,UNKNOWN,Arcus
2020-09-30 13:13:00,0,51.520089,5.858789,50.084482,10.490169,UNKNOWN,UNKNOWN,Arcus
2020-09-30 13:13:00,0,51.520089,5.858789,50.084482,10.490169,UNKNOWN,UNKNOWN,Arcus
2020-09-30 13:13:00,0,51.520089,5.858789,50.084482,10.490169,UNKNOWN,UNKNOWN,Arcus
2020-09-30 13:13:00,0,51.520089,5.858789,50.084482,10.490169,UNKNOWN,UNKNOWN,Arcus
2020-09-30 13:13:00,0,51.520089,5.858789,50.084482,10.490169,UNKNOWN,UNKNOWN,Arcus
2020-09-30 13:13:00,0,51.520089,5.858789,50.084482,10.490169,UNKNOWN,UNKNOWN,Arcus
2020-09-30 13:13:00,0,51.520089,5.858789,50.084482,10.490169,UNKNOWN,UNKNOWN,Arcus
2020-09-30 13:13:00,0,51.520089,5.858789,50.084482,10.490169,UNKNOWN,UNKNOWN,Arcus
2020-09-30 13:13:00,0,51.520089,5.858789,50.084482,10.490169,UNKNOWN,UNKNOWN,Arcus
2020-09-30 13:13:00,0,51.520089,5.858789,50.084482,10.490169,UNKNOWN,UNKNOWN,Arcus
2020-09-30 13:13:00,0,51.520089,5.858789,50.084482,10.490169,UNKNOWN,UNKNOWN,Arcus
2020-09-30 13:13:00,0,51.520089,5.858789,50.084482,10.490169,UNKNOWN,UNKNOWN,Arcus
2020-09-30 13:13:00,0,51.520089,5.858789,50.084482,10.490169,UNKNOWN,UNKNOWN,Arcus
2020-09-30 13:13:00,0,51.520089,5.858789,50.084482,10.490169,UNKNOWN,UNKNOWN,Arcus
2020-09-30 13:13:00,0,51.520089,5.858789,50.084482,10.490169,UNKNOWN,UNKNOWN,Arcus
2020-09-30 13:13:00,0,51.520089,5.858789,50.084482,10.490169,UNKNOWN,UNKNOWN,Arcus
2020-09-30 13:13:00,0,51.520089,5.858789,50.084482,10.490169,UNKNOWN,UNKNOWN,Arcus
2020-09-30 13:13:00,0,51.520089,5.858789,50.084482,10.490169,UNKNOWN,UNKNOWN,Arcus
2020-09-30 13:13:00,0,51.520089,5.858789,50.084482,10.490169,UNKNOWN,UNKNOWN,Arcus
2020-09-30 13:13:00,0,51.520089,5.858789,50.084482,10.490169,UNKNOWN,UNKNOWN,Arcus
2020-09-30 13:13:00,0,51.520089,5.858789,50.084482,10.490169,UNKNOWN,UNKNOWN,Arcus
2020-09-30 13:13:00,0,51.520089,5.858789,50.084482,10.490169,UNKNOWN,UNKNOWN,Arcus
2020-09-30 13:13:00,0,51.520089,5.858789,50.084482,10.490169,UNKNOWN,UNKNOWN,Arcus
2020-09-30 13:13:00,0,51.520089,5.858789,50.084482,10.490169,UNKNOWN,UNKNOWN,Arcus
2020-09-30 13:13:00,0,51.520089,5.858789,50.084482,10.490169,UNKNOWN,UNKNOWN,Arcus
2020-09-30 13:13:00,0,51.520089,5.858789,50.084482,10.490169,UNKNOWN,UNKNOWN,Arcus
2020-09-30 13:13:00,0,51.520089,5.858789,50.084482,10.490169,UNKNOWN,UNKNOWN,Arcus
2020-09-30 13:13:00,0,51.520089,5.858789,50.084482,10.490169,UNKNOWN,UNKNOWN,Arcus
2020-09-30 13:13:00,0,51.520089,5.858789,50.084482,10.490169,UNKNOWN,UNKNOWN,Arcus
2020-09-30 13:13:03,0,51.520326,5.859389,49.297202,10.774956,UNKNOWN,UNKNOWN,Arcus
2020-09-30 13:13:03,0,51.520326,5.859389,49.297202,10.774956,UNKNOWN,UNKNOWN,Arcus
2020-09-30 13:13:03,0,51.520326,5.859389,49.297202,10.774956,UNKNOWN,UNKNOWN,Arcus
2020-09-30 13:13:03,0,51.520326,5.859389,49.297202,10.774956,UNKNOWN,UNKNOWN,Arcus
2020-09-30 13:13:03,0,51.520326,5.859389,49.297202,10.774956,UNKNOWN,UNKNOWN,Arcus
2020-09-30 13:13:03,0,51.520326,5.859389,49.297202,10.774956,UNKNOWN,UNKNOWN,Arcus
2020-09-30 13:13:06,0,51.519674,5.858741,50.037290,10.572976,UNKNOWN,UNKNOWN,Arcus
2020-09-30 13:13:06,0,51.519674,5.858741,50.037290,10.572976,UNKNOWN,UNKNOWN,Arcus
2020-09-30 13:13:06,0,51.519674,5.858741,50.037290,10.572976,UNKNOWN,UNKNOWN,Arcus
2020-09-30 13:13:06,0,51.519674,5.858741,50.037290,10.572976,UNKNOWN,UNKNOWN,Arcus
2020-09-30 13:13:08,0,51.520176,5.859614,49.936262,10.309744,UNKNOWN,UNKNOWN,Arcus
2020-09-30 13:13:08,2,51.520176,5.859614,49.936262,10.309744,Mavic Pro,DRONE,Arcus
2020-09-30 13:13:08,0,51.520176,5.859614,49.936262,10.309744,UNKNOWN,UNKNOWN,Arcus
2020-09-30 13:13:08,0,51.520176,5.859614,49.936262,10.309744,UNKNOWN,UNKNOWN,Arcus
2020-09-30 13:13:09,0,51.520351,5.859251,49.758142,10.307478,UNKNOWN,UNKNOWN,Arcus
2020-09-30 13:13:09,0,51.520351,5.859251,49.758142,10.307478,UNKNOWN,UNKNOWN,Arcus
2020-09-30 13:13:12,2,51.520176,5.859608,49.618082,10.309744,Mavic Pro,DRONE,Arcus
2020-09-30 13:13:12,2,51.520176,5.859608,49.618082,10.309744,Mavic Pro,DRONE,Arcus
2020-09-30 13:13:12,0,51.520176,5.859608,49.618082,10.309744,UNKNOWN,UNKNOWN,Arcus
2020-09-30 13:13:15,0,51.519784,5.858778,49.780172,10.690195,UNKNOWN,UNKNOWN,Arcus
2020-09-30 13:13:15,4,51.519784,5.858778,49.780172,10.690195,Professional V2,DRONE,Arcus
2020-09-30 13:13:15,0,51.519784,5.858778,49.780172,10.690195,UNKNOWN,UNKNOWN,Arcus
2020-09-30 13:13:16,0,51.520086,5.859047,49.758142,10.440989,UNKNOWN,UNKNOWN,Arcus
2020-09-30 13:13:16,0,51.520086,5.859047,49.758142,10.440989,UNKNOWN,UNKNOWN,Arcus
2020-09-30 13:13:16,2,51.520086,5.859047,49.758142,10.440989,Mavic Pro,DRONE,Arcus
2020-09-30 13:13:17,0,51.520326,5.859389,49.568492,10.774956,UNKNOWN,UNKNOWN,Arcus
2020-09-30 13:13:17,0,51.520326,5.859389,49.568492,10.774956,UNKNOWN,UNKNOWN,Arcus
2020-09-30 13:13:17,0,51.520326,5.859389,49.568492,10.774956,UNKNOWN,UNKNOWN,Arcus
2020-09-30 13:13:17,0,51.520326,5.859389,49.568492,10.774956,UNKNOWN,UNKNOWN,Arcus
2020-09-30 13:13:17,0,51.520326,5.859389,49.568492,10.774956,UNKNOWN,UNKNOWN,Arcus
2020-09-30 13:13:17,0,51.520326,5.859389,49.568492,10.774956,UNKNOWN,UNKNOWN,Arcus
2020-09-30 13:13:17,0,51.520326,5.859389,49.568492,10.774956,UNKNOWN,UNKNOWN,Arcus
2020-09-30 13:13:18,0,51.519772,5.858767,49.969672,10.666374,UNKNOWN,UNKNOWN,Arcus
2020-09-30 13:13:18,0,51.519772,5.858767,49.969672,10.666374,UNKNOWN,UNKNOWN,Arcus
2020-09-30 13:13:18,0,51.519772,5.858767,49.969672,10.666374,UNKNOWN,UNKNOWN,Arcus
2020-09-30 13:13:18,0,51.519772,5.858767,49.969672,10.666374,UNKNOWN,UNKNOWN,Arcus
2020-09-30 13:13:18,0,51.519772,5.858767,49.969672,10.666374,UNKNOWN,UNKNOWN,Arcus
2020-09-30 13:13:18,0,51.519772,5.858767,49.969672,10.666374,UNKNOWN,UNKNOWN,Arcus
2020-09-30 13:13:18,0,51.519772,5.858767,49.969672,10.666374,UNKNOWN,UNKNOWN,Arcus
2020-09-30 13:13:18,0,51.519772,5.858767,49.969672,10.666374,UNKNOWN,UNKNOWN,Arcus
2020-09-30 13:13:18,0,51.519772,5.858767,49.969672,10.666374,UNKNOWN,UNKNOWN,Arcus
2020-09-30 13:13:18,0,51.519772,5.858767,49.969672,10.666374,UNKNOWN,UNKNOWN,Arcus
2020-09-30 13:13:18,0,51.519772,5.858767,49.969672,10.666374,UNKNOWN,UNKNOWN,Arcus
2020-09-30 13:13:18,0,51.519772,5.858767,49.969672,10.666374,UNKNOWN,UNKNOWN,Arcus
2020-09-30 13:13:18,0,51.519772,5.858767,49.969672,10.666374,UNKNOWN,UNKNOWN,Arcus
2020-09-30 13:13:18,0,51.519772,5.858767,49.969672,10.666374,UNKNOWN,UNKNOWN,Arcus
2020-09-30 13:13:18,0,51.519772,5.858767,49.969672,10.666374,UNKNOWN,UNKNOWN,Arcus
2020-09-30 13:13:19,2,51.519740,5.858569,50.337862,10.403653,Mavic Pro,DRONE,Arcus
2020-09-30 13:13:19,0,51.519740,5.858569,50.337862,10.403653,UNKNOWN,UNKNOWN,Arcus
2020-09-30 13:13:19,0,51.519740,5.858569,50.337862,10.403653,UNKNOWN,UNKNOWN,Arcus
2020-09-30 13:13:21,0,51.519868,5.858999,49.225582,10.796770,UNKNOWN,UNKNOWN,Arcus
2020-09-30 13:13:21,0,51.519868,5.858999,49.225582,10.796770,UNKNOWN,UNKNOWN,Arcus
2020-09-30 13:13:22,2,51.519813,5.858728,50.664712,10.602203,Mavic Pro,DRONE,Arcus
2020-09-30 13:13:24,0,51.519868,5.858999,50.238312,10.796770,UNKNOWN,UNKNOWN,Arcus
2020-09-30 13:13:24,0,51.519868,5.858999,50.238312,10.796770,UNKNOWN,UNKNOWN,Arcus
2020-09-30 13:13:24,0,51.519868,5.858999,50.238312,10.796770,UNKNOWN,UNKNOWN,Arcus
2020-09-30 13:13:25,2,51.520128,5.858950,49.898022,10.859710,Mavic Pro,DRONE,Arcus
2020-09-30 13:13:25,2,51.520128,5.858950,49.898022,10.859710,Mavic Pro,DRONE,Arcus
2020-09-30 13:13:25,2,51.520128,5.858950,49.898022,10.859710,Mavic Pro,DRONE,Arcus
2020-09-30 13:13:26,2,51.519772,5.858767,49.736332,10.666374,Mavic Pro,DRONE,Arcus
2020-09-30 13:13:26,2,51.519772,5.858767,49.736332,10.666374,Mavic Pro,DRONE,Arcus
2020-09-30 13:13:26,2,51.519772,5.858767,49.736332,10.666374,Mavic Pro,DRONE,Arcus
2020-09-30 13:13:26,2,51.519772,5.858767,49.736332,10.666374,Mavic Pro,DRONE,Arcus
2020-09-30 13:13:27,0,51.519772,5.858767,49.958882,10.666374,UNKNOWN,UNKNOWN,Arcus
2020-09-30 13:13:27,0,51.519772,5.858767,49.958882,10.666374,UNKNOWN,UNKNOWN,Arcus
2020-09-30 13:13:28,2,51.519675,5.858493,49.958882,10.383507,Mavic Pro,DRONE,Arcus
2020-09-30 13:13:28,2,51.519675,5.858493,49.958882,10.383507,Mavic Pro,DRONE,Arcus
2020-09-30 13:13:29,2,51.519772,5.858767,50.637872,10.666374,Mavic Pro,DRONE,Arcus
2020-09-30 13:13:29,2,51.519772,5.858767,50.637872,10.666374,Mavic Pro,DRONE,Arcus
2020-09-30 13:13:29,2,51.519772,5.858767,50.637872,10.666374,Mavic Pro,DRONE,Arcus
2020-09-30 13:13:29,2,51.519772,5.858767,50.637872,10.666374,Mavic Pro,DRONE,Arcus
2020-09-30 13:13:30,0,51.519772,5.858767,49.800302,10.666374,UNKNOWN,UNKNOWN,Arcus
2020-09-30 13:13:30,0,51.519772,5.858767,49.800302,10.666374,UNKNOWN,UNKNOWN,Arcus
2020-09-30 13:13:30,2,51.519772,5.858767,49.800302,10.666374,Mavic Pro,DRONE,Arcus
2020-09-30 13:13:33,4,51.519772,5.858767,49.259992,10.666374,Professional V2,DRONE,Arcus
2020-09-30 13:13:33,0,51.519772,5.858767,49.259992,10.666374,UNKNOWN,UNKNOWN,Arcus
2020-09-30 13:13:33,0,51.519772,5.858767,49.259992,10.666374,UNKNOWN,UNKNOWN,Arcus
2020-09-30 13:13:34,0,51.519642,5.858226,47.997032,10.316181,UNKNOWN,UNKNOWN,Arcus
2020-09-30 13:13:35,0,51.519759,5.858517,49.170292,10.609543,UNKNOWN,UNKNOWN,Arcus
2020-09-30 13:13:36,2,51.519759,5.858517,48.906622,10.609543,Mavic Pro,DRONE,Arcus
2020-09-30 13:13:36,0,51.519759,5.858517,48.906622,10.609543,UNKNOWN,UNKNOWN,Arcus
2020-09-30 13:13:36,0,51.519759,5.858517,48.906622,10.609543,UNKNOWN,UNKNOWN,Arcus
2020-09-30 13:13:37,0,51.519780,5.858460,48.547864,10.534878,UNKNOWN,UNKNOWN,Arcus
2020-09-30 13:13:37,0,51.519780,5.858460,48.547864,10.534878,UNKNOWN,UNKNOWN,Arcus
2020-09-30 13:13:37,0,51.519780,5.858460,48.547864,10.534878,UNKNOWN,UNKNOWN,Arcus
2020-09-30 13:13:37,0,51.519780,5.858460,48.547864,10.534878,UNKNOWN,UNKNOWN,Arcus
2020-09-30 13:13:37,0,51.519780,5.858460,48.547864,10.534878,UNKNOWN,UNKNOWN,Arcus
2020-09-30 13:13:38,0,51.519759,5.858517,48.105704,10.609543,UNKNOWN,UNKNOWN,Arcus
2020-09-30 13:13:39,0,51.519759,5.858517,48.776574,10.609543,UNKNOWN,UNKNOWN,Arcus
2020-09-30 13:13:39,0,51.519759,5.858517,48.776574,10.609543,UNKNOWN,UNKNOWN,Arcus
2020-09-30 13:13:39,0,51.519759,5.858517,48.776574,10.609543,UNKNOWN,UNKNOWN,Arcus
2020-09-30 13:13:39,0,51.519759,5.858517,48.776574,10.609543,UNKNOWN,UNKNOWN,Arcus
2020-09-30 13:13:39,0,51.519759,5.858517,48.776574,10.609543,UNKNOWN,UNKNOWN,Arcus
2020-09-30 13:13:39,0,51.519759,5.858517,48.776574,10.609543,UNKNOWN,UNKNOWN,Arcus
2020-09-30 13:13:39,0,51.519759,5.858517,48.776574,10.609543,UNKNOWN,UNKNOWN,Arcus
2020-09-30 13:13:39,0,51.519759,5.858517,48.776574,10.609543,UNKNOWN,UNKNOWN,Arcus
2020-09-30 13:13:39,0,51.519759,5.858517,48.776574,10.609543,UNKNOWN,UNKNOWN,Arcus
2020-09-30 13:13:40,0,51.519642,5.858226,49.289162,10.316181,UNKNOWN,UNKNOWN,Arcus
2020-09-30 13:13:40,0,51.519642,5.858226,49.289162,10.316181,UNKNOWN,UNKNOWN,Arcus
2020-09-30 13:13:40,0,51.519642,5.858226,49.289162,10.316181,UNKNOWN,UNKNOWN,Arcus
2020-09-30 13:13:40,0,51.519642,5.858226,49.289162,10.316181,UNKNOWN,UNKNOWN,Arcus
2020-09-30 13:13:40,0,51.519642,5.858226,49.289162,10.316181,UNKNOWN,UNKNOWN,Arcus
2020-09-30 13:13:40,0,51.519642,5.858226,49.289162,10.316181,UNKNOWN,UNKNOWN,Arcus
2020-09-30 13:13:42,0,51.519759,5.858517,51.943422,10.609543,UNKNOWN,UNKNOWN,Arcus
2020-09-30 13:13:42,4,51.519759,5.858517,51.943422,10.609543,Professional V2,DRONE,Arcus
2020-09-30 13:13:42,0,51.519759,5.858517,51.943422,10.609543,UNKNOWN,UNKNOWN,Arcus
2020-09-30 13:13:43,0,51.519642,5.858226,75.415071,10.316181,UNKNOWN,UNKNOWN,Arcus
2020-09-30 13:13:44,0,51.519772,5.858767,74.255681,10.666374,UNKNOWN,UNKNOWN,Arcus
2020-09-30 13:13:45,0,51.519772,5.858767,74.651806,10.666374,UNKNOWN,UNKNOWN,Arcus
2020-09-30 13:13:45,0,51.519772,5.858767,74.651806,10.666374,UNKNOWN,UNKNOWN,Arcus
2020-09-30 13:13:45,0,51.519772,5.858767,74.651806,10.666374,UNKNOWN,UNKNOWN,Arcus
2020-09-30 13:13:47,0,51.519772,5.858767,74.625701,10.666374,UNKNOWN,UNKNOWN,Arcus
2020-09-30 13:13:47,0,51.519772,5.858767,74.625701,10.666374,UNKNOWN,UNKNOWN,Arcus
2020-09-30 13:13:47,0,51.519772,5.858767,74.625701,10.666374,UNKNOWN,UNKNOWN,Arcus
2020-09-30 13:13:48,0,51.519772,5.858767,75.571247,10.666374,UNKNOWN,UNKNOWN,Arcus
2020-09-30 13:13:48,0,51.519772,5.858767,75.571247,10.666374,UNKNOWN,UNKNOWN,Arcus
2020-09-30 13:13:48,0,51.519772,5.858767,75.571247,10.666374,UNKNOWN,UNKNOWN,Arcus
2020-09-30 13:13:48,0,51.519772,5.858767,75.571247,10.666374,UNKNOWN,UNKNOWN,Arcus
2020-09-30 13:13:48,0,51.519772,5.858767,75.571247,10.666374,UNKNOWN,UNKNOWN,Arcus
2020-09-30 13:13:48,0,51.519772,5.858767,75.571247,10.666374,UNKNOWN,UNKNOWN,Arcus
2020-09-30 13:13:48,0,51.519772,5.858767,75.571247,10.666374,UNKNOWN,UNKNOWN,Arcus
2020-09-30 13:13:48,0,51.519772,5.858767,75.571247,10.666374,UNKNOWN,UNKNOWN,Arcus
2020-09-30 13:13:48,0,51.519772,5.858767,75.571247,10.666374,UNKNOWN,UNKNOWN,Arcus
2020-09-30 13:13:49,0,51.519675,5.858493,48.495014,10.383507,UNKNOWN,UNKNOWN,Arcus
2020-09-30 13:13:49,0,51.519675,5.858493,48.495014,10.383507,UNKNOWN,UNKNOWN,Arcus
2020-09-30 13:13:49,0,51.519675,5.858493,48.495014,10.383507,UNKNOWN,UNKNOWN,Arcus
2020-09-30 13:13:49,0,51.519675,5.858493,48.495014,10.383507,UNKNOWN,UNKNOWN,Arcus
2020-09-30 13:13:49,0,51.519675,5.858493,48.495014,10.383507,UNKNOWN,UNKNOWN,Arcus
2020-09-30 13:13:49,0,51.519675,5.858493,48.495014,10.383507,UNKNOWN,UNKNOWN,Arcus
2020-09-30 13:13:49,0,51.519675,5.858493,48.495014,10.383507,UNKNOWN,UNKNOWN,Arcus
2020-09-30 13:13:49,0,51.519675,5.858493,48.495014,10.383507,UNKNOWN,UNKNOWN,Arcus
2020-09-30 13:13:49,0,51.519675,5.858493,48.495014,10.383507,UNKNOWN,UNKNOWN,Arcus
2020-09-30 13:13:49,0,51.519675,5.858493,48.495014,10.383507,UNKNOWN,UNKNOWN,Arcus
2020-09-30 13:13:50,0,51.519759,5.858517,49.650922,10.609543,UNKNOWN,UNKNOWN,Arcus
2020-09-30 13:13:50,0,51.519759,5.858517,49.650922,10.609543,UNKNOWN,UNKNOWN,Arcus
2020-09-30 13:13:51,0,51.519759,5.858517,62.668207,10.609543,UNKNOWN,UNKNOWN,Arcus
2020-09-30 13:13:51,0,51.519759,5.858517,62.668207,10.609543,UNKNOWN,UNKNOWN,Arcus
2020-09-30 13:13:51,2,51.519759,5.858517,62.668207,10.609543,Mavic Pro,DRONE,Arcus
2020-09-30 13:13:53,0,51.519772,5.858767,48.210844,10.666374,UNKNOWN,UNKNOWN,Arcus
2020-09-30 13:13:53,0,51.519772,5.858767,48.210844,10.666374,UNKNOWN,UNKNOWN,Arcus
2020-09-30 13:13:54,1,51.519759,5.858517,48.632544,10.609543,Mavic 2,DRONE,Arcus
2020-09-30 13:13:54,1,51.519759,5.858517,48.632544,10.609543,Mavic 2,DRONE,Arcus
2020-09-30 13:13:57,2,51.519759,5.858517,49.731242,10.609543,Mavic Pro,DRONE,Arcus
2020-09-30 13:13:57,0,51.519759,5.858517,49.731242,10.609543,UNKNOWN,UNKNOWN,Arcus
2020-09-30 13:13:57,0,51.519759,5.858517,49.731242,10.609543,UNKNOWN,UNKNOWN,Arcus
2020-09-30 13:13:58,0,51.519675,5.858493,50.787662,10.383507,UNKNOWN,UNKNOWN,Arcus
2020-09-30 13:13:58,0,51.519675,5.858493,50.787662,10.383507,UNKNOWN,UNKNOWN,Arcus
2020-09-30 13:13:59,0,51.519759,5.858517,49.618082,10.609543,UNKNOWN,UNKNOWN,Arcus
2020-09-30 13:14:00,2,51.519759,5.858517,49.854842,10.609543,Mavic Pro,DRONE,Arcus
2020-09-30 13:14:00,2,51.519759,5.858517,49.854842,10.609543,Mavic Pro,DRONE,Arcus
2020-09-30 13:14:00,2,51.519759,5.858517,49.854842,10.609543,Mavic Pro,DRONE,Arcus
2020-09-30 13:14:00,2,51.519759,5.858517,49.854842,10.609543,Mavic Pro,DRONE,Arcus
2020-09-30 13:14:00,2,51.519759,5.858517,49.854842,10.609543,Mavic Pro,DRONE,Arcus
2020-09-30 13:14:00,2,51.519759,5.858517,49.854842,10.609543,Mavic Pro,DRONE,Arcus
2020-09-30 13:14:00,0,51.519759,5.858517,49.854842,10.609543,UNKNOWN,UNKNOWN,Arcus
2020-09-30 13:14:00,0,51.519759,5.858517,49.854842,10.609543,UNKNOWN,UNKNOWN,Arcus
2020-09-30 13:14:00,2,51.519759,5.858517,49.854842,10.609543,Mavic Pro,DRONE,Arcus
2020-09-30 13:14:02,2,51.519772,5.858767,50.664704,10.666374,Mavic Pro,DRONE,Arcus
2020-09-30 13:14:02,2,51.519772,5.858767,50.664704,10.666374,Mavic Pro,DRONE,Arcus
2020-09-30 13:14:02,2,51.519772,5.858767,50.664704,10.666374,Mavic Pro,DRONE,Arcus
2020-09-30 13:14:02,2,51.519772,5.858767,50.664704,10.666374,Mavic Pro,DRONE,Arcus
2020-09-30 13:14:02,2,51.519772,5.858767,50.664704,10.666374,Mavic Pro,DRONE,Arcus
2020-09-30 13:14:03,2,51.519759,5.858517,49.693264,10.609543,Mavic Pro,DRONE,Arcus
2020-09-30 13:14:03,2,51.519759,5.858517,49.693264,10.609543,Mavic Pro,DRONE,Arcus
2020-09-30 13:14:03,0,51.519759,5.858517,49.693264,10.609543,UNKNOWN,UNKNOWN,Arcus
2020-09-30 13:14:03,0,51.519759,5.858517,49.693264,10.609543,UNKNOWN,UNKNOWN,Arcus
2020-09-30 13:14:03,0,51.519759,5.858517,49.693264,10.609543,UNKNOWN,UNKNOWN,Arcus
2020-09-30 13:14:03,2,51.519759,5.858517,49.693264,10.609543,Mavic Pro,DRONE,Arcus
2020-09-30 13:14:03,0,51.519759,5.858517,49.693264,10.609543,UNKNOWN,UNKNOWN,Arcus
2020-09-30 13:14:03,0,51.519759,5.858517,49.693264,10.609543,UNKNOWN,UNKNOWN,Arcus
2020-09-30 13:14:03,0,51.519759,5.858517,49.693264,10.609543,UNKNOWN,UNKNOWN,Arcus
2020-09-30 13:14:03,0,51.519759,5.858517,49.693264,10.609543,UNKNOWN,UNKNOWN,Arcus
2020-09-30 13:14:03,2,51.519759,5.858517,49.693264,10.609543,Mavic Pro,DRONE,Arcus
2020-09-30 13:14:03,0,51.519759,5.858517,49.693264,10.609543,UNKNOWN,UNKNOWN,Arcus
