total in seconds,datetime(utc),AlviraTracksTrackPosition_Latitude,AlviraTracksTrackPosition_Longitude,AlviraTracksTrackPosition_Altitude,AlviraTracksTrackVelocity_Azimuth,AlviraTracksTrackVelocity_Elevation,AlviraTracksTrackVelocity_Speed,AlviraTracksTrack_Reflection,AlviraTracksTrack_Score,AlviraTracksTrack_Alarm,AlviraSystemStatusSensorPosition_Latitude,AlviraSystemStatusSensorPosition_Longitude,AlviraSystemStatusSensorPosition_Altitude,AlviraSystemStatusSensorStatusBlankSector_Angle,AlviraSystemStatusSensorStatusBlankSector_Span,DRONE,NO_DRONE,SUSPECTED_DRONE
1601385496,2020-09-29 13:18:16,0.000000,0.000000,0.000000,0.000000,0.000000,0.000000,0.000000,0.000000,0,0.000000,0.000000,0.000000,0.000000,0.000000,0.000000,0.000000,1.000000
1601385497,2020-09-29 13:18:17,0.000000,0.000000,0.000000,0.000000,0.000000,0.000000,0.000000,0.000000,0,0.000000,0.000000,0.000000,0.000000,0.000000,0.000000,0.000000,1.000000
1601385498,2020-09-29 13:18:18,0.000000,0.000000,0.000000,0.000000,0.000000,0.000000,0.000000,0.000000,0,0.000000,0.000000,0.000000,0.000000,0.000000,0.000000,0.000000,1.000000
1601385500,2020-09-29 13:18:20,0.000000,0.000000,0.000000,0.000000,0.000000,0.000000,0.000000,0.000000,0,0.000000,0.000000,0.000000,0.000000,0.000000,0.000000,0.000000,1.000000
1601385501,2020-09-29 13:18:21,0.000000,0.000000,0.000000,0.000000,0.000000,0.000000,0.000000,0.000000,0,0.000000,0.000000,0.000000,0.000000,0.000000,0.000000,0.000000,1.000000
1601385502,2020-09-29 13:18:22,0.000000,0.000000,0.000000,0.000000,0.000000,0.000000,0.000000,0.000000,0,0.000000,0.000000,0.000000,0.000000,0.000000,0.000000,0.000000,1.000000
1601385504,2020-09-29 13:18:24,0.000000,0.000000,0.000000,0.000000,0.000000,0.000000,0.000000,0.000000,0,0.000000,0.000000,0.000000,0.000000,0.000000,0.000000,0.000000,1.000000
1601385505,2020-09-29 13:18:25,0.000000,0.000000,0.000000,0.000000,0.000000,0.000000,0.000000,0.000000,0,0.000000,0.000000,0.000000,0.000000,0.000000,0.000000,0.000000,1.000000
1601385506,2020-09-29 13:18:26,0.000000,0.000000,0.000000,0.000000,0.000000,0.000000,0.000000,0.000000,0,0.000000,0.000000,0.000000,0.000000,0.000000,0.000000,0.000000,1.000000
1601385507,2020-09-29 13:18:27,0.000000,0.000000,0.000000,0.000000,0.000000,0.000000,0.000000,0.000000,0,0.000000,0.000000,0.000000,0.000000,0.000000,0.000000,0.000000,1.000000
1601385509,2020-09-29 13:18:29,0.000000,0.000000,0.000000,0.000000,0.000000,0.000000,0.000000,0.000000,0,0.000000,0.000000,0.000000,0.000000,0.000000,0.000000,0.000000,1.000000
1601385510,2020-09-29 13:18:30,0.000000,0.000000,0.000000,0.000000,0.000000,0.000000,0.000000,0.000000,0,0.000000,0.000000,0.000000,0.000000,0.000000,0.000000,0.000000,1.000000
1601385511,2020-09-29 13:18:31,0.000000,0.000000,0.000000,0.000000,0.000000,0.000000,0.000000,0.000000,0,0.000000,0.000000,0.000000,0.000000,0.000000,0.000000,0.000000,1.000000
1601385513,2020-09-29 13:18:33,0.000000,0.000000,0.000000,0.000000,0.000000,0.000000,0.000000,0.000000,0,0.000000,0.000000,0.000000,0.000000,0.000000,0.000000,0.000000,1.000000
1601385514,2020-09-29 13:18:34,0.000000,0.000000,0.000000,0.000000,0.000000,0.000000,0.000000,0.000000,0,0.000000,0.000000,0.000000,0.000000,0.000000,0.000000,0.000000,1.000000
1601385515,2020-09-29 13:18:35,0.000000,0.000000,0.000000,0.000000,0.000000,0.000000,0.000000,0.000000,0,0.000000,0.000000,0.000000,0.000000,0.000000,0.000000,0.000000,1.000000
1601385517,2020-09-29 13:18:37,0.000000,0.000000,0.000000,0.000000,0.000000,0.000000,0.000000,0.000000,0,0.000000,0.000000,0.000000,0.000000,0.000000,0.000000,0.000000,1.000000
1601385518,2020-09-29 13:18:38,0.000000,0.000000,0.000000,0.000000,0.000000,0.000000,0.000000,0.000000,0,0.000000,0.000000,0.000000,0.000000,0.000000,0.000000,0.000000,1.000000
1601385519,2020-09-29 13:18:39,0.000000,0.000000,0.000000,0.000000,0.000000,0.000000,0.000000,0.000000,0,0.000000,0.000000,0.000000,0.000000,0.000000,0.000000,0.000000,1.000000
1601385520,2020-09-29 13:18:40,0.000000,0.000000,0.000000,0.000000,0.000000,0.000000,0.000000,0.000000,0,0.000000,0.000000,0.000000,0.000000,0.000000,0.000000,0.000000,1.000000
1601385521,2020-09-29 13:18:41,0.000000,0.000000,0.000000,0.000000,0.000000,0.000000,0.000000,0.000000,0,51.521264,5.858627,5.000000,0.000000,0.000000,0.000000,0.000000,1.000000
1601385522,2020-09-29 13:18:42,0.000000,0.000000,0.000000,0.000000,0.000000,0.000000,0.000000,0.000000,0,0.000000,0.000000,0.000000,0.000000,0.000000,0.000000,0.000000,1.000000
1601385523,2020-09-29 13:18:43,0.000000,0.000000,0.000000,0.000000,0.000000,0.000000,0.000000,0.000000,0,0.000000,0.000000,0.000000,0.000000,0.000000,0.000000,0.000000,1.000000
1601385525,2020-09-29 13:18:45,0.000000,0.000000,0.000000,0.000000,0.000000,0.000000,0.000000,0.000000,0,0.000000,0.000000,0.000000,0.000000,0.000000,0.000000,0.000000,1.000000
1601385531,2020-09-29 13:18:51,0.000000,0.000000,0.000000,0.000000,0.000000,0.000000,0.000000,0.000000,0,0.000000,0.000000,0.000000,0.000000,0.000000,0.000000,0.000000,1.000000
1601385531,2020-09-29 13:18:51,0.000000,0.000000,0.000000,0.000000,0.000000,0.000000,0.000000,0.000000,0,0.000000,0.000000,0.000000,0.000000,0.000000,0.000000,0.000000,1.000000
1601385531,2020-09-29 13:18:51,51.520203,5.860115,20.052356,63.756668,0.000000,12.248651,10.028485,0.666557,1,0.000000,0.000000,0.000000,0.000000,0.000000,1.000000,0.000000,0.000000
1601385531,2020-09-29 13:18:51,51.520261,5.860315,20.515466,64.561218,0.000000,12.043908,9.989808,0.733245,1,0.000000,0.000000,0.000000,0.000000,0.000000,1.000000,0.000000,0.000000
1601385531,2020-09-29 13:18:51,51.520326,5.860523,21.100898,63.780125,0.000000,12.313699,11.358128,0.786596,1,0.000000,0.000000,0.000000,0.000000,0.000000,1.000000,0.000000,0.000000
1601385532,2020-09-29 13:18:52,51.520394,5.860736,21.816871,63.351322,0.000000,12.606603,13.039170,0.829277,1,0.000000,0.000000,0.000000,0.000000,0.000000,1.000000,0.000000,0.000000
1601385534,2020-09-29 13:18:54,51.520452,5.860946,22.682542,65.146027,0.000000,12.544016,12.799527,0.863421,1,0.000000,0.000000,0.000000,0.000000,0.000000,1.000000,0.000000,0.000000
1601385535,2020-09-29 13:18:55,51.520530,5.861166,23.601845,61.941658,0.000000,13.017014,13.044477,0.890734,1,0.000000,0.000000,0.000000,0.000000,0.000000,1.000000,0.000000,0.000000
1601385536,2020-09-29 13:18:56,51.520592,5.861373,24.603858,63.145386,0.000000,12.633254,13.720705,0.912587,1,0.000000,0.000000,0.000000,0.000000,0.000000,1.000000,0.000000,0.000000
1601385537,2020-09-29 13:18:57,51.520650,5.861578,25.671488,64.237206,0.000000,12.355934,14.237151,0.930069,1,0.000000,0.000000,0.000000,0.000000,0.000000,1.000000,0.000000,0.000000
1601385539,2020-09-29 13:18:59,51.520724,5.861791,26.805051,62.789742,0.000000,12.699656,15.122594,0.944055,1,0.000000,0.000000,0.000000,0.000000,0.000000,1.000000,0.000000,0.000000
1601385540,2020-09-29 13:19:00,51.520801,5.862008,28.002805,61.738953,0.000000,12.992266,15.357436,0.955243,1,0.000000,0.000000,0.000000,0.000000,0.000000,1.000000,0.000000,0.000000
1601385541,2020-09-29 13:19:01,51.520863,5.862222,29.265252,63.232697,0.000000,12.878846,15.489061,0.964194,1,0.000000,0.000000,0.000000,0.000000,0.000000,1.000000,0.000000,0.000000
1601385543,2020-09-29 13:19:03,51.520935,5.862440,30.550859,62.832596,0.000000,13.049065,15.946012,0.971355,1,0.000000,0.000000,0.000000,0.000000,0.000000,1.000000,0.000000,0.000000
1601385544,2020-09-29 13:19:04,51.521031,5.862663,31.897024,59.872791,0.000000,13.527473,15.812041,0.977081,1,0.000000,0.000000,0.000000,0.000000,0.000000,1.000000,0.000000,0.000000
1601385545,2020-09-29 13:19:05,51.521103,5.862885,33.284657,60.934612,0.000000,13.554792,16.040228,0.981664,1,0.000000,0.000000,0.000000,0.000000,0.000000,1.000000,0.000000,0.000000
1601385547,2020-09-29 13:19:07,51.521174,5.863104,34.671480,61.401363,0.000000,13.324563,16.052318,0.985331,1,0.000000,0.000000,0.000000,0.000000,0.000000,1.000000,0.000000,0.000000
1601385548,2020-09-29 13:19:08,51.521236,5.863320,36.126603,62.843235,0.000000,13.012338,16.146588,0.988264,1,0.000000,0.000000,0.000000,0.000000,0.000000,0.000000,1.000000,0.000000
1601385549,2020-09-29 13:19:09,51.521298,5.863539,37.611954,64.066483,0.000000,12.983079,16.076268,0.990611,1,0.000000,0.000000,0.000000,0.000000,0.000000,0.000000,1.000000,0.000000
1601385550,2020-09-29 13:19:10,51.521414,5.863746,39.011726,57.045883,0.000000,13.380668,15.912066,0.992459,1,0.000000,0.000000,0.000000,0.000000,0.000000,0.000000,1.000000,0.000000
1601385552,2020-09-29 13:19:12,51.521480,5.863965,40.462957,61.820625,0.000000,13.345663,15.879787,0.993914,1,0.000000,0.000000,0.000000,0.000000,0.000000,0.000000,1.000000,0.000000
1601385553,2020-09-29 13:19:13,51.521536,5.864185,41.967364,64.577080,0.000000,13.003393,15.988505,0.995126,1,0.000000,0.000000,0.000000,0.000000,0.000000,0.000000,1.000000,0.000000
1601385554,2020-09-29 13:19:14,51.521581,5.864404,43.451159,67.097908,0.000000,12.687693,15.853651,0.996099,1,0.000000,0.000000,0.000000,0.000000,0.000000,0.000000,1.000000,0.000000
1601385556,2020-09-29 13:19:16,51.521629,5.864630,44.955251,68.831535,0.000000,12.882123,15.960643,0.996875,1,0.000000,0.000000,0.000000,0.000000,0.000000,0.000000,1.000000,0.000000
1601385557,2020-09-29 13:19:17,51.521682,5.864855,46.469275,69.053131,0.000000,12.885679,16.551612,0.997500,1,0.000000,0.000000,0.000000,0.000000,0.000000,0.000000,1.000000,0.000000
1601385558,2020-09-29 13:19:18,51.521739,5.865074,48.017985,68.187386,0.000000,12.713400,16.644399,0.998000,1,0.000000,0.000000,0.000000,0.000000,0.000000,0.000000,1.000000,0.000000
1601385560,2020-09-29 13:19:20,51.521807,5.865291,49.551586,66.538185,0.000000,12.763233,16.609476,0.998399,1,0.000000,0.000000,0.000000,0.000000,0.000000,0.000000,1.000000,0.000000
1601385561,2020-09-29 13:19:21,51.521870,5.865512,51.065376,66.212433,0.000000,12.874543,16.580316,0.998719,1,0.000000,0.000000,0.000000,0.000000,0.000000,0.000000,1.000000,0.000000
1601385562,2020-09-29 13:19:22,51.521936,5.865733,52.568508,65.588539,0.000000,12.951715,16.539311,0.998975,1,0.000000,0.000000,0.000000,0.000000,0.000000,0.000000,1.000000,0.000000
1601385564,2020-09-29 13:19:24,51.522003,5.865959,54.112295,65.466370,0.000000,13.284815,16.514300,0.999178,1,0.000000,0.000000,0.000000,0.000000,0.000000,0.000000,1.000000,0.000000
1601385565,2020-09-29 13:19:25,51.522061,5.866189,55.675675,66.411911,0.000000,13.251368,16.586802,0.999342,1,0.000000,0.000000,0.000000,0.000000,0.000000,0.000000,1.000000,0.000000
1601385566,2020-09-29 13:19:26,51.522113,5.866415,57.230865,67.311638,0.000000,13.050005,16.777257,0.999472,1,0.000000,0.000000,0.000000,0.000000,0.000000,0.000000,1.000000,0.000000
1601385567,2020-09-29 13:19:27,51.522171,5.866634,58.760031,67.165001,0.000000,12.792303,16.978793,0.999577,1,0.000000,0.000000,0.000000,0.000000,0.000000,0.000000,1.000000,0.000000
1601385569,2020-09-29 13:19:29,51.522241,5.866843,60.266608,65.402412,0.000000,12.596178,16.992332,0.999659,1,0.000000,0.000000,0.000000,0.000000,0.000000,0.000000,1.000000,0.000000
1601385570,2020-09-29 13:19:30,51.522352,5.867041,61.779070,59.912197,0.000000,12.898325,16.926539,0.999685,1,0.000000,0.000000,0.000000,0.000000,0.000000,0.000000,1.000000,0.000000
1601385571,2020-09-29 13:19:31,51.522463,5.867238,63.299704,56.120872,0.000000,13.244163,16.887711,0.999682,1,0.000000,0.000000,0.000000,0.000000,0.000000,0.000000,1.000000,0.000000
1601385573,2020-09-29 13:19:33,51.522558,5.867445,64.847586,55.454624,0.000000,13.427505,16.876539,0.999745,1,0.000000,0.000000,0.000000,0.000000,0.000000,0.000000,1.000000,0.000000
1601385574,2020-09-29 13:19:34,51.522615,5.867665,66.397125,58.708065,0.000000,13.151639,16.929571,0.999770,1,0.000000,0.000000,0.000000,0.000000,0.000000,0.000000,1.000000,0.000000
1601385575,2020-09-29 13:19:35,51.522649,5.867898,67.974051,63.552113,0.000000,13.022338,17.018109,0.999765,1,0.000000,0.000000,0.000000,0.000000,0.000000,0.000000,1.000000,0.000000
1601385577,2020-09-29 13:19:37,51.522586,5.868167,69.556701,76.891945,0.000000,12.719747,16.995523,0.999503,1,0.000000,0.000000,0.000000,0.000000,0.000000,0.000000,1.000000,0.000000
1601385578,2020-09-29 13:19:38,51.522607,5.868413,71.178415,78.559830,0.000000,13.132993,16.924054,0.999596,1,0.000000,0.000000,0.000000,0.000000,0.000000,0.000000,1.000000,0.000000
1601385579,2020-09-29 13:19:39,51.522607,5.868413,71.178415,78.559830,0.000000,13.132993,16.924054,0.999596,1,0.000000,0.000000,0.000000,0.000000,0.000000,0.000000,1.000000,0.000000
1601385580,2020-09-29 13:19:40,51.522742,5.868873,73.888831,70.733543,0.000000,13.306000,16.886726,0.984427,1,0.000000,0.000000,0.000000,0.000000,0.000000,0.000000,1.000000,0.000000
1601385581,2020-09-29 13:19:41,0.000000,0.000000,0.000000,0.000000,0.000000,0.000000,0.000000,0.000000,0,51.521264,5.858627,5.000000,0.000000,0.000000,0.000000,0.000000,1.000000
1601385582,2020-09-29 13:19:42,51.522823,5.869097,75.616772,67.652946,0.000000,13.433782,17.275007,0.987451,1,0.000000,0.000000,0.000000,0.000000,0.000000,0.000000,1.000000,0.000000
1601385583,2020-09-29 13:19:43,51.522898,5.869302,77.168533,65.444496,0.000000,12.836979,17.522327,0.989932,1,0.000000,0.000000,0.000000,0.000000,0.000000,0.000000,1.000000,0.000000
1601385584,2020-09-29 13:19:44,51.523131,5.869303,78.225437,40.502899,0.000000,11.038079,17.474175,0.990127,1,0.000000,0.000000,0.000000,0.000000,0.000000,0.000000,1.000000,0.000000
1601385586,2020-09-29 13:19:46,51.523131,5.869303,78.225437,40.502899,0.000000,11.038079,17.474175,0.990127,1,0.000000,0.000000,0.000000,0.000000,0.000000,0.000000,1.000000,0.000000
1601385587,2020-09-29 13:19:47,51.523131,5.869303,78.225437,40.502899,0.000000,11.038079,17.474175,0.990127,1,0.000000,0.000000,0.000000,0.000000,0.000000,0.000000,1.000000,0.000000
1601385588,2020-09-29 13:19:48,51.523131,5.869303,78.225437,40.502899,0.000000,11.038079,17.474175,0.990127,1,0.000000,0.000000,0.000000,0.000000,0.000000,0.000000,1.000000,0.000000
1601385590,2020-09-29 13:19:50,51.523131,5.869303,78.225437,40.502899,0.000000,11.038079,17.474175,0.990127,1,0.000000,0.000000,0.000000,0.000000,0.000000,0.000000,1.000000,0.000000
1601385591,2020-09-29 13:19:51,51.523131,5.869303,78.225437,40.502899,0.000000,11.038079,17.474175,0.990127,1,0.000000,0.000000,0.000000,0.000000,0.000000,0.000000,1.000000,0.000000
1601385592,2020-09-29 13:19:52,51.523131,5.869303,78.225437,40.502899,0.000000,11.038079,17.474175,0.990127,1,0.000000,0.000000,0.000000,0.000000,0.000000,0.000000,1.000000,0.000000
1601385594,2020-09-29 13:19:54,51.523131,5.869303,78.225437,40.502899,0.000000,11.038079,17.474175,0.990127,1,0.000000,0.000000,0.000000,0.000000,0.000000,0.000000,1.000000,0.000000
1601385595,2020-09-29 13:19:55,51.523131,5.869303,78.225437,40.502899,0.000000,11.038079,17.474175,0.990127,1,0.000000,0.000000,0.000000,0.000000,0.000000,0.000000,1.000000,0.000000
1601385596,2020-09-29 13:19:56,0.000000,0.000000,0.000000,0.000000,0.000000,0.000000,0.000000,0.000000,0,0.000000,0.000000,0.000000,0.000000,0.000000,0.000000,0.000000,1.000000
1601385597,2020-09-29 13:19:57,0.000000,0.000000,0.000000,0.000000,0.000000,0.000000,0.000000,0.000000,0,0.000000,0.000000,0.000000,0.000000,0.000000,0.000000,0.000000,1.000000
1601385599,2020-09-29 13:19:59,0.000000,0.000000,0.000000,0.000000,0.000000,0.000000,0.000000,0.000000,0,0.000000,0.000000,0.000000,0.000000,0.000000,0.000000,0.000000,1.000000
1601385600,2020-09-29 13:20:00,0.000000,0.000000,0.000000,0.000000,0.000000,0.000000,0.000000,0.000000,0,0.000000,0.000000,0.000000,0.000000,0.000000,0.000000,0.000000,1.000000
1601385601,2020-09-29 13:20:01,0.000000,0.000000,0.000000,0.000000,0.000000,0.000000,0.000000,0.000000,0,0.000000,0.000000,0.000000,0.000000,0.000000,0.000000,0.000000,1.000000
1601385603,2020-09-29 13:20:03,0.000000,0.000000,0.000000,0.000000,0.000000,0.000000,0.000000,0.000000,0,0.000000,0.000000,0.000000,0.000000,0.000000,0.000000,0.000000,1.000000
1601385604,2020-09-29 13:20:04,0.000000,0.000000,0.000000,0.000000,0.000000,0.000000,0.000000,0.000000,0,0.000000,0.000000,0.000000,0.000000,0.000000,0.000000,0.000000,1.000000
1601385605,2020-09-29 13:20:05,0.000000,0.000000,0.000000,0.000000,0.000000,0.000000,0.000000,0.000000,0,0.000000,0.000000,0.000000,0.000000,0.000000,0.000000,0.000000,1.000000
1601385607,2020-09-29 13:20:07,0.000000,0.000000,0.000000,0.000000,0.000000,0.000000,0.000000,0.000000,0,0.000000,0.000000,0.000000,0.000000,0.000000,0.000000,0.000000,1.000000
1601385608,2020-09-29 13:20:08,0.000000,0.000000,0.000000,0.000000,0.000000,0.000000,0.000000,0.000000,0,0.000000,0.000000,0.000000,0.000000,0.000000,0.000000,0.000000,1.000000
1601385609,2020-09-29 13:20:09,0.000000,0.000000,0.000000,0.000000,0.000000,0.000000,0.000000,0.000000,0,0.000000,0.000000,0.000000,0.000000,0.000000,0.000000,0.000000,1.000000
1601385611,2020-09-29 13:20:11,0.000000,0.000000,0.000000,0.000000,0.000000,0.000000,0.000000,0.000000,0,0.000000,0.000000,0.000000,0.000000,0.000000,0.000000,0.000000,1.000000
1601385612,2020-09-29 13:20:12,0.000000,0.000000,0.000000,0.000000,0.000000,0.000000,0.000000,0.000000,0,0.000000,0.000000,0.000000,0.000000,0.000000,0.000000,0.000000,1.000000
1601385613,2020-09-29 13:20:13,0.000000,0.000000,0.000000,0.000000,0.000000,0.000000,0.000000,0.000000,0,0.000000,0.000000,0.000000,0.000000,0.000000,0.000000,0.000000,1.000000
1601385614,2020-09-29 13:20:14,0.000000,0.000000,0.000000,0.000000,0.000000,0.000000,0.000000,0.000000,0,0.000000,0.000000,0.000000,0.000000,0.000000,0.000000,0.000000,1.000000
1601385616,2020-09-29 13:20:16,0.000000,0.000000,0.000000,0.000000,0.000000,0.000000,0.000000,0.000000,0,0.000000,0.000000,0.000000,0.000000,0.000000,0.000000,0.000000,1.000000
1601385617,2020-09-29 13:20:17,0.000000,0.000000,0.000000,0.000000,0.000000,0.000000,0.000000,0.000000,0,0.000000,0.000000,0.000000,0.000000,0.000000,0.000000,0.000000,1.000000
1601385618,2020-09-29 13:20:18,0.000000,0.000000,0.000000,0.000000,0.000000,0.000000,0.000000,0.000000,0,0.000000,0.000000,0.000000,0.000000,0.000000,0.000000,0.000000,1.000000
1601385620,2020-09-29 13:20:20,0.000000,0.000000,0.000000,0.000000,0.000000,0.000000,0.000000,0.000000,0,0.000000,0.000000,0.000000,0.000000,0.000000,0.000000,0.000000,1.000000
1601385621,2020-09-29 13:20:21,0.000000,0.000000,0.000000,0.000000,0.000000,0.000000,0.000000,0.000000,0,0.000000,0.000000,0.000000,0.000000,0.000000,0.000000,0.000000,1.000000
1601385633,2020-09-29 13:20:33,0.000000,0.000000,0.000000,0.000000,0.000000,0.000000,0.000000,0.000000,0,51.521264,5.858627,5.000000,0.000000,0.000000,0.000000,0.000000,1.000000
1601385634,2020-09-29 13:20:34,0.000000,0.000000,0.000000,0.000000,0.000000,0.000000,0.000000,0.000000,0,0.000000,0.000000,0.000000,0.000000,0.000000,0.000000,0.000000,1.000000
1601385635,2020-09-29 13:20:35,0.000000,0.000000,0.000000,0.000000,0.000000,0.000000,0.000000,0.000000,0,0.000000,0.000000,0.000000,0.000000,0.000000,0.000000,0.000000,1.000000
1601385637,2020-09-29 13:20:37,0.000000,0.000000,0.000000,0.000000,0.000000,0.000000,0.000000,0.000000,0,0.000000,0.000000,0.000000,0.000000,0.000000,0.000000,0.000000,1.000000
1601385638,2020-09-29 13:20:38,0.000000,0.000000,0.000000,0.000000,0.000000,0.000000,0.000000,0.000000,0,0.000000,0.000000,0.000000,0.000000,0.000000,0.000000,0.000000,1.000000
1601385639,2020-09-29 13:20:39,0.000000,0.000000,0.000000,0.000000,0.000000,0.000000,0.000000,0.000000,0,0.000000,0.000000,0.000000,0.000000,0.000000,0.000000,0.000000,1.000000
1601385641,2020-09-29 13:20:41,0.000000,0.000000,0.000000,0.000000,0.000000,0.000000,0.000000,0.000000,0,51.521264,5.858627,5.000000,0.000000,0.000000,0.000000,0.000000,1.000000
1601385641,2020-09-29 13:20:41,0.000000,0.000000,0.000000,0.000000,0.000000,0.000000,0.000000,0.000000,0,0.000000,0.000000,0.000000,0.000000,0.000000,0.000000,0.000000,1.000000
1601385642,2020-09-29 13:20:42,0.000000,0.000000,0.000000,0.000000,0.000000,0.000000,0.000000,0.000000,0,0.000000,0.000000,0.000000,0.000000,0.000000,0.000000,0.000000,1.000000
1601385643,2020-09-29 13:20:43,0.000000,0.000000,0.000000,0.000000,0.000000,0.000000,0.000000,0.000000,0,0.000000,0.000000,0.000000,0.000000,0.000000,0.000000,0.000000,1.000000
1601385644,2020-09-29 13:20:44,0.000000,0.000000,0.000000,0.000000,0.000000,0.000000,0.000000,0.000000,0,0.000000,0.000000,0.000000,0.000000,0.000000,0.000000,0.000000,1.000000
1601385646,2020-09-29 13:20:46,0.000000,0.000000,0.000000,0.000000,0.000000,0.000000,0.000000,0.000000,0,0.000000,0.000000,0.000000,0.000000,0.000000,0.000000,0.000000,1.000000
1601385647,2020-09-29 13:20:47,0.000000,0.000000,0.000000,0.000000,0.000000,0.000000,0.000000,0.000000,0,0.000000,0.000000,0.000000,0.000000,0.000000,0.000000,0.000000,1.000000
1601385648,2020-09-29 13:20:48,0.000000,0.000000,0.000000,0.000000,0.000000,0.000000,0.000000,0.000000,0,0.000000,0.000000,0.000000,0.000000,0.000000,0.000000,0.000000,1.000000
1601385650,2020-09-29 13:20:50,0.000000,0.000000,0.000000,0.000000,0.000000,0.000000,0.000000,0.000000,0,0.000000,0.000000,0.000000,0.000000,0.000000,0.000000,0.000000,1.000000
1601385651,2020-09-29 13:20:51,0.000000,0.000000,0.000000,0.000000,0.000000,0.000000,0.000000,0.000000,0,0.000000,0.000000,0.000000,0.000000,0.000000,0.000000,0.000000,1.000000
1601385652,2020-09-29 13:20:52,0.000000,0.000000,0.000000,0.000000,0.000000,0.000000,0.000000,0.000000,0,0.000000,0.000000,0.000000,0.000000,0.000000,0.000000,0.000000,1.000000
1601385654,2020-09-29 13:20:54,0.000000,0.000000,0.000000,0.000000,0.000000,0.000000,0.000000,0.000000,0,0.000000,0.000000,0.000000,0.000000,0.000000,0.000000,0.000000,1.000000
1601385655,2020-09-29 13:20:55,0.000000,0.000000,0.000000,0.000000,0.000000,0.000000,0.000000,0.000000,0,0.000000,0.000000,0.000000,0.000000,0.000000,0.000000,0.000000,1.000000
1601385656,2020-09-29 13:20:56,0.000000,0.000000,0.000000,0.000000,0.000000,0.000000,0.000000,0.000000,0,0.000000,0.000000,0.000000,0.000000,0.000000,0.000000,0.000000,1.000000
1601385657,2020-09-29 13:20:57,0.000000,0.000000,0.000000,0.000000,0.000000,0.000000,0.000000,0.000000,0,0.000000,0.000000,0.000000,0.000000,0.000000,0.000000,0.000000,1.000000
1601385659,2020-09-29 13:20:59,0.000000,0.000000,0.000000,0.000000,0.000000,0.000000,0.000000,0.000000,0,0.000000,0.000000,0.000000,0.000000,0.000000,0.000000,0.000000,1.000000
1601385660,2020-09-29 13:21:00,0.000000,0.000000,0.000000,0.000000,0.000000,0.000000,0.000000,0.000000,0,0.000000,0.000000,0.000000,0.000000,0.000000,0.000000,0.000000,1.000000
1601385661,2020-09-29 13:21:01,0.000000,0.000000,0.000000,0.000000,0.000000,0.000000,0.000000,0.000000,0,0.000000,0.000000,0.000000,0.000000,0.000000,0.000000,0.000000,1.000000
1601385663,2020-09-29 13:21:03,0.000000,0.000000,0.000000,0.000000,0.000000,0.000000,0.000000,0.000000,0,0.000000,0.000000,0.000000,0.000000,0.000000,0.000000,0.000000,1.000000
1601385664,2020-09-29 13:21:04,0.000000,0.000000,0.000000,0.000000,0.000000,0.000000,0.000000,0.000000,0,0.000000,0.000000,0.000000,0.000000,0.000000,0.000000,0.000000,1.000000
1601385665,2020-09-29 13:21:05,0.000000,0.000000,0.000000,0.000000,0.000000,0.000000,0.000000,0.000000,0,0.000000,0.000000,0.000000,0.000000,0.000000,0.000000,0.000000,1.000000
1601385667,2020-09-29 13:21:07,0.000000,0.000000,0.000000,0.000000,0.000000,0.000000,0.000000,0.000000,0,0.000000,0.000000,0.000000,0.000000,0.000000,0.000000,0.000000,1.000000
1601385668,2020-09-29 13:21:08,0.000000,0.000000,0.000000,0.000000,0.000000,0.000000,0.000000,0.000000,0,0.000000,0.000000,0.000000,0.000000,0.000000,0.000000,0.000000,1.000000
1601385669,2020-09-29 13:21:09,0.000000,0.000000,0.000000,0.000000,0.000000,0.000000,0.000000,0.000000,0,0.000000,0.000000,0.000000,0.000000,0.000000,0.000000,0.000000,1.000000
1601385671,2020-09-29 13:21:11,0.000000,0.000000,0.000000,0.000000,0.000000,0.000000,0.000000,0.000000,0,0.000000,0.000000,0.000000,0.000000,0.000000,0.000000,0.000000,1.000000
1601385672,2020-09-29 13:21:12,0.000000,0.000000,0.000000,0.000000,0.000000,0.000000,0.000000,0.000000,0,0.000000,0.000000,0.000000,0.000000,0.000000,0.000000,0.000000,1.000000
1601385673,2020-09-29 13:21:13,0.000000,0.000000,0.000000,0.000000,0.000000,0.000000,0.000000,0.000000,0,0.000000,0.000000,0.000000,0.000000,0.000000,0.000000,0.000000,1.000000
1601385674,2020-09-29 13:21:14,0.000000,0.000000,0.000000,0.000000,0.000000,0.000000,0.000000,0.000000,0,0.000000,0.000000,0.000000,0.000000,0.000000,0.000000,0.000000,1.000000
1601385676,2020-09-29 13:21:16,0.000000,0.000000,0.000000,0.000000,0.000000,0.000000,0.000000,0.000000,0,0.000000,0.000000,0.000000,0.000000,0.000000,0.000000,0.000000,1.000000
1601385677,2020-09-29 13:21:17,0.000000,0.000000,0.000000,0.000000,0.000000,0.000000,0.000000,0.000000,0,0.000000,0.000000,0.000000,0.000000,0.000000,0.000000,0.000000,1.000000
1601385678,2020-09-29 13:21:18,0.000000,0.000000,0.000000,0.000000,0.000000,0.000000,0.000000,0.000000,0,0.000000,0.000000,0.000000,0.000000,0.000000,0.000000,0.000000,1.000000
1601385680,2020-09-29 13:21:20,0.000000,0.000000,0.000000,0.000000,0.000000,0.000000,0.000000,0.000000,0,0.000000,0.000000,0.000000,0.000000,0.000000,0.000000,0.000000,1.000000
1601385681,2020-09-29 13:21:21,0.000000,0.000000,0.000000,0.000000,0.000000,0.000000,0.000000,0.000000,0,0.000000,0.000000,0.000000,0.000000,0.000000,0.000000,0.000000,1.000000
1601385682,2020-09-29 13:21:22,0.000000,0.000000,0.000000,0.000000,0.000000,0.000000,0.000000,0.000000,0,0.000000,0.000000,0.000000,0.000000,0.000000,0.000000,0.000000,1.000000
1601385684,2020-09-29 13:21:24,0.000000,0.000000,0.000000,0.000000,0.000000,0.000000,0.000000,0.000000,0,0.000000,0.000000,0.000000,0.000000,0.000000,0.000000,0.000000,1.000000
1601385685,2020-09-29 13:21:25,0.000000,0.000000,0.000000,0.000000,0.000000,0.000000,0.000000,0.000000,0,0.000000,0.000000,0.000000,0.000000,0.000000,0.000000,0.000000,1.000000
1601385686,2020-09-29 13:21:26,0.000000,0.000000,0.000000,0.000000,0.000000,0.000000,0.000000,0.000000,0,0.000000,0.000000,0.000000,0.000000,0.000000,0.000000,0.000000,1.000000
1601385687,2020-09-29 13:21:27,0.000000,0.000000,0.000000,0.000000,0.000000,0.000000,0.000000,0.000000,0,0.000000,0.000000,0.000000,0.000000,0.000000,0.000000,0.000000,1.000000
1601385689,2020-09-29 13:21:29,0.000000,0.000000,0.000000,0.000000,0.000000,0.000000,0.000000,0.000000,0,0.000000,0.000000,0.000000,0.000000,0.000000,0.000000,0.000000,1.000000
1601385690,2020-09-29 13:21:30,0.000000,0.000000,0.000000,0.000000,0.000000,0.000000,0.000000,0.000000,0,0.000000,0.000000,0.000000,0.000000,0.000000,0.000000,0.000000,1.000000
1601385691,2020-09-29 13:21:31,0.000000,0.000000,0.000000,0.000000,0.000000,0.000000,0.000000,0.000000,0,0.000000,0.000000,0.000000,0.000000,0.000000,0.000000,0.000000,1.000000
1601385693,2020-09-29 13:21:33,0.000000,0.000000,0.000000,0.000000,0.000000,0.000000,0.000000,0.000000,0,0.000000,0.000000,0.000000,0.000000,0.000000,0.000000,0.000000,1.000000
1601385694,2020-09-29 13:21:34,0.000000,0.000000,0.000000,0.000000,0.000000,0.000000,0.000000,0.000000,0,0.000000,0.000000,0.000000,0.000000,0.000000,0.000000,0.000000,1.000000
1601385695,2020-09-29 13:21:35,0.000000,0.000000,0.000000,0.000000,0.000000,0.000000,0.000000,0.000000,0,0.000000,0.000000,0.000000,0.000000,0.000000,0.000000,0.000000,1.000000
1601385697,2020-09-29 13:21:37,0.000000,0.000000,0.000000,0.000000,0.000000,0.000000,0.000000,0.000000,0,0.000000,0.000000,0.000000,0.000000,0.000000,0.000000,0.000000,1.000000
1601385698,2020-09-29 13:21:38,0.000000,0.000000,0.000000,0.000000,0.000000,0.000000,0.000000,0.000000,0,0.000000,0.000000,0.000000,0.000000,0.000000,0.000000,0.000000,1.000000
1601385699,2020-09-29 13:21:39,0.000000,0.000000,0.000000,0.000000,0.000000,0.000000,0.000000,0.000000,0,0.000000,0.000000,0.000000,0.000000,0.000000,0.000000,0.000000,1.000000
1601385701,2020-09-29 13:21:41,0.000000,0.000000,0.000000,0.000000,0.000000,0.000000,0.000000,0.000000,0,51.521264,5.858627,5.000000,0.000000,0.000000,0.000000,0.000000,1.000000
1601385701,2020-09-29 13:21:41,0.000000,0.000000,0.000000,0.000000,0.000000,0.000000,0.000000,0.000000,0,0.000000,0.000000,0.000000,0.000000,0.000000,0.000000,0.000000,1.000000
1601385702,2020-09-29 13:21:42,0.000000,0.000000,0.000000,0.000000,0.000000,0.000000,0.000000,0.000000,0,0.000000,0.000000,0.000000,0.000000,0.000000,0.000000,0.000000,1.000000
1601385703,2020-09-29 13:21:43,0.000000,0.000000,0.000000,0.000000,0.000000,0.000000,0.000000,0.000000,0,0.000000,0.000000,0.000000,0.000000,0.000000,0.000000,0.000000,1.000000
1601385704,2020-09-29 13:21:44,0.000000,0.000000,0.000000,0.000000,0.000000,0.000000,0.000000,0.000000,0,0.000000,0.000000,0.000000,0.000000,0.000000,0.000000,0.000000,1.000000
1601385706,2020-09-29 13:21:46,0.000000,0.000000,0.000000,0.000000,0.000000,0.000000,0.000000,0.000000,0,0.000000,0.000000,0.000000,0.000000,0.000000,0.000000,0.000000,1.000000
1601385707,2020-09-29 13:21:47,51.520331,5.861942,29.290314,239.007904,0.000000,7.871176,20.583544,0.999966,1,0.000000,0.000000,0.000000,0.000000,0.000000,1.000000,0.000000,0.000000
1601385708,2020-09-29 13:21:48,51.520278,5.861812,28.725502,238.056564,0.000000,7.991217,20.535523,0.999973,1,0.000000,0.000000,0.000000,0.000000,0.000000,1.000000,0.000000,0.000000
1601385710,2020-09-29 13:21:50,51.520232,5.861691,28.239102,237.534225,0.000000,7.723948,20.531418,0.999978,1,0.000000,0.000000,0.000000,0.000000,0.000000,1.000000,0.000000,0.000000
1601385711,2020-09-29 13:21:51,51.520203,5.861584,27.760003,240.608719,0.000000,7.096809,20.468313,0.999981,1,0.000000,0.000000,0.000000,0.000000,0.000000,1.000000,0.000000,0.000000
1601385712,2020-09-29 13:21:52,51.520153,5.861468,27.369293,235.902924,0.000000,7.113033,20.406920,0.999983,1,0.000000,0.000000,0.000000,0.000000,0.000000,1.000000,0.000000,0.000000
1601385714,2020-09-29 13:21:54,51.520120,5.861366,26.990496,239.663605,0.000000,6.591753,20.348470,0.999985,1,0.000000,0.000000,0.000000,0.000000,0.000000,1.000000,0.000000,0.000000
1601385715,2020-09-29 13:21:55,51.520086,5.861256,26.591105,243.396469,0.000000,6.589510,20.289668,0.999988,1,0.000000,0.000000,0.000000,0.000000,0.000000,1.000000,0.000000,0.000000
1601385716,2020-09-29 13:21:56,51.520041,5.861140,26.262869,239.312683,0.000000,6.847097,20.232200,0.999990,1,0.000000,0.000000,0.000000,0.000000,0.000000,1.000000,0.000000,0.000000
1601385717,2020-09-29 13:21:57,51.520003,5.861035,25.975220,239.397339,0.000000,6.619897,20.173235,0.999992,1,0.000000,0.000000,0.000000,0.000000,0.000000,1.000000,0.000000,0.000000
1601385719,2020-09-29 13:21:59,51.519956,5.860908,25.675321,240.534775,0.000000,7.233687,20.114962,0.999991,1,0.000000,0.000000,0.000000,0.000000,0.000000,1.000000,0.000000,0.000000
1601385720,2020-09-29 13:22:00,51.519899,5.860771,25.434008,237.995346,0.000000,7.932023,20.058561,0.999991,1,0.000000,0.000000,0.000000,0.000000,0.000000,1.000000,0.000000,0.000000
1601385721,2020-09-29 13:22:01,51.519839,5.860626,25.244665,237.218231,0.000000,8.524856,20.004185,0.999992,1,0.000000,0.000000,0.000000,0.000000,0.000000,1.000000,0.000000,0.000000
1601385723,2020-09-29 13:22:03,51.519789,5.860495,25.100423,237.963623,0.000000,8.309709,19.950050,0.999993,1,0.000000,0.000000,0.000000,0.000000,0.000000,1.000000,0.000000,0.000000
1601385724,2020-09-29 13:22:04,51.519744,5.860369,24.982689,239.657333,0.000000,7.973756,19.896577,0.999994,1,0.000000,0.000000,0.000000,0.000000,0.000000,1.000000,0.000000,0.000000
1601385725,2020-09-29 13:22:05,51.519703,5.860238,24.858670,243.067276,0.000000,7.870563,19.843189,0.999995,1,0.000000,0.000000,0.000000,0.000000,0.000000,1.000000,0.000000,0.000000
1601385727,2020-09-29 13:22:07,51.519657,5.860141,24.930857,232.596558,0.000000,6.930380,19.791997,0.999978,1,0.000000,0.000000,0.000000,0.000000,0.000000,1.000000,0.000000,0.000000
1601385728,2020-09-29 13:22:08,51.519610,5.860021,24.990148,237.722549,0.000000,7.231650,19.739954,0.999981,1,0.000000,0.000000,0.000000,0.000000,0.000000,1.000000,0.000000,0.000000
1601385729,2020-09-29 13:22:09,51.519568,5.859898,25.026186,241.635025,0.000000,7.288996,19.688588,0.999984,1,0.000000,0.000000,0.000000,0.000000,0.000000,1.000000,0.000000,0.000000
1601385731,2020-09-29 13:22:11,51.519547,5.859864,25.140443,230.135117,0.000000,3.783614,19.638757,0.999766,1,0.000000,0.000000,0.000000,0.000000,0.000000,1.000000,0.000000,0.000000
1601385732,2020-09-29 13:22:12,51.519514,5.859761,25.202352,243.966324,0.000000,5.295257,19.589496,0.999791,1,0.000000,0.000000,0.000000,0.000000,0.000000,1.000000,0.000000,0.000000
1601385733,2020-09-29 13:22:13,51.519466,5.859665,25.447007,229.952774,0.000000,6.297726,19.538328,0.999809,1,0.000000,0.000000,0.000000,0.000000,0.000000,1.000000,0.000000,0.000000
1601385734,2020-09-29 13:22:14,51.519433,5.859640,25.723011,220.318085,0.000000,4.448737,19.487102,0.999796,1,0.000000,0.000000,0.000000,0.000000,0.000000,1.000000,0.000000,0.000000
1601385736,2020-09-29 13:22:16,51.519427,5.859752,26.025295,152.906738,0.000000,2.432518,19.436385,0.999216,1,0.000000,0.000000,0.000000,0.000000,0.000000,1.000000,0.000000,0.000000
1601385737,2020-09-29 13:22:17,51.519427,5.859752,26.025295,152.906738,0.000000,2.432518,19.436385,0.999216,1,0.000000,0.000000,0.000000,0.000000,0.000000,1.000000,0.000000,0.000000
1601385738,2020-09-29 13:22:18,51.519427,5.859752,26.025295,152.906738,0.000000,2.432518,19.436385,0.999216,1,0.000000,0.000000,0.000000,0.000000,0.000000,1.000000,0.000000,0.000000
1601385740,2020-09-29 13:22:20,51.519427,5.859752,26.025295,152.906738,0.000000,2.432518,19.436385,0.999216,1,0.000000,0.000000,0.000000,0.000000,0.000000,1.000000,0.000000,0.000000
1601385741,2020-09-29 13:22:21,51.519427,5.859752,26.025295,152.906738,0.000000,2.432518,19.436385,0.999216,1,0.000000,0.000000,0.000000,0.000000,0.000000,1.000000,0.000000,0.000000
1601385742,2020-09-29 13:22:22,51.519171,5.859076,27.421013,241.036118,0.000000,11.305848,19.413963,0.905140,1,0.000000,0.000000,0.000000,0.000000,0.000000,1.000000,0.000000,0.000000
1601385744,2020-09-29 13:22:24,51.519116,5.858747,27.932095,251.344681,0.000000,14.077752,19.370727,0.923695,1,0.000000,0.000000,0.000000,0.000000,0.000000,1.000000,0.000000,0.000000
1601385745,2020-09-29 13:22:25,51.519071,5.858525,28.437789,253.218338,0.000000,13.019941,19.333003,0.938950,1,0.000000,0.000000,0.000000,0.000000,0.000000,1.000000,0.000000,0.000000
1601385746,2020-09-29 13:22:26,51.519026,5.858415,28.964404,247.136673,0.000000,9.729969,19.288649,0.951024,1,0.000000,0.000000,0.000000,0.000000,0.000000,1.000000,0.000000,0.000000
1601385747,2020-09-29 13:22:27,51.518983,5.858290,29.490808,244.845642,0.000000,8.465375,19.258750,0.960809,1,0.000000,0.000000,0.000000,0.000000,0.000000,1.000000,0.000000,0.000000
1601385749,2020-09-29 13:22:29,51.518940,5.858176,30.034414,242.144791,0.000000,7.731711,19.213888,0.968645,1,0.000000,0.000000,0.000000,0.000000,0.000000,1.000000,0.000000,0.000000
1601385750,2020-09-29 13:22:30,51.518898,5.858074,30.570947,239.773315,0.000000,7.017914,19.175905,0.974913,1,0.000000,0.000000,0.000000,0.000000,0.000000,1.000000,0.000000,0.000000
1601385751,2020-09-29 13:22:31,51.518849,5.858015,31.133943,230.955948,0.000000,6.204473,19.131637,0.979909,1,0.000000,0.000000,0.000000,0.000000,0.000000,1.000000,0.000000,0.000000
1601385753,2020-09-29 13:22:33,51.518800,5.857940,31.712550,227.722290,0.000000,6.040082,19.086810,0.983926,1,0.000000,0.000000,0.000000,0.000000,0.000000,1.000000,0.000000,0.000000
1601385754,2020-09-29 13:22:34,51.518750,5.857861,32.319826,225.939789,0.000000,6.081944,19.042917,0.987140,1,0.000000,0.000000,0.000000,0.000000,0.000000,1.000000,0.000000,0.000000
1601385755,2020-09-29 13:22:35,51.518700,5.857766,32.964155,226.991730,0.000000,6.359734,19.007956,0.989711,1,0.000000,0.000000,0.000000,0.000000,0.000000,0.000000,1.000000,0.000000
1601385757,2020-09-29 13:22:37,51.518647,5.857674,33.636882,226.851715,0.000000,6.500731,18.968289,0.991769,1,0.000000,0.000000,0.000000,0.000000,0.000000,0.000000,1.000000,0.000000
1601385758,2020-09-29 13:22:38,51.518591,5.857584,34.345416,225.690430,0.000000,6.672858,18.924965,0.993415,1,0.000000,0.000000,0.000000,0.000000,0.000000,0.000000,1.000000,0.000000
1601385759,2020-09-29 13:22:39,51.518591,5.857584,34.345416,225.690430,0.000000,6.672858,18.924965,0.993415,1,0.000000,0.000000,0.000000,0.000000,0.000000,0.000000,1.000000,0.000000
1601385761,2020-09-29 13:22:41,0.000000,0.000000,0.000000,0.000000,0.000000,0.000000,0.000000,0.000000,0,51.521264,5.858627,5.000000,0.000000,0.000000,0.000000,0.000000,1.000000
1601385761,2020-09-29 13:22:41,51.518525,5.857121,35.683163,247.823334,0.000000,9.517200,18.884065,0.976915,1,0.000000,0.000000,0.000000,0.000000,0.000000,0.000000,1.000000,0.000000
1601385762,2020-09-29 13:22:42,51.518530,5.856793,36.476369,258.354645,0.000000,11.259574,18.843154,0.981044,1,0.000000,0.000000,0.000000,0.000000,0.000000,0.000000,1.000000,0.000000
1601385763,2020-09-29 13:22:43,51.518517,5.856554,37.272194,261.410461,0.000000,11.548655,18.800681,0.984827,1,0.000000,0.000000,0.000000,0.000000,0.000000,0.000000,1.000000,0.000000
1601385764,2020-09-29 13:22:44,51.518487,5.856377,38.094232,259.278564,0.000000,10.771112,18.764064,0.987785,1,0.000000,0.000000,0.000000,0.000000,0.000000,0.000000,1.000000,0.000000
1601385766,2020-09-29 13:22:46,51.518440,5.856253,38.942018,253.012421,0.000000,9.486238,18.724334,0.990117,1,0.000000,0.000000,0.000000,0.000000,0.000000,0.000000,1.000000,0.000000
1601385767,2020-09-29 13:22:47,51.518367,5.856215,39.779766,237.964325,0.000000,7.631660,18.684355,0.991607,1,0.000000,0.000000,0.000000,0.000000,0.000000,0.000000,1.000000,0.000000
1601385768,2020-09-29 13:22:48,51.518301,5.856143,40.636378,228.616776,0.000000,7.310689,18.644436,0.993239,1,0.000000,0.000000,0.000000,0.000000,0.000000,0.000000,1.000000,0.000000
1601385770,2020-09-29 13:22:50,51.518237,5.856040,41.551734,226.255630,0.000000,7.721426,18.606528,0.994586,1,0.000000,0.000000,0.000000,0.000000,0.000000,0.000000,1.000000,0.000000
1601385771,2020-09-29 13:22:51,51.518190,5.855902,42.430968,233.214249,0.000000,7.783959,18.582085,0.995624,1,0.000000,0.000000,0.000000,0.000000,0.000000,0.000000,1.000000,0.000000
1601385772,2020-09-29 13:22:52,51.518133,5.855789,43.319633,232.513672,0.000000,7.794464,18.550569,0.996499,1,0.000000,0.000000,0.000000,0.000000,0.000000,0.000000,1.000000,0.000000
1601385774,2020-09-29 13:22:54,51.518067,5.855688,44.251405,228.616180,0.000000,7.953699,18.522480,0.997193,1,0.000000,0.000000,0.000000,0.000000,0.000000,0.000000,1.000000,0.000000
1601385775,2020-09-29 13:22:55,51.518003,5.855580,45.201462,227.595535,0.000000,8.018982,18.505237,0.997755,1,0.000000,0.000000,0.000000,0.000000,0.000000,0.000000,1.000000,0.000000
1601385776,2020-09-29 13:22:56,51.517939,5.855471,46.145177,227.379211,0.000000,7.954045,18.550950,0.998204,1,0.000000,0.000000,0.000000,0.000000,0.000000,0.000000,1.000000,0.000000
1601385777,2020-09-29 13:22:57,51.517882,5.855359,47.058629,228.689178,0.000000,7.775059,18.602998,0.998562,1,0.000000,0.000000,0.000000,0.000000,0.000000,0.000000,1.000000,0.000000
1601385779,2020-09-29 13:22:59,51.517827,5.855251,47.939691,229.620850,0.000000,7.516629,18.593975,0.998849,1,0.000000,0.000000,0.000000,0.000000,0.000000,0.000000,1.000000,0.000000
1601385780,2020-09-29 13:23:00,51.517778,5.855130,48.808927,232.189651,0.000000,7.478183,18.592034,0.999077,1,0.000000,0.000000,0.000000,0.000000,0.000000,0.000000,1.000000,0.000000
1601385781,2020-09-29 13:23:01,51.517732,5.855007,49.656221,234.656296,0.000000,7.398944,18.599023,0.999261,1,0.000000,0.000000,0.000000,0.000000,0.000000,0.000000,1.000000,0.000000
1601385783,2020-09-29 13:23:03,51.517692,5.854878,50.487339,237.611450,0.000000,7.370930,18.593031,0.999407,1,0.000000,0.000000,0.000000,0.000000,0.000000,0.000000,1.000000,0.000000
1601385784,2020-09-29 13:23:04,51.517643,5.854775,51.300584,236.505432,0.000000,7.118515,18.574870,0.999525,1,0.000000,0.000000,0.000000,0.000000,0.000000,0.000000,1.000000,0.000000
1601385785,2020-09-29 13:23:05,51.517602,5.854643,52.155228,238.747269,0.000000,7.544643,18.584732,0.999618,1,0.000000,0.000000,0.000000,0.000000,0.000000,0.000000,1.000000,0.000000
1601385787,2020-09-29 13:23:07,51.517559,5.854518,53.051953,239.479996,0.000000,7.575039,18.635127,0.999694,1,0.000000,0.000000,0.000000,0.000000,0.000000,0.000000,1.000000,0.000000
1601385788,2020-09-29 13:23:08,51.517508,5.854409,53.929788,237.456253,0.000000,7.443375,18.620876,0.999755,1,0.000000,0.000000,0.000000,0.000000,0.000000,0.000000,1.000000,0.000000
1601385789,2020-09-29 13:23:09,51.517458,5.854297,54.783355,236.357147,0.000000,7.393856,18.599069,0.999804,1,0.000000,0.000000,0.000000,0.000000,0.000000,0.000000,1.000000,0.000000
1601385791,2020-09-29 13:23:11,51.517414,5.854170,55.634770,237.728821,0.000000,7.553161,18.584052,0.999843,1,0.000000,0.000000,0.000000,0.000000,0.000000,0.000000,1.000000,0.000000
1601385792,2020-09-29 13:23:12,51.517355,5.854075,56.488502,233.809463,0.000000,7.408386,18.558380,0.999871,1,0.000000,0.000000,0.000000,0.000000,0.000000,0.000000,1.000000,0.000000
1601385793,2020-09-29 13:23:13,51.517355,5.854075,56.488502,233.809463,0.000000,7.408386,18.558380,0.999871,1,0.000000,0.000000,0.000000,0.000000,0.000000,0.000000,1.000000,0.000000
1601385794,2020-09-29 13:23:14,51.517355,5.854075,56.488502,233.809463,0.000000,7.408386,18.558380,0.999871,1,0.000000,0.000000,0.000000,0.000000,0.000000,0.000000,1.000000,0.000000
1601385796,2020-09-29 13:23:16,51.517203,5.853739,58.601695,234.008438,0.000000,7.368660,18.525992,0.952029,1,0.000000,0.000000,0.000000,0.000000,0.000000,0.000000,1.000000,0.000000
1601385797,2020-09-29 13:23:17,51.517171,5.853584,59.629185,239.354767,0.000000,7.700438,18.500953,0.961540,1,0.000000,0.000000,0.000000,0.000000,0.000000,0.000000,1.000000,0.000000
1601385798,2020-09-29 13:23:18,51.517144,5.853432,60.574970,244.532288,0.000000,7.731269,18.477131,0.969217,1,0.000000,0.000000,0.000000,0.000000,0.000000,0.000000,1.000000,0.000000
1601385800,2020-09-29 13:23:20,51.517108,5.853284,61.560121,245.424393,0.000000,8.127603,18.446244,0.975371,1,0.000000,0.000000,0.000000,0.000000,0.000000,0.000000,1.000000,0.000000
1601385801,2020-09-29 13:23:21,51.517070,5.853140,62.553112,245.717377,0.000000,8.264664,18.414372,0.980296,1,0.000000,0.000000,0.000000,0.000000,0.000000,0.000000,1.000000,0.000000
1601385802,2020-09-29 13:23:22,51.517070,5.853140,62.553112,245.717377,0.000000,8.264664,18.414372,0.980296,1,0.000000,0.000000,0.000000,0.000000,0.000000,0.000000,1.000000,0.000000
1601385804,2020-09-29 13:23:24,51.517070,5.853140,62.553112,245.717377,0.000000,8.264664,18.414372,0.980296,1,0.000000,0.000000,0.000000,0.000000,0.000000,0.000000,1.000000,0.000000
1601385805,2020-09-29 13:23:25,51.517070,5.853140,62.553112,245.717377,0.000000,8.264664,18.414372,0.980296,1,0.000000,0.000000,0.000000,0.000000,0.000000,0.000000,1.000000,0.000000
1601385806,2020-09-29 13:23:26,51.517070,5.853140,62.553112,245.717377,0.000000,8.264664,18.414372,0.980296,1,0.000000,0.000000,0.000000,0.000000,0.000000,0.000000,1.000000,0.000000
1601385807,2020-09-29 13:23:27,51.517070,5.853140,62.553112,245.717377,0.000000,8.264664,18.414372,0.980296,1,0.000000,0.000000,0.000000,0.000000,0.000000,0.000000,1.000000,0.000000
1601385809,2020-09-29 13:23:29,51.517070,5.853140,62.553112,245.717377,0.000000,8.264664,18.414372,0.980296,1,0.000000,0.000000,0.000000,0.000000,0.000000,0.000000,1.000000,0.000000
1601385810,2020-09-29 13:23:30,51.517070,5.853140,62.553112,245.717377,0.000000,8.264664,18.414372,0.980296,1,0.000000,0.000000,0.000000,0.000000,0.000000,0.000000,1.000000,0.000000
1601385811,2020-09-29 13:23:31,0.000000,0.000000,0.000000,0.000000,0.000000,0.000000,0.000000,0.000000,0,0.000000,0.000000,0.000000,0.000000,0.000000,0.000000,0.000000,1.000000
1601385813,2020-09-29 13:23:33,0.000000,0.000000,0.000000,0.000000,0.000000,0.000000,0.000000,0.000000,0,0.000000,0.000000,0.000000,0.000000,0.000000,0.000000,0.000000,1.000000
1601385814,2020-09-29 13:23:34,0.000000,0.000000,0.000000,0.000000,0.000000,0.000000,0.000000,0.000000,0,0.000000,0.000000,0.000000,0.000000,0.000000,0.000000,0.000000,1.000000
1601385815,2020-09-29 13:23:35,0.000000,0.000000,0.000000,0.000000,0.000000,0.000000,0.000000,0.000000,0,0.000000,0.000000,0.000000,0.000000,0.000000,0.000000,0.000000,1.000000
1601385817,2020-09-29 13:23:37,0.000000,0.000000,0.000000,0.000000,0.000000,0.000000,0.000000,0.000000,0,0.000000,0.000000,0.000000,0.000000,0.000000,0.000000,0.000000,1.000000
1601385818,2020-09-29 13:23:38,0.000000,0.000000,0.000000,0.000000,0.000000,0.000000,0.000000,0.000000,0,0.000000,0.000000,0.000000,0.000000,0.000000,0.000000,0.000000,1.000000
1601385819,2020-09-29 13:23:39,0.000000,0.000000,0.000000,0.000000,0.000000,0.000000,0.000000,0.000000,0,0.000000,0.000000,0.000000,0.000000,0.000000,0.000000,0.000000,1.000000
1601385820,2020-09-29 13:23:40,0.000000,0.000000,0.000000,0.000000,0.000000,0.000000,0.000000,0.000000,0,0.000000,0.000000,0.000000,0.000000,0.000000,0.000000,0.000000,1.000000
1601385821,2020-09-29 13:23:41,0.000000,0.000000,0.000000,0.000000,0.000000,0.000000,0.000000,0.000000,0,51.521264,5.858627,5.000000,0.000000,0.000000,0.000000,0.000000,1.000000
1601385822,2020-09-29 13:23:42,0.000000,0.000000,0.000000,0.000000,0.000000,0.000000,0.000000,0.000000,0,0.000000,0.000000,0.000000,0.000000,0.000000,0.000000,0.000000,1.000000
1601385823,2020-09-29 13:23:43,0.000000,0.000000,0.000000,0.000000,0.000000,0.000000,0.000000,0.000000,0,0.000000,0.000000,0.000000,0.000000,0.000000,0.000000,0.000000,1.000000
1601385824,2020-09-29 13:23:44,0.000000,0.000000,0.000000,0.000000,0.000000,0.000000,0.000000,0.000000,0,0.000000,0.000000,0.000000,0.000000,0.000000,0.000000,0.000000,1.000000
1601385826,2020-09-29 13:23:46,0.000000,0.000000,0.000000,0.000000,0.000000,0.000000,0.000000,0.000000,0,0.000000,0.000000,0.000000,0.000000,0.000000,0.000000,0.000000,1.000000
1601385827,2020-09-29 13:23:47,0.000000,0.000000,0.000000,0.000000,0.000000,0.000000,0.000000,0.000000,0,0.000000,0.000000,0.000000,0.000000,0.000000,0.000000,0.000000,1.000000
1601385828,2020-09-29 13:23:48,0.000000,0.000000,0.000000,0.000000,0.000000,0.000000,0.000000,0.000000,0,0.000000,0.000000,0.000000,0.000000,0.000000,0.000000,0.000000,1.000000
1601385830,2020-09-29 13:23:50,0.000000,0.000000,0.000000,0.000000,0.000000,0.000000,0.000000,0.000000,0,0.000000,0.000000,0.000000,0.000000,0.000000,0.000000,0.000000,1.000000
1601385831,2020-09-29 13:23:51,0.000000,0.000000,0.000000,0.000000,0.000000,0.000000,0.000000,0.000000,0,0.000000,0.000000,0.000000,0.000000,0.000000,0.000000,0.000000,1.000000
1601385832,2020-09-29 13:23:52,0.000000,0.000000,0.000000,0.000000,0.000000,0.000000,0.000000,0.000000,0,0.000000,0.000000,0.000000,0.000000,0.000000,0.000000,0.000000,1.000000
1601385834,2020-09-29 13:23:54,0.000000,0.000000,0.000000,0.000000,0.000000,0.000000,0.000000,0.000000,0,0.000000,0.000000,0.000000,0.000000,0.000000,0.000000,0.000000,1.000000
1601385835,2020-09-29 13:23:55,0.000000,0.000000,0.000000,0.000000,0.000000,0.000000,0.000000,0.000000,0,0.000000,0.000000,0.000000,0.000000,0.000000,0.000000,0.000000,1.000000
1601385836,2020-09-29 13:23:56,0.000000,0.000000,0.000000,0.000000,0.000000,0.000000,0.000000,0.000000,0,0.000000,0.000000,0.000000,0.000000,0.000000,0.000000,0.000000,1.000000
1601385837,2020-09-29 13:23:57,0.000000,0.000000,0.000000,0.000000,0.000000,0.000000,0.000000,0.000000,0,0.000000,0.000000,0.000000,0.000000,0.000000,0.000000,0.000000,1.000000
1601385839,2020-09-29 13:23:59,0.000000,0.000000,0.000000,0.000000,0.000000,0.000000,0.000000,0.000000,0,0.000000,0.000000,0.000000,0.000000,0.000000,0.000000,0.000000,1.000000
1601385840,2020-09-29 13:24:00,0.000000,0.000000,0.000000,0.000000,0.000000,0.000000,0.000000,0.000000,0,0.000000,0.000000,0.000000,0.000000,0.000000,0.000000,0.000000,1.000000
1601385841,2020-09-29 13:24:01,0.000000,0.000000,0.000000,0.000000,0.000000,0.000000,0.000000,0.000000,0,0.000000,0.000000,0.000000,0.000000,0.000000,0.000000,0.000000,1.000000
1601385843,2020-09-29 13:24:03,0.000000,0.000000,0.000000,0.000000,0.000000,0.000000,0.000000,0.000000,0,0.000000,0.000000,0.000000,0.000000,0.000000,0.000000,0.000000,1.000000
1601385844,2020-09-29 13:24:04,0.000000,0.000000,0.000000,0.000000,0.000000,0.000000,0.000000,0.000000,0,0.000000,0.000000,0.000000,0.000000,0.000000,0.000000,0.000000,1.000000
1601385845,2020-09-29 13:24:05,0.000000,0.000000,0.000000,0.000000,0.000000,0.000000,0.000000,0.000000,0,0.000000,0.000000,0.000000,0.000000,0.000000,0.000000,0.000000,1.000000
1601385847,2020-09-29 13:24:07,0.000000,0.000000,0.000000,0.000000,0.000000,0.000000,0.000000,0.000000,0,0.000000,0.000000,0.000000,0.000000,0.000000,0.000000,0.000000,1.000000
1601385848,2020-09-29 13:24:08,0.000000,0.000000,0.000000,0.000000,0.000000,0.000000,0.000000,0.000000,0,0.000000,0.000000,0.000000,0.000000,0.000000,0.000000,0.000000,1.000000
1601385849,2020-09-29 13:24:09,0.000000,0.000000,0.000000,0.000000,0.000000,0.000000,0.000000,0.000000,0,0.000000,0.000000,0.000000,0.000000,0.000000,0.000000,0.000000,1.000000
1601385850,2020-09-29 13:24:10,0.000000,0.000000,0.000000,0.000000,0.000000,0.000000,0.000000,0.000000,0,0.000000,0.000000,0.000000,0.000000,0.000000,0.000000,0.000000,1.000000
1601385852,2020-09-29 13:24:12,0.000000,0.000000,0.000000,0.000000,0.000000,0.000000,0.000000,0.000000,0,0.000000,0.000000,0.000000,0.000000,0.000000,0.000000,0.000000,1.000000
1601385853,2020-09-29 13:24:13,0.000000,0.000000,0.000000,0.000000,0.000000,0.000000,0.000000,0.000000,0,0.000000,0.000000,0.000000,0.000000,0.000000,0.000000,0.000000,1.000000
1601385854,2020-09-29 13:24:14,0.000000,0.000000,0.000000,0.000000,0.000000,0.000000,0.000000,0.000000,0,0.000000,0.000000,0.000000,0.000000,0.000000,0.000000,0.000000,1.000000
1601385856,2020-09-29 13:24:16,0.000000,0.000000,0.000000,0.000000,0.000000,0.000000,0.000000,0.000000,0,0.000000,0.000000,0.000000,0.000000,0.000000,0.000000,0.000000,1.000000
1601385857,2020-09-29 13:24:17,0.000000,0.000000,0.000000,0.000000,0.000000,0.000000,0.000000,0.000000,0,0.000000,0.000000,0.000000,0.000000,0.000000,0.000000,0.000000,1.000000
1601385858,2020-09-29 13:24:18,0.000000,0.000000,0.000000,0.000000,0.000000,0.000000,0.000000,0.000000,0,0.000000,0.000000,0.000000,0.000000,0.000000,0.000000,0.000000,1.000000
1601385860,2020-09-29 13:24:20,0.000000,0.000000,0.000000,0.000000,0.000000,0.000000,0.000000,0.000000,0,0.000000,0.000000,0.000000,0.000000,0.000000,0.000000,0.000000,1.000000
1601385861,2020-09-29 13:24:21,0.000000,0.000000,0.000000,0.000000,0.000000,0.000000,0.000000,0.000000,0,0.000000,0.000000,0.000000,0.000000,0.000000,0.000000,0.000000,1.000000
1601385862,2020-09-29 13:24:22,0.000000,0.000000,0.000000,0.000000,0.000000,0.000000,0.000000,0.000000,0,0.000000,0.000000,0.000000,0.000000,0.000000,0.000000,0.000000,1.000000
1601385864,2020-09-29 13:24:24,0.000000,0.000000,0.000000,0.000000,0.000000,0.000000,0.000000,0.000000,0,0.000000,0.000000,0.000000,0.000000,0.000000,0.000000,0.000000,1.000000
1601385865,2020-09-29 13:24:25,0.000000,0.000000,0.000000,0.000000,0.000000,0.000000,0.000000,0.000000,0,0.000000,0.000000,0.000000,0.000000,0.000000,0.000000,0.000000,1.000000
1601385866,2020-09-29 13:24:26,0.000000,0.000000,0.000000,0.000000,0.000000,0.000000,0.000000,0.000000,0,0.000000,0.000000,0.000000,0.000000,0.000000,0.000000,0.000000,1.000000
1601385867,2020-09-29 13:24:27,0.000000,0.000000,0.000000,0.000000,0.000000,0.000000,0.000000,0.000000,0,0.000000,0.000000,0.000000,0.000000,0.000000,0.000000,0.000000,1.000000
1601385869,2020-09-29 13:24:29,0.000000,0.000000,0.000000,0.000000,0.000000,0.000000,0.000000,0.000000,0,0.000000,0.000000,0.000000,0.000000,0.000000,0.000000,0.000000,1.000000
1601385870,2020-09-29 13:24:30,0.000000,0.000000,0.000000,0.000000,0.000000,0.000000,0.000000,0.000000,0,0.000000,0.000000,0.000000,0.000000,0.000000,0.000000,0.000000,1.000000
1601385871,2020-09-29 13:24:31,0.000000,0.000000,0.000000,0.000000,0.000000,0.000000,0.000000,0.000000,0,0.000000,0.000000,0.000000,0.000000,0.000000,0.000000,0.000000,1.000000
1601385873,2020-09-29 13:24:33,0.000000,0.000000,0.000000,0.000000,0.000000,0.000000,0.000000,0.000000,0,0.000000,0.000000,0.000000,0.000000,0.000000,0.000000,0.000000,1.000000
1601385874,2020-09-29 13:24:34,0.000000,0.000000,0.000000,0.000000,0.000000,0.000000,0.000000,0.000000,0,0.000000,0.000000,0.000000,0.000000,0.000000,0.000000,0.000000,1.000000
1601385875,2020-09-29 13:24:35,0.000000,0.000000,0.000000,0.000000,0.000000,0.000000,0.000000,0.000000,0,0.000000,0.000000,0.000000,0.000000,0.000000,0.000000,0.000000,1.000000
1601385877,2020-09-29 13:24:37,0.000000,0.000000,0.000000,0.000000,0.000000,0.000000,0.000000,0.000000,0,0.000000,0.000000,0.000000,0.000000,0.000000,0.000000,0.000000,1.000000
1601385878,2020-09-29 13:24:38,0.000000,0.000000,0.000000,0.000000,0.000000,0.000000,0.000000,0.000000,0,0.000000,0.000000,0.000000,0.000000,0.000000,0.000000,0.000000,1.000000
1601385879,2020-09-29 13:24:39,0.000000,0.000000,0.000000,0.000000,0.000000,0.000000,0.000000,0.000000,0,0.000000,0.000000,0.000000,0.000000,0.000000,0.000000,0.000000,1.000000
1601385881,2020-09-29 13:24:41,0.000000,0.000000,0.000000,0.000000,0.000000,0.000000,0.000000,0.000000,0,51.521264,5.858627,5.000000,0.000000,0.000000,0.000000,0.000000,1.000000
1601385881,2020-09-29 13:24:41,0.000000,0.000000,0.000000,0.000000,0.000000,0.000000,0.000000,0.000000,0,0.000000,0.000000,0.000000,0.000000,0.000000,0.000000,0.000000,1.000000
1601385882,2020-09-29 13:24:42,0.000000,0.000000,0.000000,0.000000,0.000000,0.000000,0.000000,0.000000,0,0.000000,0.000000,0.000000,0.000000,0.000000,0.000000,0.000000,1.000000
1601385883,2020-09-29 13:24:43,0.000000,0.000000,0.000000,0.000000,0.000000,0.000000,0.000000,0.000000,0,0.000000,0.000000,0.000000,0.000000,0.000000,0.000000,0.000000,1.000000
1601385884,2020-09-29 13:24:44,0.000000,0.000000,0.000000,0.000000,0.000000,0.000000,0.000000,0.000000,0,0.000000,0.000000,0.000000,0.000000,0.000000,0.000000,0.000000,1.000000
1601385886,2020-09-29 13:24:46,0.000000,0.000000,0.000000,0.000000,0.000000,0.000000,0.000000,0.000000,0,0.000000,0.000000,0.000000,0.000000,0.000000,0.000000,0.000000,1.000000
1601385887,2020-09-29 13:24:47,0.000000,0.000000,0.000000,0.000000,0.000000,0.000000,0.000000,0.000000,0,0.000000,0.000000,0.000000,0.000000,0.000000,0.000000,0.000000,1.000000
1601385888,2020-09-29 13:24:48,0.000000,0.000000,0.000000,0.000000,0.000000,0.000000,0.000000,0.000000,0,0.000000,0.000000,0.000000,0.000000,0.000000,0.000000,0.000000,1.000000
1601385890,2020-09-29 13:24:50,0.000000,0.000000,0.000000,0.000000,0.000000,0.000000,0.000000,0.000000,0,0.000000,0.000000,0.000000,0.000000,0.000000,0.000000,0.000000,1.000000
1601385891,2020-09-29 13:24:51,0.000000,0.000000,0.000000,0.000000,0.000000,0.000000,0.000000,0.000000,0,0.000000,0.000000,0.000000,0.000000,0.000000,0.000000,0.000000,1.000000
1601385892,2020-09-29 13:24:52,0.000000,0.000000,0.000000,0.000000,0.000000,0.000000,0.000000,0.000000,0,0.000000,0.000000,0.000000,0.000000,0.000000,0.000000,0.000000,1.000000
1601385894,2020-09-29 13:24:54,0.000000,0.000000,0.000000,0.000000,0.000000,0.000000,0.000000,0.000000,0,0.000000,0.000000,0.000000,0.000000,0.000000,0.000000,0.000000,1.000000
1601385895,2020-09-29 13:24:55,0.000000,0.000000,0.000000,0.000000,0.000000,0.000000,0.000000,0.000000,0,0.000000,0.000000,0.000000,0.000000,0.000000,0.000000,0.000000,1.000000
1601385896,2020-09-29 13:24:56,0.000000,0.000000,0.000000,0.000000,0.000000,0.000000,0.000000,0.000000,0,0.000000,0.000000,0.000000,0.000000,0.000000,0.000000,0.000000,1.000000
1601385897,2020-09-29 13:24:57,0.000000,0.000000,0.000000,0.000000,0.000000,0.000000,0.000000,0.000000,0,0.000000,0.000000,0.000000,0.000000,0.000000,0.000000,0.000000,1.000000
1601385899,2020-09-29 13:24:59,0.000000,0.000000,0.000000,0.000000,0.000000,0.000000,0.000000,0.000000,0,0.000000,0.000000,0.000000,0.000000,0.000000,0.000000,0.000000,1.000000
1601385900,2020-09-29 13:25:00,0.000000,0.000000,0.000000,0.000000,0.000000,0.000000,0.000000,0.000000,0,0.000000,0.000000,0.000000,0.000000,0.000000,0.000000,0.000000,1.000000
1601385901,2020-09-29 13:25:01,0.000000,0.000000,0.000000,0.000000,0.000000,0.000000,0.000000,0.000000,0,0.000000,0.000000,0.000000,0.000000,0.000000,0.000000,0.000000,1.000000
1601385903,2020-09-29 13:25:03,0.000000,0.000000,0.000000,0.000000,0.000000,0.000000,0.000000,0.000000,0,0.000000,0.000000,0.000000,0.000000,0.000000,0.000000,0.000000,1.000000
1601385904,2020-09-29 13:25:04,0.000000,0.000000,0.000000,0.000000,0.000000,0.000000,0.000000,0.000000,0,0.000000,0.000000,0.000000,0.000000,0.000000,0.000000,0.000000,1.000000
1601385905,2020-09-29 13:25:05,0.000000,0.000000,0.000000,0.000000,0.000000,0.000000,0.000000,0.000000,0,0.000000,0.000000,0.000000,0.000000,0.000000,0.000000,0.000000,1.000000
1601385907,2020-09-29 13:25:07,0.000000,0.000000,0.000000,0.000000,0.000000,0.000000,0.000000,0.000000,0,0.000000,0.000000,0.000000,0.000000,0.000000,0.000000,0.000000,1.000000
1601385908,2020-09-29 13:25:08,0.000000,0.000000,0.000000,0.000000,0.000000,0.000000,0.000000,0.000000,0,0.000000,0.000000,0.000000,0.000000,0.000000,0.000000,0.000000,1.000000
1601385909,2020-09-29 13:25:09,0.000000,0.000000,0.000000,0.000000,0.000000,0.000000,0.000000,0.000000,0,0.000000,0.000000,0.000000,0.000000,0.000000,0.000000,0.000000,1.000000
1601385910,2020-09-29 13:25:10,0.000000,0.000000,0.000000,0.000000,0.000000,0.000000,0.000000,0.000000,0,0.000000,0.000000,0.000000,0.000000,0.000000,0.000000,0.000000,1.000000
1601385912,2020-09-29 13:25:12,0.000000,0.000000,0.000000,0.000000,0.000000,0.000000,0.000000,0.000000,0,0.000000,0.000000,0.000000,0.000000,0.000000,0.000000,0.000000,1.000000
1601385913,2020-09-29 13:25:13,0.000000,0.000000,0.000000,0.000000,0.000000,0.000000,0.000000,0.000000,0,0.000000,0.000000,0.000000,0.000000,0.000000,0.000000,0.000000,1.000000
1601385914,2020-09-29 13:25:14,0.000000,0.000000,0.000000,0.000000,0.000000,0.000000,0.000000,0.000000,0,0.000000,0.000000,0.000000,0.000000,0.000000,0.000000,0.000000,1.000000
1601385916,2020-09-29 13:25:16,0.000000,0.000000,0.000000,0.000000,0.000000,0.000000,0.000000,0.000000,0,0.000000,0.000000,0.000000,0.000000,0.000000,0.000000,0.000000,1.000000
1601385917,2020-09-29 13:25:17,0.000000,0.000000,0.000000,0.000000,0.000000,0.000000,0.000000,0.000000,0,0.000000,0.000000,0.000000,0.000000,0.000000,0.000000,0.000000,1.000000
1601385918,2020-09-29 13:25:18,0.000000,0.000000,0.000000,0.000000,0.000000,0.000000,0.000000,0.000000,0,0.000000,0.000000,0.000000,0.000000,0.000000,0.000000,0.000000,1.000000
1601385920,2020-09-29 13:25:20,0.000000,0.000000,0.000000,0.000000,0.000000,0.000000,0.000000,0.000000,0,0.000000,0.000000,0.000000,0.000000,0.000000,0.000000,0.000000,1.000000
1601385921,2020-09-29 13:25:21,0.000000,0.000000,0.000000,0.000000,0.000000,0.000000,0.000000,0.000000,0,0.000000,0.000000,0.000000,0.000000,0.000000,0.000000,0.000000,1.000000
1601385922,2020-09-29 13:25:22,0.000000,0.000000,0.000000,0.000000,0.000000,0.000000,0.000000,0.000000,0,0.000000,0.000000,0.000000,0.000000,0.000000,0.000000,0.000000,1.000000
1601385923,2020-09-29 13:25:23,0.000000,0.000000,0.000000,0.000000,0.000000,0.000000,0.000000,0.000000,0,0.000000,0.000000,0.000000,0.000000,0.000000,0.000000,0.000000,1.000000
1601385925,2020-09-29 13:25:25,0.000000,0.000000,0.000000,0.000000,0.000000,0.000000,0.000000,0.000000,0,0.000000,0.000000,0.000000,0.000000,0.000000,0.000000,0.000000,1.000000
1601385926,2020-09-29 13:25:26,0.000000,0.000000,0.000000,0.000000,0.000000,0.000000,0.000000,0.000000,0,0.000000,0.000000,0.000000,0.000000,0.000000,0.000000,0.000000,1.000000
1601385927,2020-09-29 13:25:27,0.000000,0.000000,0.000000,0.000000,0.000000,0.000000,0.000000,0.000000,0,0.000000,0.000000,0.000000,0.000000,0.000000,0.000000,0.000000,1.000000
1601385929,2020-09-29 13:25:29,0.000000,0.000000,0.000000,0.000000,0.000000,0.000000,0.000000,0.000000,0,0.000000,0.000000,0.000000,0.000000,0.000000,0.000000,0.000000,1.000000
1601385930,2020-09-29 13:25:30,0.000000,0.000000,0.000000,0.000000,0.000000,0.000000,0.000000,0.000000,0,0.000000,0.000000,0.000000,0.000000,0.000000,0.000000,0.000000,1.000000
1601385931,2020-09-29 13:25:31,0.000000,0.000000,0.000000,0.000000,0.000000,0.000000,0.000000,0.000000,0,0.000000,0.000000,0.000000,0.000000,0.000000,0.000000,0.000000,1.000000
1601385933,2020-09-29 13:25:33,0.000000,0.000000,0.000000,0.000000,0.000000,0.000000,0.000000,0.000000,0,0.000000,0.000000,0.000000,0.000000,0.000000,0.000000,0.000000,1.000000
1601385934,2020-09-29 13:25:34,0.000000,0.000000,0.000000,0.000000,0.000000,0.000000,0.000000,0.000000,0,0.000000,0.000000,0.000000,0.000000,0.000000,0.000000,0.000000,1.000000
1601385935,2020-09-29 13:25:35,0.000000,0.000000,0.000000,0.000000,0.000000,0.000000,0.000000,0.000000,0,0.000000,0.000000,0.000000,0.000000,0.000000,0.000000,0.000000,1.000000
1601385937,2020-09-29 13:25:37,0.000000,0.000000,0.000000,0.000000,0.000000,0.000000,0.000000,0.000000,0,0.000000,0.000000,0.000000,0.000000,0.000000,0.000000,0.000000,1.000000
1601385938,2020-09-29 13:25:38,0.000000,0.000000,0.000000,0.000000,0.000000,0.000000,0.000000,0.000000,0,0.000000,0.000000,0.000000,0.000000,0.000000,0.000000,0.000000,1.000000
1601385939,2020-09-29 13:25:39,0.000000,0.000000,0.000000,0.000000,0.000000,0.000000,0.000000,0.000000,0,0.000000,0.000000,0.000000,0.000000,0.000000,0.000000,0.000000,1.000000
1601385940,2020-09-29 13:25:40,0.000000,0.000000,0.000000,0.000000,0.000000,0.000000,0.000000,0.000000,0,0.000000,0.000000,0.000000,0.000000,0.000000,0.000000,0.000000,1.000000
1601385941,2020-09-29 13:25:41,0.000000,0.000000,0.000000,0.000000,0.000000,0.000000,0.000000,0.000000,0,51.521264,5.858627,5.000000,0.000000,0.000000,0.000000,0.000000,1.000000
1601385942,2020-09-29 13:25:42,0.000000,0.000000,0.000000,0.000000,0.000000,0.000000,0.000000,0.000000,0,0.000000,0.000000,0.000000,0.000000,0.000000,0.000000,0.000000,1.000000
1601385943,2020-09-29 13:25:43,0.000000,0.000000,0.000000,0.000000,0.000000,0.000000,0.000000,0.000000,0,0.000000,0.000000,0.000000,0.000000,0.000000,0.000000,0.000000,1.000000
1601385944,2020-09-29 13:25:44,0.000000,0.000000,0.000000,0.000000,0.000000,0.000000,0.000000,0.000000,0,0.000000,0.000000,0.000000,0.000000,0.000000,0.000000,0.000000,1.000000
1601385946,2020-09-29 13:25:46,0.000000,0.000000,0.000000,0.000000,0.000000,0.000000,0.000000,0.000000,0,0.000000,0.000000,0.000000,0.000000,0.000000,0.000000,0.000000,1.000000
1601385947,2020-09-29 13:25:47,0.000000,0.000000,0.000000,0.000000,0.000000,0.000000,0.000000,0.000000,0,0.000000,0.000000,0.000000,0.000000,0.000000,0.000000,0.000000,1.000000
1601385948,2020-09-29 13:25:48,0.000000,0.000000,0.000000,0.000000,0.000000,0.000000,0.000000,0.000000,0,0.000000,0.000000,0.000000,0.000000,0.000000,0.000000,0.000000,1.000000
1601385950,2020-09-29 13:25:50,0.000000,0.000000,0.000000,0.000000,0.000000,0.000000,0.000000,0.000000,0,0.000000,0.000000,0.000000,0.000000,0.000000,0.000000,0.000000,1.000000
1601385951,2020-09-29 13:25:51,0.000000,0.000000,0.000000,0.000000,0.000000,0.000000,0.000000,0.000000,0,0.000000,0.000000,0.000000,0.000000,0.000000,0.000000,0.000000,1.000000
1601385952,2020-09-29 13:25:52,0.000000,0.000000,0.000000,0.000000,0.000000,0.000000,0.000000,0.000000,0,0.000000,0.000000,0.000000,0.000000,0.000000,0.000000,0.000000,1.000000
1601385953,2020-09-29 13:25:53,0.000000,0.000000,0.000000,0.000000,0.000000,0.000000,0.000000,0.000000,0,0.000000,0.000000,0.000000,0.000000,0.000000,0.000000,0.000000,1.000000
1601385955,2020-09-29 13:25:55,0.000000,0.000000,0.000000,0.000000,0.000000,0.000000,0.000000,0.000000,0,0.000000,0.000000,0.000000,0.000000,0.000000,0.000000,0.000000,1.000000
1601385956,2020-09-29 13:25:56,0.000000,0.000000,0.000000,0.000000,0.000000,0.000000,0.000000,0.000000,0,0.000000,0.000000,0.000000,0.000000,0.000000,0.000000,0.000000,1.000000
1601385957,2020-09-29 13:25:57,0.000000,0.000000,0.000000,0.000000,0.000000,0.000000,0.000000,0.000000,0,0.000000,0.000000,0.000000,0.000000,0.000000,0.000000,0.000000,1.000000
1601385959,2020-09-29 13:25:59,0.000000,0.000000,0.000000,0.000000,0.000000,0.000000,0.000000,0.000000,0,0.000000,0.000000,0.000000,0.000000,0.000000,0.000000,0.000000,1.000000
1601385960,2020-09-29 13:26:00,0.000000,0.000000,0.000000,0.000000,0.000000,0.000000,0.000000,0.000000,0,0.000000,0.000000,0.000000,0.000000,0.000000,0.000000,0.000000,1.000000
1601385961,2020-09-29 13:26:01,0.000000,0.000000,0.000000,0.000000,0.000000,0.000000,0.000000,0.000000,0,0.000000,0.000000,0.000000,0.000000,0.000000,0.000000,0.000000,1.000000
1601385963,2020-09-29 13:26:03,0.000000,0.000000,0.000000,0.000000,0.000000,0.000000,0.000000,0.000000,0,0.000000,0.000000,0.000000,0.000000,0.000000,0.000000,0.000000,1.000000
1601385964,2020-09-29 13:26:04,0.000000,0.000000,0.000000,0.000000,0.000000,0.000000,0.000000,0.000000,0,0.000000,0.000000,0.000000,0.000000,0.000000,0.000000,0.000000,1.000000
1601385965,2020-09-29 13:26:05,0.000000,0.000000,0.000000,0.000000,0.000000,0.000000,0.000000,0.000000,0,0.000000,0.000000,0.000000,0.000000,0.000000,0.000000,0.000000,1.000000
1601385967,2020-09-29 13:26:07,0.000000,0.000000,0.000000,0.000000,0.000000,0.000000,0.000000,0.000000,0,0.000000,0.000000,0.000000,0.000000,0.000000,0.000000,0.000000,1.000000
1601385968,2020-09-29 13:26:08,0.000000,0.000000,0.000000,0.000000,0.000000,0.000000,0.000000,0.000000,0,0.000000,0.000000,0.000000,0.000000,0.000000,0.000000,0.000000,1.000000
1601385969,2020-09-29 13:26:09,0.000000,0.000000,0.000000,0.000000,0.000000,0.000000,0.000000,0.000000,0,0.000000,0.000000,0.000000,0.000000,0.000000,0.000000,0.000000,1.000000
1601385970,2020-09-29 13:26:10,0.000000,0.000000,0.000000,0.000000,0.000000,0.000000,0.000000,0.000000,0,0.000000,0.000000,0.000000,0.000000,0.000000,0.000000,0.000000,1.000000
1601385972,2020-09-29 13:26:12,0.000000,0.000000,0.000000,0.000000,0.000000,0.000000,0.000000,0.000000,0,0.000000,0.000000,0.000000,0.000000,0.000000,0.000000,0.000000,1.000000
1601385973,2020-09-29 13:26:13,0.000000,0.000000,0.000000,0.000000,0.000000,0.000000,0.000000,0.000000,0,0.000000,0.000000,0.000000,0.000000,0.000000,0.000000,0.000000,1.000000
1601385974,2020-09-29 13:26:14,0.000000,0.000000,0.000000,0.000000,0.000000,0.000000,0.000000,0.000000,0,0.000000,0.000000,0.000000,0.000000,0.000000,0.000000,0.000000,1.000000
1601385976,2020-09-29 13:26:16,0.000000,0.000000,0.000000,0.000000,0.000000,0.000000,0.000000,0.000000,0,0.000000,0.000000,0.000000,0.000000,0.000000,0.000000,0.000000,1.000000
1601385977,2020-09-29 13:26:17,0.000000,0.000000,0.000000,0.000000,0.000000,0.000000,0.000000,0.000000,0,0.000000,0.000000,0.000000,0.000000,0.000000,0.000000,0.000000,1.000000
1601385978,2020-09-29 13:26:18,0.000000,0.000000,0.000000,0.000000,0.000000,0.000000,0.000000,0.000000,0,0.000000,0.000000,0.000000,0.000000,0.000000,0.000000,0.000000,1.000000
1601385980,2020-09-29 13:26:20,0.000000,0.000000,0.000000,0.000000,0.000000,0.000000,0.000000,0.000000,0,0.000000,0.000000,0.000000,0.000000,0.000000,0.000000,0.000000,1.000000
1601385981,2020-09-29 13:26:21,0.000000,0.000000,0.000000,0.000000,0.000000,0.000000,0.000000,0.000000,0,0.000000,0.000000,0.000000,0.000000,0.000000,0.000000,0.000000,1.000000
1601385982,2020-09-29 13:26:22,0.000000,0.000000,0.000000,0.000000,0.000000,0.000000,0.000000,0.000000,0,0.000000,0.000000,0.000000,0.000000,0.000000,0.000000,0.000000,1.000000
1601385983,2020-09-29 13:26:23,0.000000,0.000000,0.000000,0.000000,0.000000,0.000000,0.000000,0.000000,0,0.000000,0.000000,0.000000,0.000000,0.000000,0.000000,0.000000,1.000000
1601385985,2020-09-29 13:26:25,0.000000,0.000000,0.000000,0.000000,0.000000,0.000000,0.000000,0.000000,0,0.000000,0.000000,0.000000,0.000000,0.000000,0.000000,0.000000,1.000000
1601385986,2020-09-29 13:26:26,0.000000,0.000000,0.000000,0.000000,0.000000,0.000000,0.000000,0.000000,0,0.000000,0.000000,0.000000,0.000000,0.000000,0.000000,0.000000,1.000000
1601385987,2020-09-29 13:26:27,0.000000,0.000000,0.000000,0.000000,0.000000,0.000000,0.000000,0.000000,0,0.000000,0.000000,0.000000,0.000000,0.000000,0.000000,0.000000,1.000000
1601385989,2020-09-29 13:26:29,0.000000,0.000000,0.000000,0.000000,0.000000,0.000000,0.000000,0.000000,0,0.000000,0.000000,0.000000,0.000000,0.000000,0.000000,0.000000,1.000000
1601385990,2020-09-29 13:26:30,0.000000,0.000000,0.000000,0.000000,0.000000,0.000000,0.000000,0.000000,0,0.000000,0.000000,0.000000,0.000000,0.000000,0.000000,0.000000,1.000000
1601385991,2020-09-29 13:26:31,0.000000,0.000000,0.000000,0.000000,0.000000,0.000000,0.000000,0.000000,0,0.000000,0.000000,0.000000,0.000000,0.000000,0.000000,0.000000,1.000000
1601385993,2020-09-29 13:26:33,0.000000,0.000000,0.000000,0.000000,0.000000,0.000000,0.000000,0.000000,0,0.000000,0.000000,0.000000,0.000000,0.000000,0.000000,0.000000,1.000000
1601385994,2020-09-29 13:26:34,0.000000,0.000000,0.000000,0.000000,0.000000,0.000000,0.000000,0.000000,0,0.000000,0.000000,0.000000,0.000000,0.000000,0.000000,0.000000,1.000000
1601385995,2020-09-29 13:26:35,0.000000,0.000000,0.000000,0.000000,0.000000,0.000000,0.000000,0.000000,0,0.000000,0.000000,0.000000,0.000000,0.000000,0.000000,0.000000,1.000000
1601385996,2020-09-29 13:26:36,0.000000,0.000000,0.000000,0.000000,0.000000,0.000000,0.000000,0.000000,0,0.000000,0.000000,0.000000,0.000000,0.000000,0.000000,0.000000,1.000000
1601385998,2020-09-29 13:26:38,0.000000,0.000000,0.000000,0.000000,0.000000,0.000000,0.000000,0.000000,0,0.000000,0.000000,0.000000,0.000000,0.000000,0.000000,0.000000,1.000000
1601385999,2020-09-29 13:26:39,0.000000,0.000000,0.000000,0.000000,0.000000,0.000000,0.000000,0.000000,0,0.000000,0.000000,0.000000,0.000000,0.000000,0.000000,0.000000,1.000000
1601386000,2020-09-29 13:26:40,0.000000,0.000000,0.000000,0.000000,0.000000,0.000000,0.000000,0.000000,0,0.000000,0.000000,0.000000,0.000000,0.000000,0.000000,0.000000,1.000000
1601386001,2020-09-29 13:26:41,0.000000,0.000000,0.000000,0.000000,0.000000,0.000000,0.000000,0.000000,0,51.521264,5.858627,5.000000,0.000000,0.000000,0.000000,0.000000,1.000000
1601386002,2020-09-29 13:26:42,0.000000,0.000000,0.000000,0.000000,0.000000,0.000000,0.000000,0.000000,0,0.000000,0.000000,0.000000,0.000000,0.000000,0.000000,0.000000,1.000000
1601386003,2020-09-29 13:26:43,0.000000,0.000000,0.000000,0.000000,0.000000,0.000000,0.000000,0.000000,0,0.000000,0.000000,0.000000,0.000000,0.000000,0.000000,0.000000,1.000000
1601386004,2020-09-29 13:26:44,0.000000,0.000000,0.000000,0.000000,0.000000,0.000000,0.000000,0.000000,0,0.000000,0.000000,0.000000,0.000000,0.000000,0.000000,0.000000,1.000000
1601386006,2020-09-29 13:26:46,0.000000,0.000000,0.000000,0.000000,0.000000,0.000000,0.000000,0.000000,0,0.000000,0.000000,0.000000,0.000000,0.000000,0.000000,0.000000,1.000000
1601386007,2020-09-29 13:26:47,0.000000,0.000000,0.000000,0.000000,0.000000,0.000000,0.000000,0.000000,0,0.000000,0.000000,0.000000,0.000000,0.000000,0.000000,0.000000,1.000000
1601386008,2020-09-29 13:26:48,0.000000,0.000000,0.000000,0.000000,0.000000,0.000000,0.000000,0.000000,0,0.000000,0.000000,0.000000,0.000000,0.000000,0.000000,0.000000,1.000000
1601386010,2020-09-29 13:26:50,0.000000,0.000000,0.000000,0.000000,0.000000,0.000000,0.000000,0.000000,0,0.000000,0.000000,0.000000,0.000000,0.000000,0.000000,0.000000,1.000000
1601386011,2020-09-29 13:26:51,0.000000,0.000000,0.000000,0.000000,0.000000,0.000000,0.000000,0.000000,0,0.000000,0.000000,0.000000,0.000000,0.000000,0.000000,0.000000,1.000000
1601386012,2020-09-29 13:26:52,0.000000,0.000000,0.000000,0.000000,0.000000,0.000000,0.000000,0.000000,0,0.000000,0.000000,0.000000,0.000000,0.000000,0.000000,0.000000,1.000000
1601386013,2020-09-29 13:26:53,0.000000,0.000000,0.000000,0.000000,0.000000,0.000000,0.000000,0.000000,0,0.000000,0.000000,0.000000,0.000000,0.000000,0.000000,0.000000,1.000000
1601386015,2020-09-29 13:26:55,0.000000,0.000000,0.000000,0.000000,0.000000,0.000000,0.000000,0.000000,0,0.000000,0.000000,0.000000,0.000000,0.000000,0.000000,0.000000,1.000000
1601386016,2020-09-29 13:26:56,0.000000,0.000000,0.000000,0.000000,0.000000,0.000000,0.000000,0.000000,0,0.000000,0.000000,0.000000,0.000000,0.000000,0.000000,0.000000,1.000000
1601386017,2020-09-29 13:26:57,0.000000,0.000000,0.000000,0.000000,0.000000,0.000000,0.000000,0.000000,0,0.000000,0.000000,0.000000,0.000000,0.000000,0.000000,0.000000,1.000000
1601386019,2020-09-29 13:26:59,0.000000,0.000000,0.000000,0.000000,0.000000,0.000000,0.000000,0.000000,0,0.000000,0.000000,0.000000,0.000000,0.000000,0.000000,0.000000,1.000000
1601386020,2020-09-29 13:27:00,0.000000,0.000000,0.000000,0.000000,0.000000,0.000000,0.000000,0.000000,0,0.000000,0.000000,0.000000,0.000000,0.000000,0.000000,0.000000,1.000000
1601386021,2020-09-29 13:27:01,0.000000,0.000000,0.000000,0.000000,0.000000,0.000000,0.000000,0.000000,0,0.000000,0.000000,0.000000,0.000000,0.000000,0.000000,0.000000,1.000000
1601386023,2020-09-29 13:27:03,0.000000,0.000000,0.000000,0.000000,0.000000,0.000000,0.000000,0.000000,0,0.000000,0.000000,0.000000,0.000000,0.000000,0.000000,0.000000,1.000000
1601386024,2020-09-29 13:27:04,0.000000,0.000000,0.000000,0.000000,0.000000,0.000000,0.000000,0.000000,0,0.000000,0.000000,0.000000,0.000000,0.000000,0.000000,0.000000,1.000000
1601386025,2020-09-29 13:27:05,51.519494,5.858188,24.185982,102.806358,0.000000,0.116289,0.801949,0.840868,1,0.000000,0.000000,0.000000,0.000000,0.000000,1.000000,0.000000,0.000000
1601386026,2020-09-29 13:27:06,51.519494,5.858188,24.185982,102.806358,0.000000,0.116289,0.801949,0.840868,1,0.000000,0.000000,0.000000,0.000000,0.000000,1.000000,0.000000,0.000000
1601386028,2020-09-29 13:27:08,51.519491,5.858169,24.221316,249.097473,0.000000,0.381086,0.615402,0.857451,1,0.000000,0.000000,0.000000,0.000000,0.000000,1.000000,0.000000,0.000000
1601386029,2020-09-29 13:27:09,51.519491,5.858169,24.221316,249.097473,0.000000,0.381086,0.615402,0.857451,1,0.000000,0.000000,0.000000,0.000000,0.000000,1.000000,0.000000,0.000000
1601386030,2020-09-29 13:27:10,51.519491,5.858169,24.221316,249.097473,0.000000,0.381086,0.615402,0.857451,1,0.000000,0.000000,0.000000,0.000000,0.000000,1.000000,0.000000,0.000000
1601386032,2020-09-29 13:27:12,51.519491,5.858169,24.221316,249.097473,0.000000,0.381086,0.615402,0.857451,1,0.000000,0.000000,0.000000,0.000000,0.000000,1.000000,0.000000,0.000000
