,ArcusTracksTrackPosition_Latitude,ArcusTracksTrackPosition_Longitude,ArcusTracksTrackPosition_Latitude,ArcusSystemStatusSensorPosition_Latitude,ArcusSystemStatusSensorPosition_Longitude,ArcusSystemStatusSensorPosition_Altitude,ArcusSystemStatusSensorStatusOrientetation_Azimuth,ArcusSystemStatusSensorStatusOrientetation_Elevation,ArcusSystemStatusSensorStatusBlankSector_Angle,ArcusSystemStatusSensorStatusBlankSector_Span,ArcusSystemStatusSensorStatusProcessing_Sensitivity,ArcusPotentialDronPlot_id,ArcusPotentialDronPlot_rcs,ArcusPotentiaDronPlotPlotPosition_altitude,ArcusPotentialDronPlotsPlotPosition_latitude,ArcusPotentialDronPlotsPlotPosition_longitude,LABEL,datetime(utc)
0,51.521331,5.869293,51.521331,0.000000,0.000000,0.000000,0.000000,0.000000,0.000000,0.000000,0.000000,0.000000,0.000000,0.000000,0.000000,0.000000,0,2020-09-29 13:43:52
1,51.521332,5.869275,51.521332,0.348118,0.039666,0.209459,-1.052545,0.000000,0.022406,0.000000,0.675676,0.000000,0.000000,0.000000,0.000000,0.000000,0,2020-09-29 13:43:56
2,51.521189,5.868869,51.521189,0.000000,0.000000,0.000000,0.000000,0.000000,0.000000,0.000000,0.000000,3256.733333,-0.197013,281.134853,-0.429395,11.409856,0,2020-09-29 13:44:00
3,51.521447,5.869238,51.521447,0.306675,0.034944,0.184524,-0.927242,0.000000,0.019739,0.000000,0.595238,0.000000,0.000000,0.000000,0.000000,0.000000,0,2020-09-29 13:44:05
4,51.521530,5.869286,51.521530,0.000000,0.000000,0.000000,0.000000,0.000000,0.000000,0.000000,0.000000,0.000000,0.000000,0.000000,0.000000,0.000000,0,2020-09-29 13:44:09
5,51.521579,5.869547,51.521579,0.000000,0.000000,0.000000,0.000000,0.000000,0.000000,0.000000,0.000000,0.000000,0.000000,0.000000,0.000000,0.000000,0,2020-09-29 13:44:13
6,51.521268,5.868757,51.521268,0.000000,0.000000,0.000000,0.000000,0.000000,0.000000,0.000000,0.000000,4707.985816,0.044078,348.229381,0.547426,8.333741,0,2020-09-29 13:44:18
7,51.521328,5.869121,51.521328,0.000000,0.000000,0.000000,0.000000,0.000000,0.000000,0.000000,0.000000,303.544776,-0.087967,4.835853,0.005968,-0.734657,0,2020-09-29 13:44:22
8,51.520748,5.868111,51.520748,0.258902,0.029500,0.155779,-0.782798,0.000000,0.016664,0.000000,0.502513,11553.386935,-1.777202,544.483238,1.280234,22.789372,1,2020-09-29 13:44:26
9,51.521077,5.869548,51.521077,0.000000,0.000000,0.000000,0.000000,0.000000,0.000000,0.000000,0.000000,1024.236686,-0.304869,43.073522,-0.092901,1.510000,0,2020-09-29 13:44:31
10,51.521193,5.869421,51.521193,0.310370,0.035365,0.186747,-0.938414,0.000000,0.019977,0.000000,0.602410,278.614458,-0.103159,3.041931,0.008162,-0.550548,0,2020-09-29 13:44:35
11,51.521308,5.868925,51.521308,0.000000,0.000000,0.000000,0.000000,0.000000,0.000000,0.000000,0.000000,311.543046,-0.125971,3.063147,0.011904,-0.590129,0,2020-09-29 13:44:39
12,51.521204,5.868366,51.521204,0.000000,0.000000,0.000000,0.000000,0.000000,0.000000,0.000000,0.000000,4371.377246,-0.803448,233.088322,0.377796,7.524582,0,2020-09-29 13:44:43
13,51.521055,5.868379,51.521055,0.000000,0.000000,0.000000,0.000000,0.000000,0.000000,0.000000,0.000000,6416.932584,-2.354653,201.396858,1.477069,3.851703,0,2020-09-29 13:44:48
14,51.521324,5.868887,51.521324,0.000000,0.000000,0.000000,0.000000,0.000000,0.000000,0.000000,0.000000,283.730539,-0.128435,2.011010,0.012169,-0.450281,0,2020-09-29 13:44:52
15,51.520375,5.867226,51.520375,0.190116,0.021663,0.114391,-0.574822,0.000000,0.012237,0.000000,0.369004,21227.774908,-3.687999,934.154483,11.898292,0.748224,1,2020-09-29 13:44:56
16,51.520589,5.867895,51.520589,0.000000,0.000000,0.000000,0.000000,0.000000,0.000000,0.000000,0.000000,17078.583333,-5.252404,493.827695,5.526452,8.385551,1,2020-09-29 13:45:01
17,51.521343,5.869447,51.521343,0.355320,0.040487,0.213793,-1.074322,0.000000,0.022870,0.000000,0.689655,364.793103,-0.114969,2.094177,0.009532,-0.473568,0,2020-09-29 13:45:05
18,51.521229,5.869089,51.521229,0.000000,0.000000,0.000000,0.000000,0.000000,0.000000,0.000000,0.000000,2350.532847,-1.442488,12.525361,0.627309,-1.337522,0,2020-09-29 13:45:09
19,51.521346,5.869365,51.521346,0.429346,0.048921,0.258333,-1.298139,0.000000,0.027634,0.000000,0.833333,424.233333,-0.094530,3.075736,0.011076,-0.671400,0,2020-09-29 13:45:14
20,51.521404,5.869623,51.521404,0.000000,0.000000,0.000000,0.000000,0.000000,0.000000,0.000000,0.000000,973.454545,-0.540755,3.805721,0.004093,0.569194,0,2020-09-29 13:45:18
21,51.520654,5.867801,51.520654,0.000000,0.000000,0.000000,0.000000,0.000000,0.000000,0.000000,0.000000,18842.000000,-1.226521,824.698878,1.662707,28.966185,1,2020-09-29 13:45:22
22,51.521064,5.868514,51.521064,0.352887,0.040209,0.212329,-1.066964,0.000000,0.022713,0.000000,0.684932,9619.136986,-0.818254,496.543661,1.205906,12.325164,0,2020-09-29 13:45:26
23,51.521600,5.869257,51.521600,0.000000,0.000000,0.000000,0.000000,0.000000,0.000000,0.000000,0.000000,0.000000,0.000000,0.000000,0.000000,0.000000,0,2020-09-29 13:45:30
24,51.521457,5.869056,51.521457,0.000000,0.000000,0.000000,0.000000,0.000000,0.000000,0.000000,0.000000,2337.707317,0.003240,124.662949,1.013849,-0.021410,0,2020-09-29 13:45:31
25,51.521136,5.868626,51.521136,0.368011,0.041933,0.221429,-1.112691,0.000000,0.023687,0.000000,0.714286,8547.157143,-4.161101,183.349368,-0.082893,-10.111338,0,2020-09-29 13:45:32
26,51.521577,5.869371,51.521577,0.000000,0.000000,0.000000,0.000000,0.000000,0.000000,0.000000,0.000000,484.815126,-0.159929,4.752711,0.009602,-0.800939,0,2020-09-29 13:45:33
27,51.521599,5.869344,51.521599,0.000000,0.000000,0.000000,0.000000,0.000000,0.000000,0.000000,0.000000,451.361345,-0.111378,4.840952,0.009669,-0.805194,0,2020-09-29 13:45:34
28,51.521460,5.868892,51.521460,0.381641,0.043486,0.229630,-1.153902,0.000000,0.024564,0.000000,0.740741,1994.637037,0.183896,157.472172,0.172542,3.313826,0,2020-09-29 13:45:35
29,51.520492,5.867291,51.520492,0.000000,0.000000,0.000000,0.000000,0.000000,0.000000,0.000000,0.000000,24245.445455,-0.929152,1021.787540,8.193418,22.326096,1,2020-09-29 13:45:36
30,51.521049,5.868190,51.521049,0.000000,0.000000,0.000000,0.000000,0.000000,0.000000,0.000000,0.000000,11940.545455,-1.933607,473.746314,1.606486,-0.820813,1,2020-09-29 13:45:37
31,51.521498,5.868937,51.521498,0.373344,0.042540,0.224638,-1.128817,0.000000,0.024030,0.000000,0.724638,394.492754,-0.074130,4.482026,0.022173,-0.712400,0,2020-09-29 13:45:38
32,51.521521,5.868895,51.521521,0.000000,0.000000,0.000000,0.000000,0.000000,0.000000,0.000000,0.000000,441.255639,-0.082263,4.733779,0.029453,-0.742244,0,2020-09-29 13:45:39
33,51.521318,5.868654,51.521318,0.000000,0.000000,0.000000,0.000000,0.000000,0.000000,0.000000,0.000000,4368.253731,-2.084483,10.795131,-0.109017,9.200273,0,2020-09-29 13:45:40
34,51.521111,5.868199,51.521111,0.348118,0.039666,0.209459,-1.052545,0.000000,0.022406,0.000000,0.675676,7530.594595,-0.714415,487.757110,1.186185,11.484850,0,2020-09-29 13:45:41
35,51.521395,5.868658,51.521395,0.000000,0.000000,0.000000,0.000000,0.000000,0.000000,0.000000,0.000000,2719.930233,-0.233772,85.389835,0.219455,2.521241,0,2020-09-29 13:45:42
36,51.521437,5.868755,51.521437,0.000000,0.000000,0.000000,0.000000,0.000000,0.000000,0.000000,0.000000,470.460317,-0.108431,5.367815,0.009550,-0.791510,0,2020-09-29 13:45:43
37,51.521356,5.868710,51.521356,0.396319,0.045158,0.238462,-1.198282,0.000000,0.025509,0.000000,0.769231,1340.907692,-0.343016,34.391715,-0.015700,1.358310,0,2020-09-29 13:45:44
38,51.521348,5.868774,51.521348,0.000000,0.000000,0.000000,0.000000,0.000000,0.000000,0.000000,0.000000,469.724409,-0.131261,5.522844,0.003658,-0.790409,0,2020-09-29 13:45:45
39,51.521287,5.868750,51.521287,0.000000,0.000000,0.000000,0.000000,0.000000,0.000000,0.000000,0.000000,431.244275,-0.162263,5.653395,0.004108,-0.770933,0,2020-09-29 13:45:48
40,51.521372,5.868908,51.521372,0.000000,0.000000,0.000000,0.000000,0.000000,0.000000,0.000000,0.000000,0.000000,0.000000,0.000000,0.000000,0.000000,0,2020-09-29 13:45:52
41,51.521323,5.869070,51.521323,0.436623,0.049751,0.262712,-1.320142,0.000000,0.028103,0.000000,0.847458,0.000000,0.000000,0.000000,0.000000,0.000000,0,2020-09-29 13:45:56
42,51.521437,5.869043,51.521437,0.000000,0.000000,0.000000,0.000000,0.000000,0.000000,0.000000,0.000000,0.000000,0.000000,0.000000,0.000000,0.000000,0,2020-09-29 13:46:01
43,51.521338,5.868876,51.521338,0.373344,0.042540,0.224638,-1.128817,0.000000,0.024030,0.000000,0.724638,1302.311594,0.006033,62.678725,0.096380,1.945072,0,2020-09-29 13:46:05
44,51.521357,5.868879,51.521357,0.000000,0.000000,0.000000,0.000000,0.000000,0.000000,0.000000,0.000000,490.477273,0.082507,35.471384,0.274251,0.030101,0,2020-09-29 13:46:09
45,51.521281,5.868989,51.521281,0.360290,0.041053,0.216783,-1.089348,0.000000,0.023190,0.000000,0.699301,0.000000,0.000000,0.000000,0.000000,0.000000,0,2020-09-29 13:46:14
46,51.520661,5.867792,51.520661,0.000000,0.000000,0.000000,0.000000,0.000000,0.000000,0.000000,0.000000,18137.942857,-0.820017,760.916543,3.682149,14.529156,1,2020-09-29 13:46:18
47,51.521282,5.868979,51.521282,0.000000,0.000000,0.000000,0.000000,0.000000,0.000000,0.000000,0.000000,0.000000,0.000000,0.000000,0.000000,0.000000,0,2020-09-29 13:46:22
48,51.521004,5.868433,51.521004,0.000000,0.000000,0.000000,0.000000,0.000000,0.000000,0.000000,0.000000,9354.810056,-0.388333,428.886182,0.679878,13.071542,0,2020-09-29 13:46:27
49,51.520922,5.868354,51.520922,0.000000,0.000000,0.000000,0.000000,0.000000,0.000000,0.000000,0.000000,13209.984043,-0.007439,781.687320,-0.867353,23.503970,1,2020-09-29 13:46:31
50,51.520853,5.868219,51.520853,0.272600,0.031061,0.164021,-0.824215,0.000000,0.017546,0.000000,0.529101,14207.550265,-0.463506,683.147756,0.938383,19.950329,1,2020-09-29 13:46:35
51,51.521255,5.868536,51.521255,0.000000,0.000000,0.000000,0.000000,0.000000,0.000000,0.000000,0.000000,3707.883117,0.127961,145.206121,1.122624,-0.511232,0,2020-09-29 13:46:39
52,51.520274,5.866889,51.520274,0.193690,0.022070,0.116541,-0.585627,0.000000,0.012467,0.000000,0.375940,31926.454887,-5.006442,880.979772,5.771510,19.580281,1,2020-09-29 13:46:44
53,51.521048,5.868045,51.521048,0.000000,0.000000,0.000000,0.000000,0.000000,0.000000,0.000000,0.000000,9801.152439,0.196432,568.580438,-0.686776,20.263831,0,2020-09-29 13:46:48
54,51.520547,5.868751,51.520547,0.000000,0.000000,0.000000,0.000000,0.000000,0.000000,0.000000,0.000000,10928.980392,0.244451,625.407897,-0.780316,24.407839,0,2020-09-29 13:46:52
55,51.520860,5.869293,51.520860,0.000000,0.000000,0.000000,0.000000,0.000000,0.000000,0.000000,0.000000,0.000000,0.000000,0.000000,0.000000,0.000000,0,2020-09-29 13:46:57
56,51.520660,5.869405,51.520660,0.000000,0.000000,0.000000,0.000000,0.000000,0.000000,0.000000,0.000000,1317.861446,0.152484,58.361507,-0.063523,1.343597,0,2020-09-29 13:47:01
57,51.521118,5.868648,51.521118,0.408901,0.046592,0.246032,-1.236323,0.000000,0.026318,0.000000,0.793651,1145.738095,-0.275806,5.967038,0.305505,1.652437,0,2020-09-29 13:47:05
58,51.521317,5.869098,51.521317,0.000000,0.000000,0.000000,0.000000,0.000000,0.000000,0.000000,0.000000,0.000000,0.000000,0.000000,0.000000,0.000000,0,2020-09-29 13:47:10
59,51.520622,5.867663,51.520622,0.316083,0.036016,0.190184,-0.955685,0.000000,0.020344,0.000000,0.613497,20765.092025,-0.704502,877.460030,4.936501,9.158275,1,2020-09-29 13:47:14
60,51.521350,5.868907,51.521350,0.000000,0.000000,0.000000,0.000000,0.000000,0.000000,0.000000,0.000000,0.000000,0.000000,0.000000,0.000000,0.000000,0,2020-09-29 13:47:18
61,51.521202,5.868823,51.521202,0.000000,0.000000,0.000000,0.000000,0.000000,0.000000,0.000000,0.000000,4927.344828,0.125604,267.334397,-0.326118,9.752143,0,2020-09-29 13:47:22
62,51.520073,5.868623,51.520073,0.000000,0.000000,0.000000,0.000000,0.000000,0.000000,0.000000,0.000000,22036.795082,-0.894860,1017.835329,-1.505580,48.207617,1,2020-09-29 13:47:27
63,51.520336,5.870226,51.520336,0.000000,0.000000,0.000000,0.000000,0.000000,0.000000,0.000000,0.000000,0.000000,0.000000,0.000000,0.000000,0.000000,0,2020-09-29 13:47:31
64,51.520230,5.869714,51.520230,0.251324,0.028637,0.151220,-0.759886,0.000000,0.016176,0.000000,0.487805,7390.341463,-0.150188,292.365193,0.267116,10.334112,0,2020-09-29 13:47:35
65,51.520621,5.869726,51.520621,0.000000,0.000000,0.000000,0.000000,0.000000,0.000000,0.000000,0.000000,2024.641509,-0.160035,65.702528,0.662023,-0.098156,0,2020-09-29 13:47:40
66,51.520803,5.869804,51.520803,0.348118,0.039666,0.209459,-1.052545,0.000000,0.022406,0.000000,0.675676,587.628378,-0.227589,0.066543,-0.037094,1.090575,0,2020-09-29 13:47:44
67,51.521328,5.869044,51.521328,0.000000,0.000000,0.000000,0.000000,0.000000,0.000000,0.000000,0.000000,672.147541,-0.596606,0.038022,-0.016174,-0.820014,0,2020-09-29 13:47:48
68,51.520747,5.867537,51.520747,0.000000,0.000000,0.000000,0.000000,0.000000,0.000000,0.000000,0.000000,21101.116162,-1.378932,811.465217,-1.241923,41.534068,1,2020-09-29 13:47:52
69,51.520974,5.868784,51.520974,0.000000,0.000000,0.000000,0.000000,0.000000,0.000000,0.000000,0.000000,847.427230,-0.340050,4.945930,0.186817,-0.826300,0,2020-09-29 13:47:57
70,51.521010,5.868769,51.521010,0.000000,0.000000,0.000000,0.000000,0.000000,0.000000,0.000000,0.000000,0.000000,0.000000,0.000000,0.000000,0.000000,0,2020-09-29 13:48:01
71,51.520634,5.867572,51.520634,0.188035,0.021425,0.113139,-0.568528,0.000000,0.012103,0.000000,0.364964,21105.076642,-1.328322,599.506430,3.592360,17.041884,1,2020-09-29 13:48:05
72,51.520690,5.867418,51.520690,0.000000,0.000000,0.000000,0.000000,0.000000,0.000000,0.000000,0.000000,23423.256303,-4.189766,411.034935,5.316741,-15.775835,1,2020-09-29 13:48:10
73,51.521358,5.868520,51.521358,0.322009,0.036691,0.193750,-0.973604,0.000000,0.020726,0.000000,0.625000,560.431250,-0.371571,0.023404,0.119561,-0.545830,0,2020-09-29 13:48:14
74,51.520920,5.869117,51.520920,0.000000,0.000000,0.000000,0.000000,0.000000,0.000000,0.000000,0.000000,931.364103,-0.401186,3.393623,-0.003479,-0.952110,0,2020-09-29 13:48:18
75,51.520759,5.869165,51.520759,0.233129,0.026564,0.140271,-0.704872,0.000000,0.015005,0.000000,0.452489,3346.714932,0.025817,138.232403,-0.165974,3.677534,0,2020-09-29 13:48:23
76,51.520801,5.869283,51.520801,0.000000,0.000000,0.000000,0.000000,0.000000,0.000000,0.000000,0.000000,442.163462,-0.061018,2.790717,0.005922,-0.463433,0,2020-09-29 13:48:24
77,51.520810,5.869355,51.520810,0.000000,0.000000,0.000000,0.000000,0.000000,0.000000,0.000000,0.000000,468.710145,-0.048295,2.742220,0.008665,-0.461799,0,2020-09-29 13:48:25
78,51.520248,5.867833,51.520248,0.174649,0.019900,0.105085,-0.528057,0.000000,0.011241,0.000000,0.338983,31303.291525,0.709193,943.855956,1.576306,31.819614,1,2020-09-29 13:48:26
79,51.521247,5.868714,51.521247,0.000000,0.000000,0.000000,0.000000,0.000000,0.000000,0.000000,0.000000,605.844720,-0.170877,4.439158,0.007478,-0.618178,0,2020-09-29 13:48:27
80,51.520981,5.868341,51.520981,0.000000,0.000000,0.000000,0.000000,0.000000,0.000000,0.000000,0.000000,11823.895604,0.160352,408.778217,0.598581,13.535235,1,2020-09-29 13:48:28
81,51.520999,5.868416,51.520999,0.286230,0.032614,0.172222,-0.865426,0.000000,0.018423,0.000000,0.555556,9387.133333,-0.626148,288.216570,0.593784,7.578946,0,2020-09-29 13:48:29
82,51.521192,5.868944,51.521192,0.000000,0.000000,0.000000,0.000000,0.000000,0.000000,0.000000,0.000000,575.506173,-0.115608,3.110906,0.024358,-0.572152,0,2020-09-29 13:48:30
83,51.521117,5.868725,51.521117,0.000000,0.000000,0.000000,0.000000,0.000000,0.000000,0.000000,0.000000,4595.975758,-0.666394,103.863139,0.180422,3.531126,0,2020-09-29 13:48:31
84,51.521217,5.868850,51.521217,0.314155,0.035796,0.189024,-0.949858,0.000000,0.020220,0.000000,0.609756,572.792683,-0.100648,2.921457,0.023581,-0.554572,0,2020-09-29 13:48:32
85,51.521254,5.868777,51.521254,0.000000,0.000000,0.000000,0.000000,0.000000,0.000000,0.000000,0.000000,1257.101911,-0.597658,2.993448,-0.003180,-1.044990,0,2020-09-29 13:48:33
86,51.521268,5.868722,51.521268,0.000000,0.000000,0.000000,0.000000,0.000000,0.000000,0.000000,0.000000,592.836478,-0.132429,2.860082,0.023772,-0.565201,0,2020-09-29 13:48:34
87,51.521248,5.868496,51.521248,0.000000,0.000000,0.000000,0.000000,0.000000,0.000000,0.000000,0.000000,1043.644809,-0.150198,7.334845,0.015462,-0.975309,0,2020-09-29 13:48:40
88,51.521167,5.868225,51.521167,0.289446,0.032981,0.174157,-0.875150,0.000000,0.018630,0.000000,0.561798,5033.258427,-0.081384,175.850169,-0.170950,3.940945,0,2020-09-29 13:48:44
89,51.521247,5.868364,51.521247,0.000000,0.000000,0.000000,0.000000,0.000000,0.000000,0.000000,0.000000,607.106250,-0.112513,1.921218,0.028854,-0.439952,0,2020-09-29 13:48:48
90,51.521041,5.868066,51.521041,0.304861,0.034737,0.183432,-0.921756,0.000000,0.019622,0.000000,0.591716,3498.775148,-0.205144,110.568928,0.171548,2.911186,0,2020-09-29 13:48:53
91,51.520502,5.867317,51.520502,0.000000,0.000000,0.000000,0.000000,0.000000,0.000000,0.000000,0.000000,26768.024155,-0.864534,806.814747,1.381711,27.282169,1,2020-09-29 13:48:57
92,51.521051,5.868291,51.521051,0.000000,0.000000,0.000000,0.000000,0.000000,0.000000,0.000000,0.000000,2660.635762,-0.467238,37.499957,0.187033,1.864525,0,2020-09-29 13:49:01
93,51.520331,5.867053,51.520331,0.000000,0.000000,0.000000,0.000000,0.000000,0.000000,0.000000,0.000000,37843.247706,-1.178247,1071.193637,1.817714,41.771534,1,2020-09-29 13:49:06
94,51.521025,5.868239,51.521025,0.000000,0.000000,0.000000,0.000000,0.000000,0.000000,0.000000,0.000000,8500.283784,-0.688199,228.362470,0.431565,8.088939,0,2020-09-29 13:49:10
95,51.521143,5.868482,51.521143,0.384489,0.043810,0.231343,-1.162513,0.000000,0.024747,0.000000,0.746269,5522.925373,-0.193431,151.652304,0.280684,4.610104,0,2020-09-29 13:49:14
96,51.521296,5.868822,51.521296,0.000000,0.000000,0.000000,0.000000,0.000000,0.000000,0.000000,0.000000,2446.511811,-0.006135,39.903317,0.019001,0.102155,0,2020-09-29 13:49:18
97,51.521320,5.868691,51.521320,0.405681,0.046225,0.244094,-1.226588,0.000000,0.026111,0.000000,0.787402,1706.267717,0.056564,6.211214,0.053182,-1.028235,0,2020-09-29 13:49:23
98,51.520867,5.867796,51.520867,0.000000,0.000000,0.000000,0.000000,0.000000,0.000000,0.000000,0.000000,23683.509804,-0.311205,679.919968,2.523519,15.930067,1,2020-09-29 13:49:27
99,51.521193,5.868306,51.521193,0.000000,0.000000,0.000000,0.000000,0.000000,0.000000,0.000000,0.000000,6805.790323,-0.265148,160.650695,0.249285,4.143426,0,2020-09-29 13:49:31
100,51.520741,5.867671,51.520741,0.000000,0.000000,0.000000,0.000000,0.000000,0.000000,0.000000,0.000000,25549.776316,-1.208590,558.651575,1.049144,23.680164,1,2020-09-29 13:49:36
101,51.518955,5.864688,51.518955,0.000000,0.000000,0.000000,0.000000,0.000000,0.000000,0.000000,0.000000,112595.380282,0.946600,3818.393778,-5.057222,120.958059,2,2020-09-29 13:49:40
102,51.521301,5.868262,51.521301,0.205265,0.023389,0.123506,-0.620624,0.000000,0.013212,0.000000,0.398406,427.274900,0.010603,2.307548,0.002289,-0.340642,0,2020-09-29 13:49:44
103,51.521340,5.868213,51.521340,0.000000,0.000000,0.000000,0.000000,0.000000,0.000000,0.000000,0.000000,1676.262774,-0.564261,5.686880,0.333165,-0.856072,0,2020-09-29 13:49:49
104,51.520971,5.867743,51.520971,0.291082,0.033167,0.175141,-0.880094,0.000000,0.018735,0.000000,0.564972,17334.497175,-0.069855,527.961780,0.724421,17.713292,1,2020-09-29 13:49:53
105,51.520978,5.867996,51.520978,0.000000,0.000000,0.000000,0.000000,0.000000,0.000000,0.000000,0.000000,15807.874317,-0.875497,471.583944,-0.736354,13.814183,1,2020-09-29 13:49:57
106,51.521194,5.868552,51.521194,0.000000,0.000000,0.000000,0.000000,0.000000,0.000000,0.000000,0.000000,728.000000,0.078582,2.105440,0.000512,-0.286482,0,2020-09-29 13:50:01
107,51.520769,5.867817,51.520769,0.000000,0.000000,0.000000,0.000000,0.000000,0.000000,0.000000,0.000000,25077.037559,-3.193140,317.077186,1.015913,24.798510,1,2020-09-29 13:50:06
108,51.521234,5.868654,51.521234,0.000000,0.000000,0.000000,0.000000,0.000000,0.000000,0.000000,0.000000,724.248408,0.004540,2.836235,0.000506,-0.462253,0,2020-09-29 13:50:10
109,51.521139,5.869300,51.521139,0.350486,0.039936,0.210884,-1.059705,0.000000,0.022559,0.000000,0.680272,780.448980,0.066624,3.496793,0.003109,-0.549521,0,2020-09-29 13:50:14
110,51.520462,5.870299,51.520462,0.000000,0.000000,0.000000,0.000000,0.000000,0.000000,0.000000,0.000000,0.000000,0.000000,0.000000,0.000000,0.000000,0,2020-09-29 13:50:19
111,51.520238,5.869532,51.520238,0.214673,0.024461,0.129167,-0.649070,0.000000,0.013817,0.000000,0.416667,15533.204167,-1.442892,334.951076,0.581689,16.129775,1,2020-09-29 13:50:23
112,51.520711,5.869729,51.520711,0.000000,0.000000,0.000000,0.000000,0.000000,0.000000,0.000000,0.000000,0.000000,0.000000,0.000000,0.000000,0.000000,0,2020-09-29 13:50:27
113,51.521268,5.868970,51.521268,0.000000,0.000000,0.000000,0.000000,0.000000,0.000000,0.000000,0.000000,0.000000,0.000000,0.000000,0.000000,0.000000,0,2020-09-29 13:50:31
114,51.521390,5.868583,51.521390,0.000000,0.000000,0.000000,0.000000,0.000000,0.000000,0.000000,0.000000,0.000000,0.000000,0.000000,0.000000,0.000000,0,2020-09-29 13:50:36
115,51.521272,5.868584,51.521272,0.000000,0.000000,0.000000,0.000000,0.000000,0.000000,0.000000,0.000000,0.000000,0.000000,0.000000,0.000000,0.000000,0,2020-09-29 13:50:40
116,51.520983,5.868721,51.520983,0.384489,0.043810,0.231343,-1.162513,0.000000,0.024747,0.000000,0.746269,934.283582,-0.012596,1.922704,0.284499,0.970241,0,2020-09-29 13:50:44
117,51.520952,5.868944,51.520952,0.000000,0.000000,0.000000,0.000000,0.000000,0.000000,0.000000,0.000000,0.000000,0.000000,0.000000,0.000000,0.000000,0,2020-09-29 13:50:49
118,51.521116,5.868445,51.521116,0.402511,0.045864,0.242188,-1.217005,0.000000,0.025907,0.000000,0.781250,0.000000,0.000000,0.000000,0.000000,0.000000,0,2020-09-29 13:50:53
119,51.521087,5.868155,51.521087,0.000000,0.000000,0.000000,0.000000,0.000000,0.000000,0.000000,0.000000,6636.395349,-0.007926,200.452226,-0.299941,6.808629,0,2020-09-29 13:50:57
120,51.521258,5.868459,51.521258,0.399391,0.045508,0.240310,-1.207571,0.000000,0.025706,0.000000,0.775194,0.000000,0.000000,0.000000,0.000000,0.000000,0,2020-09-29 13:51:02
121,51.520918,5.868966,51.520918,0.000000,0.000000,0.000000,0.000000,0.000000,0.000000,0.000000,0.000000,4423.251701,0.040675,142.302695,-0.168041,4.237187,0,2020-09-29 13:51:06
122,51.520453,5.868645,51.520453,0.000000,0.000000,0.000000,0.000000,0.000000,0.000000,0.000000,0.000000,21267.035533,-0.019246,612.864765,-0.839543,19.958185,1,2020-09-29 13:51:10
123,51.519830,5.869058,51.519830,0.145131,0.016537,0.087324,-0.438808,0.000000,0.009341,0.000000,0.281690,31592.535211,0.116144,839.087018,-1.210399,29.211446,1,2020-09-29 13:51:14
124,51.519738,5.871007,51.519738,0.000000,0.000000,0.000000,0.000000,0.000000,0.000000,0.000000,0.000000,0.000000,0.000000,0.000000,0.000000,0.000000,0,2020-09-29 13:51:19
125,51.519833,5.870700,51.519833,0.141542,0.016128,0.085165,-0.427958,0.000000,0.009110,0.000000,0.274725,353.634615,0.005655,11.749512,-0.015320,0.332344,0,2020-09-29 13:51:23
126,51.520101,5.869136,51.520101,0.000000,0.000000,0.000000,0.000000,0.000000,0.000000,0.000000,0.000000,20028.439863,0.221723,512.761515,-0.797428,20.794842,1,2020-09-29 13:51:27
127,51.521011,5.868779,51.521011,0.343476,0.039137,0.206667,-1.038511,0.000000,0.022108,0.000000,0.666667,0.000000,0.000000,0.000000,0.000000,0.000000,0,2020-09-29 13:51:32
128,51.521153,5.868753,51.521153,0.000000,0.000000,0.000000,0.000000,0.000000,0.000000,0.000000,0.000000,924.628378,-0.383048,0.061666,-0.032955,0.821472,0,2020-09-29 13:51:36
129,51.521174,5.868754,51.521174,0.000000,0.000000,0.000000,0.000000,0.000000,0.000000,0.000000,0.000000,995.500000,0.029958,29.293084,-0.031883,0.974444,0,2020-09-29 13:51:40
130,51.521405,5.868389,51.521405,0.429346,0.048921,0.258333,-1.298139,0.000000,0.027634,0.000000,0.833333,0.000000,0.000000,0.000000,0.000000,0.000000,0,2020-09-29 13:51:44
131,51.521467,5.868212,51.521467,0.000000,0.000000,0.000000,0.000000,0.000000,0.000000,0.000000,0.000000,0.000000,0.000000,0.000000,0.000000,0.000000,0,2020-09-29 13:51:49
132,51.521419,5.868194,51.521419,0.387379,0.044140,0.233083,-1.171253,0.000000,0.024933,0.000000,0.751880,0.000000,0.000000,0.000000,0.000000,0.000000,0,2020-09-29 13:51:53
133,51.521410,5.868257,51.521410,0.000000,0.000000,0.000000,0.000000,0.000000,0.000000,0.000000,0.000000,0.000000,0.000000,0.000000,0.000000,0.000000,0,2020-09-29 13:51:57
134,51.521289,5.868355,51.521289,0.399391,0.045508,0.240310,-1.207571,0.000000,0.025706,0.000000,0.775194,0.000000,0.000000,0.000000,0.000000,0.000000,0,2020-09-29 13:52:02
135,51.521241,5.868418,51.521241,0.000000,0.000000,0.000000,0.000000,0.000000,0.000000,0.000000,0.000000,0.000000,0.000000,0.000000,0.000000,0.000000,0,2020-09-29 13:52:06
136,51.521351,5.868693,51.521351,0.000000,0.000000,0.000000,0.000000,0.000000,0.000000,0.000000,0.000000,1051.829630,-0.066373,2.409846,0.227166,0.962765,0,2020-09-29 13:52:10
137,51.521368,5.868549,51.521368,0.000000,0.000000,0.000000,0.000000,0.000000,0.000000,0.000000,0.000000,0.000000,0.000000,0.000000,0.000000,0.000000,0,2020-09-29 13:52:15
138,51.521305,5.868830,51.521305,0.000000,0.000000,0.000000,0.000000,0.000000,0.000000,0.000000,0.000000,0.000000,0.000000,0.000000,0.000000,0.000000,0,2020-09-29 13:52:19
139,51.521274,5.868618,51.521274,0.334555,0.038121,0.201299,-1.011537,0.000000,0.021533,0.000000,0.649351,0.000000,0.000000,0.000000,0.000000,0.000000,0,2020-09-29 13:52:23
140,51.521307,5.868645,51.521307,0.000000,0.000000,0.000000,0.000000,0.000000,0.000000,0.000000,0.000000,0.000000,0.000000,0.000000,0.000000,0.000000,0,2020-09-29 13:52:27
141,51.521347,5.868322,51.521347,0.310370,0.035365,0.186747,-0.938414,0.000000,0.019977,0.000000,0.602410,0.000000,0.000000,0.000000,0.000000,0.000000,0,2020-09-29 13:52:32
142,51.521323,5.868231,51.521323,0.000000,0.000000,0.000000,0.000000,0.000000,0.000000,0.000000,0.000000,0.000000,0.000000,0.000000,0.000000,0.000000,0,2020-09-29 13:52:36
143,51.521403,5.868493,51.521403,0.000000,0.000000,0.000000,0.000000,0.000000,0.000000,0.000000,0.000000,0.000000,0.000000,0.000000,0.000000,0.000000,0,2020-09-29 13:52:40
144,51.521320,5.868597,51.521320,0.000000,0.000000,0.000000,0.000000,0.000000,0.000000,0.000000,0.000000,0.000000,0.000000,0.000000,0.000000,0.000000,0,2020-09-29 13:52:45
145,51.521253,5.868615,51.521253,0.000000,0.000000,0.000000,0.000000,0.000000,0.000000,0.000000,0.000000,0.000000,0.000000,0.000000,0.000000,0.000000,0,2020-09-29 13:52:49
146,51.521237,5.868307,51.521237,0.303067,0.034533,0.182353,-0.916334,0.000000,0.019507,0.000000,0.588235,0.000000,0.000000,0.000000,0.000000,0.000000,0,2020-09-29 13:52:53
147,51.521215,5.868682,51.521215,0.000000,0.000000,0.000000,0.000000,0.000000,0.000000,0.000000,0.000000,0.000000,0.000000,0.000000,0.000000,0.000000,0,2020-09-29 13:52:57
148,51.521241,5.868670,51.521241,0.287829,0.032796,0.173184,-0.870261,0.000000,0.018526,0.000000,0.558659,0.000000,0.000000,0.000000,0.000000,0.000000,0,2020-09-29 13:53:02
149,51.521252,5.868869,51.521252,0.000000,0.000000,0.000000,0.000000,0.000000,0.000000,0.000000,0.000000,0.000000,0.000000,0.000000,0.000000,0.000000,0,2020-09-29 13:53:06
150,51.521148,5.868922,51.521148,0.000000,0.000000,0.000000,0.000000,0.000000,0.000000,0.000000,0.000000,0.000000,0.000000,0.000000,0.000000,0.000000,0,2020-09-29 13:53:10
151,51.521207,5.869055,51.521207,0.000000,0.000000,0.000000,0.000000,0.000000,0.000000,0.000000,0.000000,0.000000,0.000000,0.000000,0.000000,0.000000,0,2020-09-29 13:53:15
